<doi_batch xmlns="http://www.crossref.org/schema/4.3.7" xmlns:xsi="http://www.w3.org/2001/XMLSchema-instance" version="4.3.7" xsi:schemaLocation="http://www.crossref.org/schema/4.3.7 http://www.crossref.org/schema/deposit/crossref4.3.7.xsd">
<head>
<doi_batch_id></doi_batch_id>
<timestamp>1639242065.4592092</timestamp>
<depositor>
<depositor_name></depositor_name>
<email_address></email_address>
</depositor>
<registrant>WEB-FORM</registrant>
</head>
<body>
<journal>
<journal_metadata>
<full_title>Journal of Advances in Information Fusion</full_title>
<abbrev_title>JAIF</abbrev_title>
<issn media_type="print">1557-6418</issn>
</journal_metadata>
<journal_issue>
<publication_date media_type="print">
<month>December</month>
<day></day>
<year>2020</year>
</publication_date>
<journal_volume>
<volume>15</volume>
</journal_volume>
<issue>2</issue>
</journal_issue>
<journal_article publication_type="full_text">
<titles>
<title>Heterogeneous and Asynchronous Information Matrix Fusion</title>
</titles>
<contributors>
<person_name sequence="first" contributor_role="author">
<given_name>Kaipei </given_name>
<surname>Yang</surname>
<ORCID></ORCID>
</person_name>
<person_name sequence="first" contributor_role="author">
<given_name>Yaakov </given_name>
<surname>Bar-Shalom</surname>
<ORCID></ORCID>
</person_name>
<person_name sequence="first" contributor_role="author">
<given_name>Kuo-Chu </given_name>
<surname>Chang</surname>
<ORCID></ORCID>
</person_name>
</contributors>
<publication_date media_type="print">
<month>December</month>
<day></day>
<year>2020</year>
</publication_date>
<pages>
<first_page>101</first_page>
<last_page>111</last_page>
</pages>
<citation_list>
<citation key="ref-1">
<unstructured_citation>C. Allig and G.Wanielik “Heterogeneous track-to-track fusion using equivalent measurement and unscented transform,” in Proc. 21st Int. Conf. Inf. Fusion, Cambridge, U.K., Jul. 2018.</unstructured_citation>
</citation>
<citation key="ref-2">
<unstructured_citation>“Track-to-track fusion with asynchronous sensors using information matrix fusion for surround environment perception,” HETEROGENEOUS AND ASYNCHRONOUS INFORMATION MATRIX FUSION 109 IEEE Trans. Intell. Transp. Sys., vol. 13, no. 4, pp. 1717–1726, Dec. 2012.</unstructured_citation>
</citation>
<citation key="ref-3">
<unstructured_citation>Estimation With Applications to Tracking and Navigation: Theory, Algorithms and Software. New York, NY, USA: Wiley, 2001.</unstructured_citation>
</citation>
<citation key="ref-4">
<unstructured_citation>Tracking and Data Fusion: A Handbook of Algorithms. YBS Publishing, USA, 2011.</unstructured_citation>
</citation>
<citation key="ref-5">
<unstructured_citation>“Analytical and computational evaluation of scalable distributed fusion algorithms,” IEEE Trans. Aerosp. Electron. Syst., vol. 46, no. 4, pp. 2022–2034, Oct. 2010.</unstructured_citation>
</citation>
<citation key="ref-6">
<unstructured_citation>“Hierarchical estimation,” in Proc. MIT/ONR Workshop C3, Monterey, CA, USA, 1979.</unstructured_citation>
</citation>
<citation key="ref-7">
<unstructured_citation>“Heterogeneous track-to-track fusion in 3D using IRST sensor and air MTI radar,” IEEE Trans. Aerosp. Electron. Syst., vol. 55, no. 6, pp. 3062–3079, Dec. 2019.</unstructured_citation>
</citation>
<citation key="ref-8">
<unstructured_citation>“Distributed (nonlinear) target tracking in clutter,” IEEE Trans. Aerosp. Electron. Syst., vol. 51, no. 1, pp. 654–668, Apr. 2015.</unstructured_citation>
</citation>
<citation key="ref-9">
<unstructured_citation>“Algorithms for asynchronous track-to-track fusion,” J. Adv. Inf. Fusion, vol. 5, no. 2, pp. 128–138, Dec. 2010.</unstructured_citation>
</citation>
<citation key="ref-10">
<unstructured_citation>G. Chen “A generalized information matrix fusion based heterogeneous track-to-track fusion algorithm,” in Proc. SPIE Conf. Signal Processing, Sensor Fusion, Target Recognition, Orlando, FL, USA,Apr. 2011.</unstructured_citation>
</citation>
<citation key="ref-11">
<unstructured_citation>“Asynchronous and heterogeneous track-to-track fusion with cross-covariance,” J. Adv. Inf. Fusion, vol. 15, no. 1, pp. 39–48, June 2020.</unstructured_citation>
</citation>
<citation key="ref-12">
<unstructured_citation>“Information matrix fusion for nonlinear, asynchronous and heterogeneous systems,” in Proc. 22nd Int. Conf. Inf. Fusion, Ottawa, Canada, Jul. 2019.</unstructured_citation>
</citation>
<citation key="ref-13">
<unstructured_citation>“Heterogeneous track-to-track fusion,” J. Adv. Inf. Fusion, vol. 6, no. 2, pp. 131–149, Dec. 2011.</unstructured_citation>
</citation>
</citation_list>
</journal_article>
</journal>
</body>
</doi_batch>