<doi_batch xmlns="http://www.crossref.org/schema/4.3.7" xmlns:xsi="http://www.w3.org/2001/XMLSchema-instance" version="4.3.7" xsi:schemaLocation="http://www.crossref.org/schema/4.3.7 http://www.crossref.org/schema/deposit/crossref4.3.7.xsd">
<head>
<doi_batch_id></doi_batch_id>
<timestamp>1645534133.4062424</timestamp>
<depositor>
<depositor_name></depositor_name>
<email_address></email_address>
</depositor>
<registrant>WEB-FORM</registrant>
</head>
<body>
<journal>
<journal_metadata>
<full_title>Journal of Advances in Information Fusion</full_title>
<abbrev_title>JAIF</abbrev_title>
<issn media_type="print">1557-6418</issn>
</journal_metadata>
<journal_issue>
<publication_date media_type="print">
<month>December</month>
<day></day>
<year>2006</year>
</publication_date>
<journal_volume>
<volume>1</volume>
</journal_volume>
<issue>2</issue>
</journal_issue>
<journal_article publication_type="full_text">
<titles>
<title>Hierarchical Track Association and Fusion for a Networked Surveillance System</title>
</titles>
<contributors>
<person_name sequence="first" contributor_role="author">
<given_name>J. </given_name>
<surname>Areta</surname>
<ORCID></ORCID>
</person_name>
<person_name sequence="first" contributor_role="author">
<given_name>Y. </given_name>
<surname>Bar-Shalom</surname>
<ORCID></ORCID>
</person_name>
<person_name sequence="first" contributor_role="author">
<given_name>M. </given_name>
<surname>Levedahl</surname>
<ORCID></ORCID>
</person_name>
<person_name sequence="first" contributor_role="author">
<given_name>K. R.</given_name>
<surname>Pattipati</surname>
<ORCID></ORCID>
</person_name>
</contributors>
<publication_date media_type="print">
<month>December</month>
<day></day>
<year>2006</year>
</publication_date>
<pages>
<first_page>140</first_page>
<last_page>157</last_page>
</pages>
<citation_list>
<citation key="ref-1">
<unstructured_citation></unstructured_citation>
</citation>
</citation_list>
</journal_article>
</journal>
</body>
</doi_batch>