<doi_batch xmlns="http://www.crossref.org/schema/4.3.7" xmlns:xsi="http://www.w3.org/2001/XMLSchema-instance" version="4.3.7" xsi:schemaLocation="http://www.crossref.org/schema/4.3.7 http://www.crossref.org/schema/deposit/crossref4.3.7.xsd">
<head>
<doi_batch_id></doi_batch_id>
<timestamp>1639242071.6520894</timestamp>
<depositor>
<depositor_name></depositor_name>
<email_address></email_address>
</depositor>
<registrant>WEB-FORM</registrant>
</head>
<body>
<journal>
<journal_metadata>
<full_title>Journal of Advances in Information Fusion</full_title>
<abbrev_title>JAIF</abbrev_title>
<issn media_type="print">1557-6418</issn>
</journal_metadata>
<journal_issue>
<publication_date media_type="print">
<month>June</month>
<day></day>
<year>2020</year>
</publication_date>
<journal_volume>
<volume>15</volume>
</journal_volume>
<issue>1</issue>
</journal_issue>
<journal_article publication_type="full_text">
<titles>
<title>A Nonparametric Bayesian Compressive Sensing Classification</title>
</titles>
<contributors>
<person_name sequence="first" contributor_role="author">
<given_name>Ruilong </given_name>
<surname>Chen</surname>
<ORCID></ORCID>
</person_name>
<person_name sequence="first" contributor_role="author">
<given_name>Matthew </given_name>
<surname>Hawes</surname>
<ORCID></ORCID>
</person_name>
<person_name sequence="first" contributor_role="author">
<given_name>Lyudmila </given_name>
<surname>Mihaylova</surname>
<ORCID></ORCID>
</person_name>
</contributors>
<publication_date media_type="print">
<month>June</month>
<day></day>
<year>2020</year>
</publication_date>
<pages>
<first_page>57</first_page>
<last_page>70</last_page>
</pages>
<citation_list>
<citation key="ref-1">
<unstructured_citation>Y. Ou, H. Zheng, S. Chen, and J. Chen “Vehicle logo recognition based on a weighted spatial pyramid framework,” in Proc. 17th IEEE Int. Conf. Intell. Transp. Syst., Qingdao, China, Oct. 2014, pp. 1238–1244. A NONPARAMETRIC BAYESIAN COMPRESSIVE SENSING CLASSIFICATION 67</unstructured_citation>
</citation>
<citation key="ref-2">
<unstructured_citation>“An improved vehicle logo recognition method for road surveillance images,” in Proc. 7th Int. Symp. Comput. Intell. Des., Hangzhou, China, Dec. 2014, pp. 373–376.</unstructured_citation>
</citation>
<citation key="ref-3">
<unstructured_citation>“Vehicle logo recognition in traffic images using HOG features and SVM,” in Proc. 16th IEEE Int. Conf. Intell. Transp. Syst., The Hague, Netherlands, Oct. 2013, pp. 2229–2234.</unstructured_citation>
</citation>
<citation key="ref-4">
<unstructured_citation>“Robust traffic scene recognition with a limited descriptor length,” in Proc. CVPR Workshop Vis. Place Recognit. Changing Environ., Boston,MA,USA, Jun. 2015.</unstructured_citation>
</citation>
<citation key="ref-5">
<unstructured_citation>“Vehicle logo recognition by spatial-SIFT combined with logistic regression,” in Proc. IEEE Int. Conf. Inf. Fusion, Heidelberg, Germany, Jul. 2016, pp. 1228–1235.</unstructured_citation>
</citation>
<citation key="ref-6">
<unstructured_citation>“Vehicle logo recognition system based on convolutional neural networks with a pretraining strategy,” IEEE Trans. Intell. Transp. Syst., vol. 16, no. 4, pp. 1951–1960, 2015.</unstructured_citation>
</citation>
<citation key="ref-7">
<unstructured_citation>“Learning capsules for vehicle logo recognition,” in Proc. 21st Int. Conf. Inf. Fusion, Jul. 2018, pp. 565–572.</unstructured_citation>
</citation>
<citation key="ref-8">
<unstructured_citation>“On the use of neighbourhood-based non-parametric classifiers,” Pattern Recognit. Lett., vol. 18, no. 11, pp. 1179–1186, 1997.</unstructured_citation>
</citation>
<citation key="ref-9">
<unstructured_citation>Pattern Recognition and Machine Learning. New York, NY, USA: Springer, 2006.</unstructured_citation>
</citation>
<citation key="ref-10">
<unstructured_citation>Machine Learning: A Probabilistic Perspective. Cambridge, MA,USA:MIT Press, 2012.</unstructured_citation>
</citation>
<citation key="ref-11">
<unstructured_citation>“Vehicle logo recognition using a SIFT-based enhanced matching scheme,” IEEE Trans. Intell. Transp. Syst., vol. 11, no. 2, pp. 322–328, 2010.</unstructured_citation>
</citation>
<citation key="ref-12">
<unstructured_citation>“Recognition of low-resolution logos in vehicle images based on statistical random sparse distribution,” IEEE Trans. Intell. Transp. Syst., vol. 16, no. 2, pp. 681–691, 2015.</unstructured_citation>
</citation>
<citation key="ref-13">
<unstructured_citation>, “What is the nearest neighbor in high dimensional spaces?” in Proc. Int. Conf. Very Large Data Bases, San Francisco, CA, USA, Sept. 2000, pp. 506–515.</unstructured_citation>
</citation>
<citation key="ref-14">
<unstructured_citation>“Robust face recognition via sparse representation,” IEEE Trans. Pattern Anal. Mach. Intell., vol. 31, no. 2, pp. 210–227, 2009.</unstructured_citation>
</citation>
<citation key="ref-15">
<unstructured_citation>“For most large underdetermined systems of linear equations the minimal l1-norm solution is also the sparsest solution,” Commun. Pure Appl.Math., vol. 59, no. 6, pp. 797–829, 2006.</unstructured_citation>
</citation>
<citation key="ref-16">
<unstructured_citation>“Bayesian compressive sensing,” IEEE Trans. Signal Process., vol. 56, no. 6, pp. 2346–2356, 2008.</unstructured_citation>
</citation>
<citation key="ref-17">
<unstructured_citation>“SAR target classification using Bayesian compressive sensing with scattering centers features,” Prog. Electromagn. Res., vol. 136, pp. 385–407, 2013.</unstructured_citation>
</citation>
<citation key="ref-18">
<unstructured_citation>“A fast image reconstruction method based on Bayesian compressed sensing for the undersampled AFM data with noise,” Meas. Sci. Technol., vol. 30, no. 2, p. 025402, Jan. 2019.</unstructured_citation>
</citation>
<citation key="ref-19">
<unstructured_citation>“Bayesian nonparametric dictionary learning for compressed sensing MRI,” IEEE Trans. Image Process., vol. 23, no. 12, pp. 5007–5019, Dec. 2014.</unstructured_citation>
</citation>
<citation key="ref-20">
<unstructured_citation>“Bayesian compressive sensing for phonetic classification,” in Proc. IEEE Int. Conf. Acoust. Speech Signal Process., Dallas, TX, USA,Mar. 2010, pp. 4370–4373.</unstructured_citation>
</citation>
<citation key="ref-21">
<unstructured_citation>“Learning with local and global consistency,” in Proc. Adv. Neural Inf. Process. Syst., Whistler, BC, Canada, Dec. 2003, pp. 321–328.</unstructured_citation>
</citation>
<citation key="ref-22">
<unstructured_citation>“A group testing framework for similarity search in high-dimensional spaces,” in Proc. ACM Int. Conf. Multimedia, New York, NY, USA, Nov. 2014, pp. 407–416.</unstructured_citation>
</citation>
<citation key="ref-23">
<unstructured_citation>“Efficient large-scale similarity search using matrix factorization,” in Proc. IEEE Conf. Comput. Vis. Pattern Recognit., Las Vegas, NV, USA, Jun. 2016, pp. 2073–2081.</unstructured_citation>
</citation>
<citation key="ref-24">
<unstructured_citation>“CUR matrix decompositions for improved data analysis,” Proc. Natl Acad. Sci. USA, vol. 106, no. 3, pp. 697–702, 2009.</unstructured_citation>
</citation>
<citation key="ref-25">
<unstructured_citation>“See all by looking at a few: Sparse modeling for finding representative objects,” in Proc. IEEE Conf. Comput. Vis. Pattern Recognit., Providence, RI, USA, Jun. 2012, pp. 1600–1607.</unstructured_citation>
</citation>
<citation key="ref-26">
<unstructured_citation>“An improved approximation algorithm for the column subset selection problem,” in Proc. Annu. ACMSIAM Symp. Discrete Algorithms, New York, NY,USA, Jan. 2009, pp. 968–977.</unstructured_citation>
</citation>
<citation key="ref-27">
<unstructured_citation>“Distinctive image features from scale-invariant keypoints,” Int. J. Comput. Vis., vol. 60, no. 2, pp. 91–110, 2004.</unstructured_citation>
</citation>
<citation key="ref-28">
<unstructured_citation>“ImageNet classification with deep convolutional neural networks,” in Proc. 25th Int. Conf.Neural Inf. Process. Syst., Lake Tahoe, NV, USA,Dec. 2012, pp. 1097–1105.</unstructured_citation>
</citation>
<citation key="ref-29">
<unstructured_citation>“Bayesian inference and compressed sensing,” Bayesian Inference, J. P. Tejedor, Ed. London, U.K.: IntechOpen, Nov. 2017.</unstructured_citation>
</citation>
<citation key="ref-30">
<unstructured_citation>“On the approximability of minimizing nonzero variables or unsatisfied relations in linear systems,” Theor. Comput. Sci., vol. 209, no. 1, pp. 237–260, 1998.</unstructured_citation>
</citation>
<citation key="ref-31">
<unstructured_citation>“Robust uncertainty principles: Exact signal reconstruction from highly incomplete frequency information,” IEEE Trans. Inf. Theory, vol. 52, no. 2, pp. 489–509, 2006.</unstructured_citation>
</citation>
<citation key="ref-32">
<unstructured_citation>“Atomic decomposition by basis pursuit,” SIAM J. Sci. Comput., vol. 20, no. 1, pp. 33–61, 1998. 68 JOURNAL OF ADVANCES IN INFORMATION FUSION VOL. 15, NO. 1 JUNE 2020</unstructured_citation>
</citation>
<citation key="ref-33">
<unstructured_citation>“Sparse solution of underdetermined systems of linear equations by stagewise orthogonal matching pursuit,” IEEE Trans. Inf. Theory, vol. 58, no. 2, pp. 1094–1121, 2012.</unstructured_citation>
</citation>
<citation key="ref-34">
<unstructured_citation>“Sparse Bayesian learning and the relevance vector machine,” J. Mach. Learn. Res., vol. 1, pp. 211–244, 2001.</unstructured_citation>
</citation>
<citation key="ref-35">
<unstructured_citation>J.M. De Carvalho “Towards the development of intelligent transportation systems,” in Proc. IEEE Intell. Transp. Syst., Oakland, CA, USA,Aug. 2001, pp. 1206–1211.</unstructured_citation>
</citation>
<citation key="ref-36">
<unstructured_citation>“A comparison of moments-based logo recognition methods,” in Proc. Abstr. Appl. Anal., vol. 2014, 2014, pp. 1–8.</unstructured_citation>
</citation>
<citation key="ref-37">
<unstructured_citation>“Atomic scenes for scalable traffic scene recognition in monocular videos,” in Proc. IEEEWinter Conf. Appl. Comput. Vis., Lake Placid, NY, USA,Mar. 2016, pp. 1–9.</unstructured_citation>
</citation>
<citation key="ref-38">
<unstructured_citation>S. J. Russell, and J.Weber “Automatic symbolic traffic scene analysis using belief networks,” Adv. Artif. Intell., vol. 94, 1994, pp. 966–972.</unstructured_citation>
</citation>
<citation key="ref-39">
<unstructured_citation>“Visual categorization with bags of keypoints,” in Proc. Workshop Statist. Learn. Comput. Vis., Prague, Czech Republic, May 2004, pp. 1–22.</unstructured_citation>
</citation>
<citation key="ref-40">
<unstructured_citation>“Action recognition via spatio-temporal local features: A comprehensive study,” Image Vis. Comput., vol. 50, pp. 1–13, 2016.</unstructured_citation>
</citation>
<citation key="ref-41">
<unstructured_citation>“Towards effective image classification using class-specific codebooks and distinctive local features,” IEEE Trans. Multimedia, vol. 17, no. 3, pp. 323–332, 2015.</unstructured_citation>
</citation>
<citation key="ref-42">
<unstructured_citation>“VLFeat: An open and portable library of computer vision algorithms,” in Proc. 18th ACM Conf Int. Multimedia, New York, NY, USA,Oct. 2010, pp. 1469–1472.</unstructured_citation>
</citation>
<citation key="ref-43">
<unstructured_citation>“CVX: Matlab software for disciplined convex programming, version 2.1,” http://cvxr.com/cvx, Mar. 2014.</unstructured_citation>
</citation>
<citation key="ref-44">
<unstructured_citation>“Graph implementations for nonsmooth convex programs,” in Recent Advances in Learning and Control. Vincent D. Blondel, Stephen P. Boyd, and Hidenori Kimura, Eds. London, U.K.: Springer, 2008, pp. 95–110.</unstructured_citation>
</citation>
<citation key="ref-45">
<unstructured_citation>“Image representations on a budget: Traffic scene classification in a restricted bandwidth scenario,” in Proc. IEEE Intell. Veh. Symp., Dearborn, MI, USA, Jun. 2014, pp. 845–852.</unstructured_citation>
</citation>
<citation key="ref-46">
<unstructured_citation>“One pixel attack for fooling deep neural networks,” IEEE Transactions on Evolutionary Computation, vol. 23, no. 5, pp. 828–841, 2019.</unstructured_citation>
</citation>
<citation key="ref-47">
<unstructured_citation>“Learning multiple layers of features from tiny images,” Masters thesis, Dept. Computer Science, Univ. Toronto, 2009.</unstructured_citation>
</citation>
<citation key="ref-48">
<unstructured_citation>“The matrix reference manual,” Imperial College</unstructured_citation>
</citation>
<citation key="ref-49">
<unstructured_citation>http://www.ee.imperial.ac.uk/hp/staff/dmb/matrix/intro.html.</unstructured_citation>
</citation>
<citation key="ref-50">
<unstructured_citation>“Bayesian interpolation,” Neural Comput., vol. 4, no. 3, pp. 415–447, 1992.</unstructured_citation>
</citation>
<citation key="ref-51">
<unstructured_citation>“Relevance vector machines explained,” University</unstructured_citation>
</citation>
<citation key="ref-52">
<unstructured_citation>http://home.mit.bme.hu/horvath/IDA/RVM.pdf.</unstructured_citation>
</citation>
</citation_list>
</journal_article>
</journal>
</body>
</doi_batch>