<doi_batch xmlns="http://www.crossref.org/schema/4.3.7" xmlns:xsi="http://www.w3.org/2001/XMLSchema-instance" version="4.3.7" xsi:schemaLocation="http://www.crossref.org/schema/4.3.7 http://www.crossref.org/schema/deposit/crossref4.3.7.xsd">
<head>
<doi_batch_id></doi_batch_id>
<timestamp>1645533935.1972091</timestamp>
<depositor>
<depositor_name></depositor_name>
<email_address></email_address>
</depositor>
<registrant>WEB-FORM</registrant>
</head>
<body>
<journal>
<journal_metadata>
<full_title>Journal of Advances in Information Fusion</full_title>
<abbrev_title>JAIF</abbrev_title>
<issn media_type="print">1557-6418</issn>
</journal_metadata>
<journal_issue>
<publication_date media_type="print">
<month>June</month>
<day></day>
<year>2020</year>
</publication_date>
<journal_volume>
<volume>15</volume>
</journal_volume>
<issue>1</issue>
</journal_issue>
<journal_article publication_type="full_text">
<titles>
<title>Asynchronous and Heterogeneous Track-to-Track Fusion with Mapped Process Noise and Cross-Covariance</title>
</titles>
<contributors>
<person_name sequence="first" contributor_role="author">
<given_name>Kaipei </given_name>
<surname>Yang</surname>
<ORCID></ORCID>
</person_name>
<person_name sequence="first" contributor_role="author">
<given_name>Yaakov </given_name>
<surname>Bar-Shalom</surname>
<ORCID></ORCID>
</person_name>
<person_name sequence="first" contributor_role="author">
<given_name>Peter </given_name>
<surname>Willett</surname>
<ORCID></ORCID>
</person_name>
</contributors>
<publication_date media_type="print">
<month>June</month>
<day></day>
<year>2020</year>
</publication_date>
<pages>
<first_page>39</first_page>
<last_page>48</last_page>
</pages>
<citation_list>
<citation key="ref-1">
<unstructured_citation>Y. Bar-Shalom, P.Willett, and X. Tian Tracking and Data Fusion. Storrs, CT: YBS Publishing, 2011.</unstructured_citation>
</citation>
<citation key="ref-2">
<unstructured_citation>“On Algorithms for Asynchronous Track-to-Track Fusion,” in Proc. Int. Conf. Inf. Fusion, Edinburgh, UK, July 2010.</unstructured_citation>
</citation>
<citation key="ref-3">
<unstructured_citation>“Heterogeneous Track-to-Track Fusion,” J. Adv. Inf. Fusion, vol. 6, no. 2, pp. 131–149, Dec. 2011.</unstructured_citation>
</citation>
<citation key="ref-4">
<unstructured_citation>“Heterogeneous Track-to-Track Fusion in 3D Using IRST Sensor and Air MTI Radar,” IEEE Trans. on Aerospace Engineering Systems, vol. 55, no. 6, pp. 3062–3079, Dec. 2019</unstructured_citation>
</citation>
<citation key="ref-5">
<unstructured_citation>Estimation with Applications to Tracking and Navigation: Theory, Algorithms and Software. New York:Wiley, 2001.</unstructured_citation>
</citation>
<citation key="ref-6">
<unstructured_citation>“Track-to-Track Fusion with Crosscovariances from Radar and IR/EO Sensor,” in Proc. Int. Conf. Inf. Fusion, Ottawa, Canada, July 2019.</unstructured_citation>
</citation>
<citation key="ref-7">
<unstructured_citation>“Target Tracking Through a Coordinated Turn,” in Proc. IEEE Int. Conf. Acoust., Speech, and Signal Process. (ICASSP ’05), 2005, vol. 4, pp. iv/21–iv/24.</unstructured_citation>
</citation>
</citation_list>
</journal_article>
</journal>
</body>
</doi_batch>