<doi_batch xmlns="http://www.crossref.org/schema/4.3.7" xmlns:xsi="http://www.w3.org/2001/XMLSchema-instance" version="4.3.7" xsi:schemaLocation="http://www.crossref.org/schema/4.3.7 http://www.crossref.org/schema/deposit/crossref4.3.7.xsd">
<head>
<doi_batch_id></doi_batch_id>
<timestamp>1645534023.1431742</timestamp>
<depositor>
<depositor_name></depositor_name>
<email_address></email_address>
</depositor>
<registrant>WEB-FORM</registrant>
</head>
<body>
<journal>
<journal_metadata>
<full_title>Journal of Advances in Information Fusion</full_title>
<abbrev_title>JAIF</abbrev_title>
<issn media_type="print">1557-6418</issn>
</journal_metadata>
<journal_issue>
<publication_date media_type="print">
<month>June</month>
<day></day>
<year>2015</year>
</publication_date>
<journal_volume>
<volume>10</volume>
</journal_volume>
<issue>1</issue>
</journal_issue>
<journal_article publication_type="full_text">
<titles>
<title>Efficient GPU-Accelerated Implementation of Particle and Particle Flow Filters for Target Tracking</title>
</titles>
<contributors>
<person_name sequence="first" contributor_role="author">
<given_name>Vesselin P.</given_name>
<surname>Jilkov</surname>
<ORCID></ORCID>
</person_name>
<person_name sequence="first" contributor_role="author">
<given_name>Jiande </given_name>
<surname>Wu</surname>
<ORCID></ORCID>
</person_name>
</contributors>
<publication_date media_type="print">
<month>June</month>
<day></day>
<year>2015</year>
</publication_date>
<pages>
<first_page>73</first_page>
<last_page>88</last_page>
</pages>
<citation_list>
<citation key="ref-1">
<unstructured_citation>N. Gordon, D. Salmond, and A. Smith “Novel Approach to Nonlinear/Non-Gaussian Bayesian State Estimation,” IEE Proceedings-F., vol. 140, no. 2, pp. 107—113, April 1993.</unstructured_citation>
</citation>
<citation key="ref-2">
<unstructured_citation>Sequential Monte Carlo Methods in Practice, ser. Statistics for Engineering and Information Science. New York: Springer-Verlag, 2001.</unstructured_citation>
</citation>
<citation key="ref-3">
<unstructured_citation>Beyond the Kalman Filter. Particle Filters for Tracking Ap- plications. Artech House, 2004.</unstructured_citation>
</citation>
<citation key="ref-4">
<unstructured_citation>“Distributed Implementations of Particle Filters,” in Proc. 2003 International Conf. on Information Fusion, Cairns, Australia, July 2003, pp. 1164—1171.</unstructured_citation>
</citation>
<citation key="ref-5">
<unstructured_citation>“Parallelisation of the Particle Filtering Technique and Application to Doppler-Bearing Tracking of Maneuvering Sources,” Parallel Computing, vol. 29, no. 8, pp. 1069—1090, 2003.</unstructured_citation>
</citation>
<citation key="ref-6">
<unstructured_citation>“An Optimization-Based Parallel Particle Filter for Multi- target Tracking,” in Proc. 2005 SPIE Conf. on Signal and Data Processing of Small Targets, vol. 5913, San Diego, CA, Aug. 2005.</unstructured_citation>
</citation>
<citation key="ref-7">
<unstructured_citation>“Resampling Algorithms and Architectures for Distributed Particle Filters,” IEEE Trans. Signal Processing, vol. 53, no. 7, pp. 2442— 2450, Jul. 2005.</unstructured_citation>
</citation>
<citation key="ref-8">
<unstructured_citation>“A Graphics Processing Unit Implementation of the Particle Filter,” in Proc. 15th European Signal Processing Conference, 2007.</unstructured_citation>
</citation>
<citation key="ref-9">
<unstructured_citation>“On the Utility of Graphics Cards to Perform Massively Parallel Simulation of Advanced Monte Carlo Methods,” Journal of Computational and Graphical Statistics, vol. 19, no. 4, pp. 769—789, 2010.</unstructured_citation>
</citation>
<citation key="ref-10">
<unstructured_citation>“Particle Filtering: The Need for Speed,” EURASIP Journal on Advances in Signal Processing, no. 181403, 2010.</unstructured_citation>
</citation>
<citation key="ref-11">
<unstructured_citation>“Parallel Particle Filter Implementation on Cluster Com- puter for Satellite Tracking Application,” in Proc. 4th International Conference on Neural, Parallel & Scientific Computations, Atlanta, GA, USA, August 2010, pp. 179—186.</unstructured_citation>
</citation>
<citation key="ref-12">
<unstructured_citation>“Implementation and Performance of a Parallel Multitarget Tracking Particle Filter,” in Proc. 2011 International Conf. on Information Fusion, Chicago, IL, USA, July 2011, pp. 298—305.</unstructured_citation>
</citation>
<citation key="ref-13">
<unstructured_citation>“Parallel Multitarget Tracking Particle Filters using Graph- ics Processing Unit,” in Proc. 44th IEEE Southeastern Symposium on System The- ory, Jacksonville, FL, USA, March 2012, pp. 151—155.</unstructured_citation>
</citation>
<citation key="ref-14">
<unstructured_citation>“Performance Comparison of GPU-Accelerated Particle Flow and Particle Filters,” in Proc. 2013 International Conf. on Information Fusion, Istanbul, Turkey, July 2013.</unstructured_citation>
</citation>
<citation key="ref-15">
<unstructured_citation>“Parallel Computing of Particle Filtering Algorithms for Target Tracking Applications,” Ph.D. dissertation, University of New Orleans, 2014.</unstructured_citation>
</citation>
<citation key="ref-16">
<unstructured_citation>“Nonlinear Filters with Log-Homotopy,” in Proc. 2007 SPIE Conf. on Signal and Data Processing of Small Targets, vol. 6699, no. 669918, 2007.</unstructured_citation>
</citation>
<citation key="ref-17">
<unstructured_citation>“Seventeen Dubious Methods to Approximate the Gradient for Nonlinear Filters with Particle Flow,” in Proc. 2009 SPIE Conf. on Signal and Data Processing of Small Targets, vol. 7445, no. 74450V, 2009. 86 JOURNAL OF ADVANCES IN INFORMATION FUSION VOL. 10, NO. 1 JUNE 2015</unstructured_citation>
</citation>
<citation key="ref-18">
<unstructured_citation>“Numerical Experiments for Nonlinear Filters with Exact Particle Flow Induced by Log-Homotopy,” in Proc. 2010 SPIE Conf. on Signal and Data Processing of Small Targets, vol. 7698, no. 769816, 2010.</unstructured_citation>
</citation>
<citation key="ref-19">
<unstructured_citation>“Exact Particle Flow for Nonlinear Filters,” in Proc. SPIE Conf. on Signal Processing, Sensor Fusion, and Target Recognition XIX, vol. 7697, no. 769704, 2010.</unstructured_citation>
</citation>
<citation key="ref-20">
<unstructured_citation>“Exact Particle Flow For Nonlinear Filters: Seventeen Du- bious Solutions to a First Order Linear Underdetermined PDE,” in Proc. of the 44th Asilomar Conference on Signals, Systems and Computers, November 2010, pp. 64—71.</unstructured_citation>
</citation>
<citation key="ref-21">
<unstructured_citation>“Particle Degeneracy: Root Cause and Solution,” in Proc. SPIE Conf. on Signal Processing, Sensor Fusion, and Target Recognition XX, vol. 8050, no. 80500W, 2011.</unstructured_citation>
</citation>
<citation key="ref-22">
<unstructured_citation>“Hollywood Log-Homotopy: Movies of Particle Flow for Nonlinear Filters,” in Proc. SPIE Conf. on Signal Processing, Sensor Fusion, and Target Recognition XX, vol. 8050, no. 80500X, 2011.</unstructured_citation>
</citation>
<citation key="ref-23">
<unstructured_citation>“A Survey of Maneuvering Target Tracking–Part VIb: Ap- proximate Nonlinear Density Filtering in Discrete Time,” in Proc. 2012 SPIE Conf. on Signal and Data Processing of Small Targets, vol. 8393, Baltimore, MD, USA, Apr. 2012.</unstructured_citation>
</citation>
<citation key="ref-24">
<unstructured_citation>“Signal Processing and General-Purpose Computing and</unstructured_citation>
</citation>
<citation key="ref-25">
<unstructured_citation>IEEE Signal Processing Magazine, vol. 24, no. 3, pp. 109— 114, May 2007.</unstructured_citation>
</citation>
<citation key="ref-26">
<unstructured_citation>“A Survey of Maneuvering Target Tracking–Part VIa: Density-Based Exact Nonlinear Filtering,” in Proc. 2010 SPIE Conf. on Signal and Data Processing of Small Targets, vol. 7698, Orlando, FL, USA, Apr. 2010.</unstructured_citation>
</citation>
<citation key="ref-27">
<unstructured_citation>“A Tutorial on Particle Filters for Online Nonlinear/Non- Gaussian Bayesian Tracking,” IEEE Trans. Signal Processing, vol. 50, no. 2, pp. 174—188, 2002.</unstructured_citation>
</citation>
<citation key="ref-28">
<unstructured_citation>“Recursive Prediction of Stochastic Nonlinear Systems Based on Optimal Dirac Mixture Approximations,” in Proc. American Control Conference, 2007.</unstructured_citation>
</citation>
<citation key="ref-29">
<unstructured_citation>“GENIE: A Software Package for Gene-Gene Interaction Analysis in Genetic Association Studies Using Multiple GPU,” BMC Research Notes, vol. 4:158, 2011.</unstructured_citation>
</citation>
<citation key="ref-30">
<unstructured_citation>CUDA C Programming Best Practices Guide,</unstructured_citation>
</citation>
<citation key="ref-31">
<unstructured_citation></unstructured_citation>
</citation>
<citation key="ref-32">
<unstructured_citation>CUDA CURAND Library,</unstructured_citation>
</citation>
<citation key="ref-33">
<unstructured_citation></unstructured_citation>
</citation>
<citation key="ref-34">
<unstructured_citation>“Data Parallel Algorithms,” Communications of the ACM, vol. 29, no. 12, pp. 1170— 1183, 1986.</unstructured_citation>
</citation>
<citation key="ref-35">
<unstructured_citation>“Tracking Multiple Targets using a Particle Filter Repre- sentation of the Joint Multitarget Probability Density,” in Proc. SPIE: Signal and Data Processing of Small Targets, O. Drummond, Ed., no. 5204, 2003, pp. 258—269.</unstructured_citation>
</citation>
<citation key="ref-36">
<unstructured_citation>“Particle Filtering for Multitarget Detection and Tracking,” in 2005 IEEE Aerospace Conference, March 2005, pp. 2101—2116.</unstructured_citation>
</citation>
<citation key="ref-37">
<unstructured_citation>“Multitarget Tracking Using the Joint Multitarget Probabil- ity Density,” IEEE Trans. Aerospace and Electronic Systems, vol. 41, no. 4, pp. 1396—1414, Oct. 2005.</unstructured_citation>
</citation>
<citation key="ref-38">
<unstructured_citation>“A Study of Factors in Multiple Target Tracking with a Pixelized Sensor,” in Proc. SPIE: Signal and Data Processing of Small Targets, O. Drummond, Ed., vol. 5913, 2005, pp. 155—167.</unstructured_citation>
</citation>
<citation key="ref-39">
<unstructured_citation>“A Bayesian Approach to Multiple Target Detection and Tracking,” IEEE Trans. on Signal Processing, vol. 55, no. 5, pp. 1589— 1604, 2007.</unstructured_citation>
</citation>
<citation key="ref-40">
<unstructured_citation>“An Information-Based Approach to Sensor Management in Large Dynamic Networks,” Proceedings of the IEEE, vol. 95, no. 5, pp. 978—999, May 2007.</unstructured_citation>
</citation>
<citation key="ref-41">
<unstructured_citation>“Mixed Labelling in Multitarget Particle Filtering,” IEEE Trans. on Aerospace and Electronic Systems, vol. 46, no. 2, pp. 792—802, 2010. EFFICIENT GPU-ACCELERATED IMPLEMENTATION OF PARTICLE 87</unstructured_citation>
</citation>
</citation_list>
</journal_article>
</journal>
</body>
</doi_batch>