<doi_batch xmlns="http://www.crossref.org/schema/4.3.7" xmlns:xsi="http://www.w3.org/2001/XMLSchema-instance" version="4.3.7" xsi:schemaLocation="http://www.crossref.org/schema/4.3.7 http://www.crossref.org/schema/deposit/crossref4.3.7.xsd">
<head>
<doi_batch_id></doi_batch_id>
<timestamp>1639242155.3537607</timestamp>
<depositor>
<depositor_name></depositor_name>
<email_address></email_address>
</depositor>
<registrant>WEB-FORM</registrant>
</head>
<body>
<journal>
<journal_metadata>
<full_title>Journal of Advances in Information Fusion</full_title>
<abbrev_title>JAIF</abbrev_title>
<issn media_type="print">1557-6418</issn>
</journal_metadata>
<journal_issue>
<publication_date media_type="print">
<month>June</month>
<day></day>
<year>2015</year>
</publication_date>
<journal_volume>
<volume>10</volume>
</journal_volume>
<issue>1</issue>
</journal_issue>
<journal_article publication_type="full_text">
<titles>
<title>Road Network Identification by means of the Hough Transform with Uncertainty Analysis</title>
</titles>
<contributors>
<person_name sequence="first" contributor_role="author">
<given_name>Eric </given_name>
<surname>Salerno</surname>
<ORCID></ORCID>
</person_name>
<person_name sequence="first" contributor_role="author">
<given_name>Nagavenkat </given_name>
<surname>Adurthi</surname>
<ORCID></ORCID>
</person_name>
<person_name sequence="first" contributor_role="author">
<given_name>Tarunraj </given_name>
<surname>Singh</surname>
<ORCID></ORCID>
</person_name>
<person_name sequence="first" contributor_role="author">
<given_name>Puneet </given_name>
<surname>Singla</surname>
<ORCID></ORCID>
</person_name>
<person_name sequence="first" contributor_role="author">
<given_name>Adnan </given_name>
<surname>Bubalo</surname>
<ORCID></ORCID>
</person_name>
<person_name sequence="first" contributor_role="author">
<given_name>Maria </given_name>
<surname>Cornacchia</surname>
<ORCID></ORCID>
</person_name>
<person_name sequence="first" contributor_role="author">
<given_name>Mark </given_name>
<surname>Alford</surname>
<ORCID></ORCID>
</person_name>
<person_name sequence="first" contributor_role="author">
<given_name>Eric </given_name>
<surname>Jones</surname>
<ORCID></ORCID>
</person_name>
</contributors>
<publication_date media_type="print">
<month>June</month>
<day></day>
<year>2015</year>
</publication_date>
<pages>
<first_page>58</first_page>
<last_page>72</last_page>
</pages>
<citation_list>
<citation key="ref-1">
<unstructured_citation>Tupin, Florence, Henri Maitre, Jean-Francois Mangin, Jean- Marie Nicolas, and Eugene Pechersky Detection of Linear Features in SAR Images: Application to Road Network Extraction. IEEE Transactions on Geoscience and Remote Sensing 36.2 (1998).</unstructured_citation>
</citation>
<citation key="ref-2">
<unstructured_citation>Ground Target Tracking and Road Map Extraction. ISPRS Journal of Photogrammetry and Remote Sensing 61.3— 4 (2006): 197—208.</unstructured_citation>
</citation>
<citation key="ref-3">
<unstructured_citation>Improving urban road extraction in high-resolution images exploiting directional filtering, perceptual grouping, and simple topological concepts, IEEE Geosci. Remote Sens. Lett., vol. 3, no. 3, pp. 387—391, Jul. 2006.</unstructured_citation>
</citation>
<citation key="ref-4">
<unstructured_citation>Structure extraction from high resolution SAR data on urban areas, in Proc. IEEE Geosci. Remote Sens. Symp., 2004, vol. 3, pp. 1784—1787.</unstructured_citation>
</citation>
<citation key="ref-5">
<unstructured_citation>and Peter Wonka Road Network Extraction and Intersection Detection From Aerial Images by Tracking Road Footprints. IEEE Transactions on Geoscience and Remote Sensing 45.12 (2007): 4144—4157.</unstructured_citation>
</citation>
<citation key="ref-6">
<unstructured_citation>Urban Road Network Extraction from High-Resolution Multispectral Data. 2nd GRSS/ISPRS Joint Workshop on Remote Sensing and Data Fusion over Urban Areas, 2003, p. 142—146.</unstructured_citation>
</citation>
<citation key="ref-7">
<unstructured_citation>Incremental Fusion of GMTI Tracks for Road Map Esti- mation. 2008 11th International Conference on Information Fusion, Cologne, Germany, pp. 1—7.</unstructured_citation>
</citation>
<citation key="ref-8">
<unstructured_citation>Numerically stable direct least squares fitting of ellipses. The Sixth International Conference in Central Europe. 1998.</unstructured_citation>
</citation>
<citation key="ref-9">
<unstructured_citation>Use of the Hough Transformation to Detect Lines and Curves in Pictures, Comm. ACM, Vol. 15, pp. 11—15 (January, 1972).</unstructured_citation>
</citation>
<citation key="ref-10">
<unstructured_citation>Lower Order Circle and Ellipse Hough Transform. Pattern Recognition 30.10 (1997): 1729—1744.</unstructured_citation>
</citation>
<citation key="ref-11">
<unstructured_citation>Detection of Ellipses by a Modified Hough Transformation. IEEE Transactions on Computers C-27.8 (1978): 777—781.</unstructured_citation>
</citation>
<citation key="ref-12">
<unstructured_citation>“A New Hough Transform Mapping for Ellipse Detection.” Technical Report, University of Southampton, 1995.</unstructured_citation>
</citation>
<citation key="ref-13">
<unstructured_citation>Error-Covariance Analysis of the Total Least Square Prob- lem. Proceedings of the AIAA Guidance, Navigation and Control Conference, Portland, Oregon, August 8—11, 2011.</unstructured_citation>
</citation>
<citation key="ref-14">
<unstructured_citation>A buyer’s guide to conic fitting. Proc. of the British Machine Vision Conference. pp. 265—271. 1995.</unstructured_citation>
</citation>
<citation key="ref-15">
<unstructured_citation>“Ellipse.” From MathWorld–A Wolfram Web Resource. http://mathworld.wolfram.com/Ellipse.html, Web. 18 Nov. 2014. ROAD NETWORK IDENTIFICATION BY MEANS OF THE HOUGH TRANSFORM WITH UNCERTAINTY ANALYSIS 69</unstructured_citation>
</citation>
</citation_list>
</journal_article>
</journal>
</body>
</doi_batch>