<doi_batch xmlns="http://www.crossref.org/schema/4.3.7" xmlns:xsi="http://www.w3.org/2001/XMLSchema-instance" version="4.3.7" xsi:schemaLocation="http://www.crossref.org/schema/4.3.7 http://www.crossref.org/schema/deposit/crossref4.3.7.xsd">
<head>
<doi_batch_id></doi_batch_id>
<timestamp>1645534007.5610747</timestamp>
<depositor>
<depositor_name></depositor_name>
<email_address></email_address>
</depositor>
<registrant>WEB-FORM</registrant>
</head>
<body>
<journal>
<journal_metadata>
<full_title>Journal of Advances in Information Fusion</full_title>
<abbrev_title>JAIF</abbrev_title>
<issn media_type="print">1557-6418</issn>
</journal_metadata>
<journal_issue>
<publication_date media_type="print">
<month>June</month>
<day></day>
<year>2016</year>
</publication_date>
<journal_volume>
<volume>11</volume>
</journal_volume>
<issue>1</issue>
</journal_issue>
<journal_article publication_type="full_text">
<titles>
<title>Nonlinear Kalman Filters Explained: A Tutorial on Moment Computations and Sigma Point Methods</title>
</titles>
<contributors>
<person_name sequence="first" contributor_role="author">
<given_name>Michael </given_name>
<surname>Roth</surname>
<ORCID></ORCID>
</person_name>
<person_name sequence="first" contributor_role="author">
<given_name>Gustaf </given_name>
<surname>Hendeby</surname>
<ORCID></ORCID>
</person_name>
<person_name sequence="first" contributor_role="author">
<given_name>Fredrik </given_name>
<surname>Gustafsson</surname>
<ORCID></ORCID>
</person_name>
</contributors>
<publication_date media_type="print">
<month>June</month>
<day></day>
<year>2016</year>
</publication_date>
<pages>
<first_page>47</first_page>
<last_page>70</last_page>
</pages>
<citation_list>
<citation key="ref-1">
<unstructured_citation>Y. Bar-Shalom, X. R. Li, and T. Kirubarajan Estimation with Applications to Tracking and Navigation. Wiley-Interscience, Jun. 2001.</unstructured_citation>
</citation>
<citation key="ref-2">
<unstructured_citation>Statistical Sensor Fusion. Studentlitteratur AB, Mar. 2010.</unstructured_citation>
</citation>
<citation key="ref-3">
<unstructured_citation>Particle filtering approach to Bayesian formant tracking, in IEEE Workshop on Statistical Signal Processing, Oct. 2003, pp. 601—604.</unstructured_citation>
</citation>
<citation key="ref-4">
<unstructured_citation>Stochastic Processes and Filtering Theory. Academic Press, Mar. 1970.</unstructured_citation>
</citation>
<citation key="ref-5">
<unstructured_citation>A new approach to linear filtering and prediction problems, Journal of basic Engineering, vol. 82, no. 1, pp. 35—45, Mar. 1960.</unstructured_citation>
</citation>
<citation key="ref-6">
<unstructured_citation>Optimal Filtering. Prentice Hall, Jun. 1979.</unstructured_citation>
</citation>
<citation key="ref-7">
<unstructured_citation>Applications of Kalman filtering in aerospace 1960 to the present, IEEE Control Systems Magazine, vol. 30, no. 3, pp. 69—78, 2010.</unstructured_citation>
</citation>
<citation key="ref-8">
<unstructured_citation>Suboptimal state estimation for continuous-time nonlinear systems from discrete noisy measurements, IEEE Transactions on Automatic Control, vol. 13, no. 5, pp. 504—514, 1968.</unstructured_citation>
</citation>
<citation key="ref-9">
<unstructured_citation>Recursive filtering for systemswith small but non-negligible non-linearities, International Journal of Control, vol. 7, no. 3, pp. 271—280, 1968.</unstructured_citation>
</citation>
<citation key="ref-10">
<unstructured_citation>On the development of practical nonlinear filters, Information Sciences, vol. 7, pp. 253—270, 1974.</unstructured_citation>
</citation>
<citation key="ref-11">
<unstructured_citation>Applied Optimal Estimation. MIT Press, May 1974.</unstructured_citation>
</citation>
<citation key="ref-12">
<unstructured_citation>Novel approach to non-linear/non-Gaussian Bayesian state estimation, IEE Proceedings-F Radar and Signal Processing, vol. 140, no. 2, pp. 107—113, Apr. 1993.</unstructured_citation>
</citation>
<citation key="ref-13">
<unstructured_citation>Particle filter theory and practice with positioning applica- tions, IEEE Aerospace and Electronics Systems Magazine, vol. 25, no. 7, pp. 53—82, Jul. 2010.</unstructured_citation>
</citation>
<citation key="ref-14">
<unstructured_citation>A new approach for filtering nonlinear systems, in Proceedings of the American Control Conference, vol. 3, 1995, pp. 1628—1632.</unstructured_citation>
</citation>
<citation key="ref-15">
<unstructured_citation>A new method for the nonlinear transformation of means and covariances in filters and estimators, IEEE Transactions on Automatic Control, vol. 45, no. 3, pp. 477—482, Mar. 2000.</unstructured_citation>
</citation>
<citation key="ref-16">
<unstructured_citation>Unscented filtering and nonlinear estimation, Proceedings of the IEEE, vol. 92, no. 3, pp. 401—422, Mar. 2004.</unstructured_citation>
</citation>
<citation key="ref-17">
<unstructured_citation>Gaussian filters for nonlinear filtering problems, IEEE Transactions on Automatic Control, vol. 45, no. 5, pp. 910—927, May 2000.</unstructured_citation>
</citation>
<citation key="ref-18">
<unstructured_citation>Cubature Kalman filters, IEEE Transactions on Automatic Control, vol. 54, no. 6, pp. 1254—1269, Jun. 2009.</unstructured_citation>
</citation>
<citation key="ref-19">
<unstructured_citation>A finite-difference method for linearization in nonlinear estimation algorithms, Automatica, vol. 33, no. 11, pp. 2053—2058, Nov. 1997.</unstructured_citation>
</citation>
<citation key="ref-20">
<unstructured_citation>New developments in state estimation for nonlinear sys- tems, Automatica, vol. 36, no. 11, pp. 1627—1638, Nov. 2000.</unstructured_citation>
</citation>
<citation key="ref-21">
<unstructured_citation>“Sigma-point Kalman filters for probabilistic inference in dynamic state-space models,” Ph.D. dissertation, OGI School of Science & Engineering, Oregon Health & Science University, Portland, OR, USA, Apr. 2004.</unstructured_citation>
</citation>
<citation key="ref-22">
<unstructured_citation>Bayesian Filtering and Smoothing. New York: Cambridge University Press, Oct. 2013. NONLINEAR KALMAN FILTERS EXPLAINED: A TUTORIAL ON MOMENT COMPUTATIONS AND SIGMA POINT METHODS 67</unstructured_citation>
</citation>
<citation key="ref-23">
<unstructured_citation>Some relations between extended and unscented Kalman filters, IEEE Transactions on Signal Processing, vol. 60, no. 2, pp. 545—555, Feb. 2012.</unstructured_citation>
</citation>
<citation key="ref-24">
<unstructured_citation>Methods for approximating integrals in statistics with spe- cial emphasis on Bayesian integration problems, Statistical Science, vol. 10, no. 3, pp. 254—272, Aug. 1995.</unstructured_citation>
</citation>
<citation key="ref-25">
<unstructured_citation>Approximating Integrals via Monte Carlo and Deterministic Methods, 1st ed. New York: Oxford University Press, May 2000.</unstructured_citation>
</citation>
<citation key="ref-26">
<unstructured_citation>A numerical-integration perspective on Gaussian filters, IEEE Transactions on Signal Processing, vol. 54, no. 8, pp. 2910—2921, Aug. 2006.</unstructured_citation>
</citation>
<citation key="ref-27">
<unstructured_citation>Derivative-free estimation methods: New results and per- formance analysis, Automatica, vol. 45, no. 7, pp. 1749—1757, Jul. 2009.</unstructured_citation>
</citation>
<citation key="ref-28">
<unstructured_citation>and A. den Dekker Parametric Bayesian filters for nonlinear stochastic dynam- ical systems: A survey, IEEE Transactions on Cybernetics, vol. 43, no. 6, pp. 1607— 1624, Dec. 2013.</unstructured_citation>
</citation>
<citation key="ref-29">
<unstructured_citation>Kalman filters for non-linear systems: a comparison of performance, International Journal of Control, vol. 77, no. 7, pp. 639—653, 2004.</unstructured_citation>
</citation>
<citation key="ref-30">
<unstructured_citation>“Kalman filters for nonlinear systems and heavy-tailed noise,” Licentiate thesis, Linköping University, Linköping, Sweden,</unstructured_citation>
</citation>
<citation key="ref-31">
<unstructured_citation>urn=urn:nbn:se:liu:diva-97544.</unstructured_citation>
</citation>
<citation key="ref-32">
<unstructured_citation>Inference in Hidden Markov Models. New York, NY: Springer, Dec. 2010.</unstructured_citation>
</citation>
<citation key="ref-33">
<unstructured_citation>Stochastic Models, Estimation, and Control: Volume 2. Academic Press, Jun. 1982.</unstructured_citation>
</citation>
<citation key="ref-34">
<unstructured_citation>Elements of information theory, 2nd ed. Hoboken, N.J.: Wiley-Interscience, 2006.</unstructured_citation>
</citation>
<citation key="ref-35">
<unstructured_citation>Pattern Recognition and Machine Learning. Springer, Aug. 2006.</unstructured_citation>
</citation>
<citation key="ref-36">
<unstructured_citation>An efficient implementation of the second order extended Kalman filter, in Proceedings of the 14th International Conference on In- formation Fusion (FUSION), Jul. 2011.</unstructured_citation>
</citation>
<citation key="ref-37">
<unstructured_citation>Fourier-Hermite Kalman filter, IEEE Transactions on Automatic Control, vol. 57, no. 6, pp. 1511—1515, 2012.</unstructured_citation>
</citation>
<citation key="ref-38">
<unstructured_citation>Moment estimation using a marginalized transform, IEEE Transactions on Signal Processing, vol. 60, no. 12, pp. 6138—6150, 2012.</unstructured_citation>
</citation>
<citation key="ref-39">
<unstructured_citation>Chebyshev polynomial Kalman filter, Digital Signal Processing, vol. 23, no. 5, pp. 1620—1629, Sep. 2013.</unstructured_citation>
</citation>
<citation key="ref-40">
<unstructured_citation>LRKF revisited–the smart sampling Kalman filter (S2KF), Journal of Advances in Information Fusion, vol. 9, no. 2, pp. 106—123, Dec. 2014.</unstructured_citation>
</citation>
<citation key="ref-41">
<unstructured_citation>Nonlinear Filters: Estimation and Applications, 2nd ed. Springer, Aug. 1996.</unstructured_citation>
</citation>
<citation key="ref-42">
<unstructured_citation>Discrete-time nonlinear filtering algorithms using Gauss- Hermite quadrature, Proceedings of the IEEE, vol. 95, no. 5, pp. 953—977, 2007.</unstructured_citation>
</citation>
<citation key="ref-43">
<unstructured_citation>High-degree cubature Kalman filter, Automatica, vol. 49, no. 2, pp. 510—518, Feb. 2013.</unstructured_citation>
</citation>
<citation key="ref-44">
<unstructured_citation>Stochastic integration filter, IEEE Transactions on Automatic Control, vol. 58, no. 6, pp. 1561—1566, 2013.</unstructured_citation>
</citation>
<citation key="ref-45">
<unstructured_citation>Unscented Kalman filter: Aspects and adaptive setting of scaling parameter, IEEE Transactions on Automatic Control, vol. 57, no. 9, pp. 2411—2416, Sep. 2012.</unstructured_citation>
</citation>
<citation key="ref-46">
<unstructured_citation>Design and Analysis of Modern Tracking Systems. Artech House, Aug. 1999.</unstructured_citation>
</citation>
<citation key="ref-47">
<unstructured_citation>The Rao-Blackwellized particle filter: A filter bank imple- mentation, EURASIP Journal on Advances in Signal Processing, vol. 2010, no. 1, Dec. 2010.</unstructured_citation>
</citation>
<citation key="ref-48">
<unstructured_citation>An Intermediate Course in Probability, 2nd ed. Springer, Jun. 2009.</unstructured_citation>
</citation>
<citation key="ref-49">
<unstructured_citation>HandbookofMathematicalFunctions:withFormulas,Graphs, and Mathematical Tables. Dover publications, 1965, vol. 55.</unstructured_citation>
</citation>
<citation key="ref-50">
<unstructured_citation>An Introduction to Multivariate Statistical Analysis, 3rd ed. Wiley-Interscience, 2003.</unstructured_citation>
</citation>
<citation key="ref-51">
<unstructured_citation>Symmetric Multivariate and Related Distributions. Chapman and Hall/CRC, Nov. 1989.</unstructured_citation>
</citation>
<citation key="ref-52">
<unstructured_citation>A Student’s t filter for heavy tailed process and measure- ment noise, in 38th International Conference on Acoustics, Speech, and Signal Processing (ICASSP), Vancouver, Canada, May 2013.</unstructured_citation>
</citation>
<citation key="ref-53">
<unstructured_citation>Gaussian proposal density using moment matching in SMC methods, Statistics and Computing, vol. 19, no. 2, pp. 203—208, Jun. 2009.</unstructured_citation>
</citation>
<citation key="ref-54">
<unstructured_citation>Advanced Multivariate Statistics with Matrices. Dordrecht, The Netherlands: Springer, Aug. 2005.</unstructured_citation>
</citation>
<citation key="ref-55">
<unstructured_citation>Moments and cumulants of the multivariate normal distri- bution, Stochastic Analysis and Applications, vol. 6, no. 3, pp. 273— 278, Jan. 1988.</unstructured_citation>
</citation>
<citation key="ref-56">
<unstructured_citation>Multivariate plug-in bandwidth selection with uncon- strained pilot bandwidth matrices, TEST, vol. 19, no. 2, pp. 375—398, Aug. 2010. 68 JOURNAL OF ADVANCES IN INFORMATION FUSION VOL. 11, NO. 1 JUNE 2016</unstructured_citation>
</citation>
<citation key="ref-57">
<unstructured_citation>Kronecker product based second order approximation of mean value and covariance matrix in nonlinear transforma- tions, IEEE Signal Processing Letters, vol. 18, no. 1, pp. 43—46, Jan. 2011.</unstructured_citation>
</citation>
<citation key="ref-58">
<unstructured_citation>Monte Carlo Statistical Methods, 2nd ed., ser. Springer Texts in Statistics. Springer, 2004.</unstructured_citation>
</citation>
<citation key="ref-59">
<unstructured_citation>Information Theory, Inference and Learning Algorithms, 1st ed. Cambridge, UK: Cambridge University Press, Oct. 2003.</unstructured_citation>
</citation>
<citation key="ref-60">
<unstructured_citation>The ensemble Kalman filter and its relations to other non- linear filters, in European Signal Processing Conference 2015 (EUSIPCO 2015), Nice, France, Aug. 2015.</unstructured_citation>
</citation>
<citation key="ref-61">
<unstructured_citation>Dirac mixture approximation of multivariate Gaussian den- sities, in Proceedings of the 48th IEEE Conference on Decision and Control, 2009, pp. 3851—3858.</unstructured_citation>
</citation>
<citation key="ref-62">
<unstructured_citation>Quantization, IEEE Transactions on Information Theory, vol. 44, no. 6, pp. 2325—2383, 1998.</unstructured_citation>
</citation>
<citation key="ref-63">
<unstructured_citation>The scaled unscented transformation, in Proceedings of the American Control Conference, vol. 6, 2002, pp. 4555—4559.</unstructured_citation>
</citation>
<citation key="ref-64">
<unstructured_citation>Comment on “A new method for the nonlinear transfor- mation of means and covariances in filters and estimators”</unstructured_citation>
</citation>
<citation key="ref-65">
<unstructured_citation>IEEE Transactions on Automatic Control, vol. 47, no. 8, pp. 1406—1409, Aug. 2002.</unstructured_citation>
</citation>
<citation key="ref-66">
<unstructured_citation>Approximate Calculation of Multiple Integrals. Prentice-Hall, 1971.</unstructured_citation>
</citation>
<citation key="ref-67">
<unstructured_citation>Approximate integration formulas for certain spherically symmetric regions, Mathematics of Computation, vol. 17, no. 82, pp. 105—135, Apr. 1963.</unstructured_citation>
</citation>
<citation key="ref-68">
<unstructured_citation>The ubiquitous Kronecker product, Journal of Computational and Applied Mathematics, vol. 123, no. 1—2, pp. 85—100, Nov. 2000.</unstructured_citation>
</citation>
<citation key="ref-69">
<unstructured_citation>Multiple quadrature Kalman filtering, IEEE Transactions on Signal Processing, vol. 60, no. 12, pp. 6125—6137, 2012.</unstructured_citation>
</citation>
<citation key="ref-70">
<unstructured_citation>Stochastic integration rules for infinite regions, SIAM Journal on Scientific Computing, vol. 19, no. 2, pp. 426—439, Mar. 1998.</unstructured_citation>
</citation>
<citation key="ref-71">
<unstructured_citation>Randomized unscented Kalman filter in target tracking, in 15th International Conference on Information Fusion, Jul. 2012, pp. 503—510.</unstructured_citation>
</citation>
<citation key="ref-72">
<unstructured_citation>Random-point-based filters: analysis and comparison in target tracking, IEEE Transactions on Aerospace and Electronic Systems, vol. 51, no. 2, pp. 1403—1421, Apr. 2015.</unstructured_citation>
</citation>
<citation key="ref-73">
<unstructured_citation>“Advances in derivative-free state estimation for nonlinear systems,” Department of Mathematical Modelling, DTU, Lyngby, Denmark, Tech. Rep. IMM-REP-1998-15, Apr. 2000.</unstructured_citation>
</citation>
<citation key="ref-74">
<unstructured_citation>Matrix Computations, 3rd ed. Baltimore: Johns Hopkins University Press, Oct. 1996. NONLINEAR KALMAN FILTERS EXPLAINED: A TUTORIAL ON MOMENT COMPUTATIONS AND SIGMA POINT METHODS 69</unstructured_citation>
</citation>
</citation_list>
</journal_article>
</journal>
</body>
</doi_batch>