<doi_batch xmlns="http://www.crossref.org/schema/4.3.7" xmlns:xsi="http://www.w3.org/2001/XMLSchema-instance" version="4.3.7" xsi:schemaLocation="http://www.crossref.org/schema/4.3.7 http://www.crossref.org/schema/deposit/crossref4.3.7.xsd">
<head>
<doi_batch_id></doi_batch_id>
<timestamp>1639242140.1527367</timestamp>
<depositor>
<depositor_name></depositor_name>
<email_address></email_address>
</depositor>
<registrant>WEB-FORM</registrant>
</head>
<body>
<journal>
<journal_metadata>
<full_title>Journal of Advances in Information Fusion</full_title>
<abbrev_title>JAIF</abbrev_title>
<issn media_type="print">1557-6418</issn>
</journal_metadata>
<journal_issue>
<publication_date media_type="print">
<month>June</month>
<day></day>
<year>2016</year>
</publication_date>
<journal_volume>
<volume>11</volume>
</journal_volume>
<issue>1</issue>
</journal_issue>
<journal_article publication_type="full_text">
<titles>
<title>On the relation between Gaussian process quadratures and sigma-point methods</title>
</titles>
<contributors>
<person_name sequence="first" contributor_role="author">
<given_name>Simo </given_name>
<surname>Sarkka</surname>
<ORCID></ORCID>
</person_name>
<person_name sequence="first" contributor_role="author">
<given_name>Jouni </given_name>
<surname>Hartikainen</surname>
<ORCID></ORCID>
</person_name>
<person_name sequence="first" contributor_role="author">
<given_name>Lennart </given_name>
<surname>Svensson</surname>
<ORCID></ORCID>
</person_name>
<person_name sequence="first" contributor_role="author">
<given_name>Fredrik </given_name>
<surname>Sandblom</surname>
<ORCID></ORCID>
</person_name>
</contributors>
<publication_date media_type="print">
<month>June</month>
<day></day>
<year>2016</year>
</publication_date>
<pages>
<first_page>31</first_page>
<last_page>46</last_page>
</pages>
<citation_list>
<citation key="ref-1">
<unstructured_citation>A. O’Hagan Curve fitting and optimal design for prediction (with dis- cussion), Journal of the Royal Statistical Society. Series B (Method- ological), vol. 40(1), pp. 1—42, 1978.</unstructured_citation>
</citation>
<citation key="ref-2">
<unstructured_citation>Bayes-Hermite quadrature, Journal of Statistical Planning and Inference, vol. 29, pp. 245—260, 1991.</unstructured_citation>
</citation>
<citation key="ref-3">
<unstructured_citation>“Deriving quadrature rules from Gaussian processes,” Statistics Department, Carnegie Mellon University, Tech. Rep., 2000.</unstructured_citation>
</citation>
<citation key="ref-4">
<unstructured_citation>N. P. Gibson, and S. Aigrain Bayesian quadrature for ratios: Now with even more Baye- sian quadrature, in International Conference on Artificial Intelligence and Statistics (AISTATS 2012), 2012.</unstructured_citation>
</citation>
<citation key="ref-5">
<unstructured_citation>S. Roberts, and Z. Ghahramani Active learning of model evidence using Bayesian quadra- ture, in Advances in Neural Information Processing Systems 25, 2012, pp. 46—54.</unstructured_citation>
</citation>
<citation key="ref-6">
<unstructured_citation>Gaussian process quadratures in nonlinear sigma-point fil- tering and smoothing, in Proceedings of FUSION 2014, 2014.</unstructured_citation>
</citation>
<citation key="ref-7">
<unstructured_citation>Gaussian Processes for Machine Learning. MIT Press, 2006.</unstructured_citation>
</citation>
<citation key="ref-8">
<unstructured_citation>“A general method of approximating nonlinear transfor- mations of probability distributions,” Robotics Research Group, Department of Engineering Science, University of Oxford, Tech. Rep., 1995.</unstructured_citation>
</citation>
<citation key="ref-9">
<unstructured_citation>A new method for the nonlinear transformation of means and covariances in filters and estimators, IEEE Transactions on Automatic Control, vol. 45(3), pp. 477—482, 2000.</unstructured_citation>
</citation>
<citation key="ref-10">
<unstructured_citation>The unscented Kalman filter, in Kalman Filtering and Neural Networks, S. Haykin, Ed. Wiley, 2001, ch. 7.</unstructured_citation>
</citation>
<citation key="ref-11">
<unstructured_citation>“Sigma-point Kalman filters for probabilistic inference in dynamic state-space models,” Ph.D. dissertation, OGI School of Science & Engineering, Oregon Health & Science University, Portland, OR, USA, 2004.</unstructured_citation>
</citation>
<citation key="ref-12">
<unstructured_citation>Unscented filtering and nonlinear estimation, Proceedings of the IEEE, vol. 92(3), pp. 401—422, 2004.</unstructured_citation>
</citation>
<citation key="ref-13">
<unstructured_citation>“Recursive Bayesian inference on stochastic differential equations,” Doctoral dissertation, Helsinki University of Technology, 2006.</unstructured_citation>
</citation>
<citation key="ref-14">
<unstructured_citation>Design of derivative-free smoothers and predictors, in Preprints of the 14th IFAC Symposium on System Identifi- cation, 2006, pp. 991—996.</unstructured_citation>
</citation>
<citation key="ref-15">
<unstructured_citation>Unscented Rauch-Tung-Striebel smoother, IEEE Transactions on Automatic Control, vol. 53(3), pp. 845—849, 2008.</unstructured_citation>
</citation>
<citation key="ref-16">
<unstructured_citation>Derivative-free estimation methods: New results and per- formance analysis, Automatica, vol. 45, no. 7, pp. 1749—1757, 2009.</unstructured_citation>
</citation>
<citation key="ref-17">
<unstructured_citation>Bayesian filtering and smoothing. Cambridge University Press, 2013.</unstructured_citation>
</citation>
<citation key="ref-18">
<unstructured_citation>mussen Robust filtering and smoothing with Gaussian processes, IEEE Transactions on Automatic Control, vol. 57, no. 7, pp. 1865—1871, 2012.</unstructured_citation>
</citation>
<citation key="ref-19">
<unstructured_citation>Approximations to optimal nonlinear filters, IEEE Transactions on Automatic Control, vol. 12, no. 5, pp. 546—556, 1967.</unstructured_citation>
</citation>
<citation key="ref-20">
<unstructured_citation>Numerical approximations to optimal nonlinear filters, in The Oxford Handbook of Nonlinear Filtering, D. Crisan and B. Rozovski³i, Eds. Oxford, 2011, ch. 28.</unstructured_citation>
</citation>
<citation key="ref-21">
<unstructured_citation>Gaussian filters for nonlinear filtering problems, IEEE Transactions on Automatic Control, vol. 45(5), pp. 910—927, 2000.</unstructured_citation>
</citation>
<citation key="ref-22">
<unstructured_citation>On Gaussian optimal smoothing of non-linear state space models, IEEE Transactions on Automatic Control, vol. 55, no. 8, pp. 1938—1941, 2010.</unstructured_citation>
</citation>
<citation key="ref-23">
<unstructured_citation>A numerical-integration perspective on Gaussian filters, IEEE Transactions on Signal Processing, vol. 54(8), pp. 2910—2921, 2006.</unstructured_citation>
</citation>
<citation key="ref-24">
<unstructured_citation>Cubature Kalman filters, IEEE Transactions on Automatic Control, vol. 54(6), pp. 1254—1269, 2009.</unstructured_citation>
</citation>
<citation key="ref-25">
<unstructured_citation>Cubature Kalman smoothers, Automatica, vol. 47, no. 10, pp. 2245—2250, 2011.</unstructured_citation>
</citation>
<citation key="ref-26">
<unstructured_citation>Stochastic Processes and Filtering Theory. Academic Press, New York, 1970.</unstructured_citation>
</citation>
<citation key="ref-27">
<unstructured_citation>New developments in state estimation for nonlinear sys- tems, Automatica, vol. 36(11), pp. 1627—1638, 2000.</unstructured_citation>
</citation>
<citation key="ref-28">
<unstructured_citation>Some relations between extended and unscented Kalman filters, IEEE Transactions on Signal Processing, vol. 60, no. 2, pp. 545—555, 2012.</unstructured_citation>
</citation>
<citation key="ref-29">
<unstructured_citation>Fourier-Hermite Kalman filter, IEEE Transactions on Automatic Control, vol. 57, pp. 1511— 1515, 2012. 44 JOURNAL OF ADVANCES IN INFORMATION FUSION VOL. 11, NO. 1 JUNE 2016</unstructured_citation>
</citation>
<citation key="ref-30">
<unstructured_citation>Moment estimation using a marginalized transform, IEEE Transactions on Signal Processing, vol. 60, pp. 6138— 6150, 2012.</unstructured_citation>
</citation>
<citation key="ref-31">
<unstructured_citation>Stochastic integration filter, IEEE Transactions on Automatic Control, vol. 58, no. 6, pp. 1561—1566, 2013.</unstructured_citation>
</citation>
<citation key="ref-32">
<unstructured_citation>Unscented Kalman filter with advanced adaptation of scal- ing parameter, Automatica, vol. 50, no. 10, pp. 2657—2664, 2014.</unstructured_citation>
</citation>
<citation key="ref-33">
<unstructured_citation>Expectation maximization based parameter estimation by sigma-point and particle smoothing, in Proceedings of FUSION 2014, 2014.</unstructured_citation>
</citation>
<citation key="ref-34">
<unstructured_citation>Random-point-based filters: analysis and comparison in target tracking, IEEE Transactions on Aerospace and Electronic Systems, vol. 51, no. 2, pp. 1403—1421, 2015.</unstructured_citation>
</citation>
<citation key="ref-35">
<unstructured_citation>S. Särkkä Posterior linearization filter: Principles and implementation using sigma points, IEEE Transactions on Signal Processing, vol. 63, no. 20, pp. 5561—5573, 2015.</unstructured_citation>
</citation>
<citation key="ref-36">
<unstructured_citation>Methods of Numerical Integration, 2nd ed., ser. Computer science and applied mathematics. Academic Press, 1984.</unstructured_citation>
</citation>
<citation key="ref-37">
<unstructured_citation>Construction of fully symmetric numerical integration for- mulas, Numerische Mathematik, vol. 10, pp. 327—344, 1967.</unstructured_citation>
</citation>
<citation key="ref-38">
<unstructured_citation>GP-BayesFilters: Bayesian filtering using Gaussian process prediction and observation models, Autonomous Robots, vol. 27, no. 1, pp. 75—90, 2009.</unstructured_citation>
</citation>
<citation key="ref-39">
<unstructured_citation>Bayesian numerical analysis, Statistical decision theory and related topics IV, vol. 1, pp. 163—175, 1988.</unstructured_citation>
</citation>
<citation key="ref-40">
<unstructured_citation>Some Bayesian numerical analysis, Bayesian Statistics, vol. 4, pp. 345—363, 1992. Simo Särkkä received his M.Sc. degree in engineering physics and mathematics, and D.Sc. degree in electrical and communications engineering from Helsinki University of Technology, Espoo, Finland, in 2000 and 2006, respectively. Currently he is an Associate Professor and Academy Research Fellow with Aalto University, and Technical Advisor and Director of IndoorAtlas Ltd. His research interests are in multi-sensor data processing systems with applications in location sensing, health technology, machine learning, inverse problems, and brain imaging.</unstructured_citation>
</citation>
<citation key="ref-41">
<unstructured_citation>Probabilistic numerics and uncertainty in computations, Proceedings of the Royal Society of London A: Mathematical, Physical and Engineering Sciences, vol. 471, no. 2179, 2015.</unstructured_citation>
</citation>
<citation key="ref-42">
<unstructured_citation>Linear operators and stochastic partial differential equations in Gaussian process regression, in Artificial Neural Networks and Machine Learning–ICANN 2011. Springer, 2011, pp. 151—158.</unstructured_citation>
</citation>
<citation key="ref-43">
<unstructured_citation>Sparse convolved Gaussian processes for multi-output re- gression, in Advances in Neural Information Processing Systems 21, D. Koller, D. Schuurmans, Y. Bengio, and L. Bottou, Eds. The MIT Press, 2009, pp. 57—64.</unstructured_citation>
</citation>
<citation key="ref-44">
<unstructured_citation>Efficient multioutput Gaussian processes through varia- tional inducing kernels, in Proceedings of the 13th International Workshop on Artifi- cial Intelligence and Statistics, Y. W. Teh and M. Tittering- ton, Eds., 2010, pp. 25—32.</unstructured_citation>
</citation>
<citation key="ref-45">
<unstructured_citation>Practical methods of optimization, 2nd ed. John Wiley & Sons, 1987.</unstructured_citation>
</citation>
<citation key="ref-46">
<unstructured_citation>Monte Carlo is fundamentally unsound, Journal of the Royal Statistical Society. Series D (The Statis- tician), vol. 36, pp. 247—249, 1987.</unstructured_citation>
</citation>
<citation key="ref-47">
<unstructured_citation>Bayesian Monte Carlo, in Advances in neural information processing systems, 2002, pp. 489—496.</unstructured_citation>
</citation>
<citation key="ref-48">
<unstructured_citation>Monte Carlo methods for solving multivariable problems, Annals of the New York Academy of Sciences, vol. 86, no. 3, pp. 844—874, 1960.</unstructured_citation>
</citation>
<citation key="ref-49">
<unstructured_citation>Monte Carlo Methods. Fletcher & Son, 1964.</unstructured_citation>
</citation>
<citation key="ref-50">
<unstructured_citation>Stochastic Analysis, ser. Grundlehren der mathematischen Wissenschaften 313. Springer, 1997. ON THE RELATION BETWEEN GAUSSIAN PROCESS QUADRATURES AND SIGMA-POINT METHODS 45</unstructured_citation>
</citation>
</citation_list>
</journal_article>
</journal>
</body>
</doi_batch>