<doi_batch xmlns="http://www.crossref.org/schema/4.3.7" xmlns:xsi="http://www.w3.org/2001/XMLSchema-instance" version="4.3.7" xsi:schemaLocation="http://www.crossref.org/schema/4.3.7 http://www.crossref.org/schema/deposit/crossref4.3.7.xsd">
<head>
<doi_batch_id></doi_batch_id>
<timestamp>1645534007.5451903</timestamp>
<depositor>
<depositor_name></depositor_name>
<email_address></email_address>
</depositor>
<registrant>WEB-FORM</registrant>
</head>
<body>
<journal>
<journal_metadata>
<full_title>Journal of Advances in Information Fusion</full_title>
<abbrev_title>JAIF</abbrev_title>
<issn media_type="print">1557-6418</issn>
</journal_metadata>
<journal_issue>
<publication_date media_type="print">
<month>June</month>
<day></day>
<year>2016</year>
</publication_date>
<journal_volume>
<volume>11</volume>
</journal_volume>
<issue>1</issue>
</journal_issue>
<journal_article publication_type="full_text">
<titles>
<title>Sigma-Point Filtering and Smoothing Based Parameter Estimation in Nonlinear Dynamic Systems</title>
</titles>
<contributors>
<person_name sequence="first" contributor_role="author">
<given_name>Juho </given_name>
<surname>Kokkala</surname>
<ORCID></ORCID>
</person_name>
<person_name sequence="first" contributor_role="author">
<given_name>Arno </given_name>
<surname>Solin</surname>
<ORCID></ORCID>
</person_name>
<person_name sequence="first" contributor_role="author">
<given_name>Simo </given_name>
<surname>Sarkka</surname>
<ORCID></ORCID>
</person_name>
</contributors>
<publication_date media_type="print">
<month>June</month>
<day></day>
<year>2016</year>
</publication_date>
<pages>
<first_page>15</first_page>
<last_page>30</last_page>
</pages>
<citation_list>
<citation key="ref-1">
<unstructured_citation>M. L. Andrade Netto, L. Gimeno, and M. J. Mendes A new spline algorithm for non-linear filtering of discrete time systems. In A Link Between Science and Application of Automatic Control, pages 2123—2130, Helsinki, Finland, 1978.</unstructured_citation>
</citation>
<citation key="ref-2">
<unstructured_citation>Cubature Kalman filters. IEEE Transactions on Automatic Control, 54(6):1254—1269, 2009.</unstructured_citation>
</citation>
<citation key="ref-3">
<unstructured_citation>Cubature Kalman filtering for continuous-discrete systems: Theory and simulations. IEEE Transactions on Signal Processing, 58(10):4977—4993, 2010.</unstructured_citation>
</citation>
<citation key="ref-4">
<unstructured_citation>Estimation with Applications to Tracking and Navigation. Wiley Interscience, 2001.</unstructured_citation>
</citation>
<citation key="ref-5">
<unstructured_citation>Inference in Hidden Markov Models. Springer, 2005.</unstructured_citation>
</citation>
<citation key="ref-6">
<unstructured_citation>Constructing cubature formulae: The science behind the art. In Acta Numerica, volume 6, pages 1—54. 1997.</unstructured_citation>
</citation>
<citation key="ref-7">
<unstructured_citation>Basic tracking using nonlinear 3D monostatic and bistatic measurements. IEEE Aerospace and Electronic Systems Magazine, 29(8):4— 53, 2014.</unstructured_citation>
</citation>
<citation key="ref-8">
<unstructured_citation>Basic tracking using nonlinear continuous-time dynamic</unstructured_citation>
</citation>
<citation key="ref-9">
<unstructured_citation>IEEE Aerospace and Electronic Systems Magazine, 30(2):4— 41, 2015.</unstructured_citation>
</citation>
<citation key="ref-10">
<unstructured_citation>Maximum likelihood from incomplete data via the EM algorithm. Journal of the Royal Statistical Society: Series B (Statistical Methodology), 39(1):1—38, 1977.</unstructured_citation>
</citation>
<citation key="ref-11">
<unstructured_citation>Stochastic integration filter. IEEE Transactions on Automatic Control, 58(6):1561—1566, 2013.</unstructured_citation>
</citation>
<citation key="ref-12">
<unstructured_citation>Practical Methods of Optimization. John Wiley & Sons, 2nd edition, 1987.</unstructured_citation>
</citation>
<citation key="ref-13">
<unstructured_citation>Application of unscented transformation in nonlinear sys- tem identification. In Proceedings of the 18th IFAC World Congress, volume 18, pages 4428—4433, 2011. 28 JOURNAL OF ADVANCES IN INFORMATION FUSION VOL. 11, NO. 1 JUNE 2016</unstructured_citation>
</citation>
<citation key="ref-14">
<unstructured_citation>Applied Optimal Estimation. The MIT Press, 1974.</unstructured_citation>
</citation>
<citation key="ref-15">
<unstructured_citation>Linear system identification from nonstationary cross- sectional data. IEEE Transactions on Automatic Control, 24(3):403—411, 1979.</unstructured_citation>
</citation>
<citation key="ref-16">
<unstructured_citation>Computational aspects of maximum likelihood estimation and reduction in sensitivity function calculations. IEEE Transactions on Automatic Control, 19(6):774—783, 1974.</unstructured_citation>
</citation>
<citation key="ref-17">
<unstructured_citation>Gaussian filters for nonlinear filtering problems. IEEE Transactions on Automatic Control, 45(5):910—927, 2000.</unstructured_citation>
</citation>
<citation key="ref-18">
<unstructured_citation>Stochastic Processes and Filtering Theory. Academic Press, 1970.</unstructured_citation>
</citation>
<citation key="ref-19">
<unstructured_citation>High-degree cubature Kalman filter. Automatica, 49(2):510—518, 2013.</unstructured_citation>
</citation>
<citation key="ref-20">
<unstructured_citation>A new approach for filtering nonlinear systems. In Proceedings of the American Control Conference, vol- ume 3, pages 1628—1632, Seattle, WA, 1995.</unstructured_citation>
</citation>
<citation key="ref-21">
<unstructured_citation>A new method for the nonlinear transformation of means and covariances in filters and estimators. IEEE Transactions on Automatic Control, 45(3):477—482, 2000.</unstructured_citation>
</citation>
<citation key="ref-22">
<unstructured_citation>A new approach to linear filtering and prediction problems. Transactions of the ASME, Journal of Basic Engineering, 82:35—45, March 1960.</unstructured_citation>
</citation>
<citation key="ref-23">
<unstructured_citation>Non-Gaussian state-space modeling of nonstationary time series. Journal of the American Statistical Association, 82(400): 1032—1041, 1987.</unstructured_citation>
</citation>
<citation key="ref-24">
<unstructured_citation>Non-Gaussian state-space modeling of nonstationary time series: Rejoinder. Journal of the American Statistical Association, 82(400): 1060—1063, 1987.</unstructured_citation>
</citation>
<citation key="ref-25">
<unstructured_citation>Expectation maximization based parameter estimation by sigma-point and particle smoothing. In Proceedings of the 17th International Conference on In- formation Fusion (FUSION), Salamanca, Spain, 2014.</unstructured_citation>
</citation>
<citation key="ref-26">
<unstructured_citation>Hybrid Bayesian networks for reasoning about complex sys- tems. PhD thesis, Stanford University, Stanford, CA, 2002.</unstructured_citation>
</citation>
<citation key="ref-27">
<unstructured_citation>Construction of fully symmetric numerical integration for- mulas. Numerische Mathematik, 10(4):327—344, 1967.</unstructured_citation>
</citation>
<citation key="ref-28">
<unstructured_citation>A view of the EM algorithm that justifies incremental, sparse, and other variants. In Learning in Graphical Models, pages 355—368. Springer, 1998.</unstructured_citation>
</citation>
<citation key="ref-29">
<unstructured_citation>State-space models: From the EM algorithm to a gradient approach. Neural Computation, 19(4):1097—1111, 2007.</unstructured_citation>
</citation>
<citation key="ref-30">
<unstructured_citation>Particle methods for optimal filter derivative: Application to parameter estimation. In Proceedings of the International Conference on Acoustics, Speech, and Signal Processing (ICASSP), volume 5, pages 925—928, Philadelphia, PA, 2005.</unstructured_citation>
</citation>
<citation key="ref-31">
<unstructured_citation>Maximum likelihood estimates of linear dynamic systems. AIAA Journal, 3(8):1445—1450, 1965.</unstructured_citation>
</citation>
<citation key="ref-32">
<unstructured_citation>Learning nonlinear dynamical systems using the expec- tation-maximization algorithm. In S. Haykin, editor, Kalman Filtering and Neural Networks, chapter 6, pages 175—220. Wiley-Interscience, 2001.</unstructured_citation>
</citation>
<citation key="ref-33">
<unstructured_citation>Bayesian Filtering and Smoothing, volume 3 of Institute of Mathematical Statistics Textbooks. Cambridge University Press, 2013.</unstructured_citation>
</citation>
<citation key="ref-34">
<unstructured_citation>On Gaussian optimal smoothing of non-linear state space models. IEEE Transactions on Automatic Control, 55(8):1938—1941, 2010.</unstructured_citation>
</citation>
<citation key="ref-35">
<unstructured_citation>System identification of nonlinear state-space models. Automatica, 47(1):39—49, 2011.</unstructured_citation>
</citation>
<citation key="ref-36">
<unstructured_citation>A new method for evaluating the log-likelihood gradient (score) of linear dynamic systems. IEEE Transactions on Automatic Control, 33(8):763—766, 1988.</unstructured_citation>
</citation>
<citation key="ref-37">
<unstructured_citation>An approach to time series smoothing and forecasting using the EM algorithm. Journal of Time Series Analysis, 3(4):253—264, 1982.</unstructured_citation>
</citation>
<citation key="ref-38">
<unstructured_citation>Parameter estimation of nonlinear stochastic differential equations: Simulated maximum likelihood versus extended Kalman filter and Itô-Taylor expansion. Journal of Computational and Graphical Statistics, 11(4): 972—995, 2002.</unstructured_citation>
</citation>
<citation key="ref-39">
<unstructured_citation>Cubature integration methods in non-linear Kalman filter- ing and smoothing. Bachelor’s thesis, Faculty of Information and Natural Sci- ences, Aalto University, Finland, 2010.</unstructured_citation>
</citation>
<citation key="ref-40">
<unstructured_citation>Randomized unscented transform in state estimation of non-Gaussian systems: Algorithms and performance. In Proceedings of the 15th International Conference on In- formation Fusion (FUSION), Singapore, 2012.</unstructured_citation>
</citation>
<citation key="ref-41">
<unstructured_citation>Comparison of adaptive and randomized unscented Kalman filter algorithms. In Proceedings of the 17th International Conference on In- formation Fusion (FUSION), Salamanca, Spain, 2014.</unstructured_citation>
</citation>
<citation key="ref-42">
<unstructured_citation>Gaussian filtering and smoothing based parameter estima- tion in nonlinear models for sequential data. Master’s thesis, School of Electrical Engineering, Aalto University, Finland, 2012. SIGMA-POINT FILTERING AND SMOOTHING BASED PARAMETER ESTIMATION IN NONLINEAR DYNAMIC SYSTEMS 29</unstructured_citation>
</citation>
<citation key="ref-43">
<unstructured_citation>Unscented Kalman filtering for additive noise case: Aug- mented vs. non-augmented. In Proceedings of the American Control Conference, vol- ume 6, pages 4051—4055, Portland, OR, 2005.</unstructured_citation>
</citation>
</citation_list>
</journal_article>
</journal>
</body>
</doi_batch>