<doi_batch xmlns="http://www.crossref.org/schema/4.3.7" xmlns:xsi="http://www.w3.org/2001/XMLSchema-instance" version="4.3.7" xsi:schemaLocation="http://www.crossref.org/schema/4.3.7 http://www.crossref.org/schema/deposit/crossref4.3.7.xsd">
<head>
<doi_batch_id></doi_batch_id>
<timestamp>1639242140.1617</timestamp>
<depositor>
<depositor_name></depositor_name>
<email_address></email_address>
</depositor>
<registrant>WEB-FORM</registrant>
</head>
<body>
<journal>
<journal_metadata>
<full_title>Journal of Advances in Information Fusion</full_title>
<abbrev_title>JAIF</abbrev_title>
<issn media_type="print">1557-6418</issn>
</journal_metadata>
<journal_issue>
<publication_date media_type="print">
<month>June</month>
<day></day>
<year>2016</year>
</publication_date>
<journal_volume>
<volume>11</volume>
</journal_volume>
<issue>1</issue>
</journal_issue>
<journal_article publication_type="full_text">
<titles>
<title>Sigma-Point Set Rotation for Derivative-Free Filters in Target Tracking Applications</title>
</titles>
<contributors>
<person_name sequence="first" contributor_role="author">
<given_name>Jindrich  </given_name>
<surname>Duník</surname>
<ORCID></ORCID>
</person_name>
<person_name sequence="first" contributor_role="author">
<given_name>Ondrej  </given_name>
<surname>Straka</surname>
<ORCID></ORCID>
</person_name>
<person_name sequence="first" contributor_role="author">
<given_name>Miroslav </given_name>
<surname>Simandl</surname>
<ORCID></ORCID>
</person_name>
</contributors>
<publication_date media_type="print">
<month>June</month>
<day></day>
<year>2016</year>
</publication_date>
<pages>
<first_page>91</first_page>
<last_page>109</last_page>
</pages>
<citation_list>
<citation key="ref-1">
<unstructured_citation>B. D. O. Anderson and J. B. Moore Optimal Filtering. New Jersey: Prentice Hall Ins.: Englewood Cliffs, 1979.</unstructured_citation>
</citation>
<citation key="ref-2">
<unstructured_citation>Cubature Kalman filters. IEEE Transactions on Automatic Control, vol. 54, no. 6 (2009), 1254—1269.</unstructured_citation>
</citation>
<citation key="ref-3">
<unstructured_citation>Estimation with Applications to Tracking and Navigation: Theory Algorithms and Software. John Wiley & Sons, 2001.</unstructured_citation>
</citation>
<citation key="ref-4">
<unstructured_citation>Unscented type Kalman filter: Limitation and combination. IET Signal Processing, vol. 7, no. 3 (2013), 167—176.</unstructured_citation>
</citation>
<citation key="ref-5">
<unstructured_citation>Sequential Monte Carlo Methods in Practice. Springer, 2001.</unstructured_citation>
</citation>
<citation key="ref-6">
<unstructured_citation>On sigma-point set rotation in derivative-free filters. In Proceedings of the 17th International Conference on In- formation Fusion, Salamanca, Spain, July 2014, 1—8.</unstructured_citation>
</citation>
<citation key="ref-7">
<unstructured_citation>Sigma-point set rotation in unscented Kalman filter: Anal- ysis and adaptation. In Proceedings of the 19th IFAC World Congress, Cape Town, South Africa, September 2014, 5951—5956.</unstructured_citation>
</citation>
<citation key="ref-8">
<unstructured_citation>Random-point-based filters: Analysis and comparison in target tracking. IEEE Transactions on Aerospace and Electronic Systems, vol. 51, no. 2 (2015), 1403—1421.</unstructured_citation>
</citation>
<citation key="ref-9">
<unstructured_citation>Stochastic integration filter. IEEE Transactions on Automatic Control, vol. 58, no. 6 (2013), 1561—1566.</unstructured_citation>
</citation>
<citation key="ref-10">
<unstructured_citation>Adaptive choice of scaling parameter in derivative-free local filters. In Proceedings of the 2010 International Conference on Information Fusion, Edinburgh, Great Britain, 2010, 1—8.</unstructured_citation>
</citation>
<citation key="ref-11">
<unstructured_citation>Unscented Kalman filter: Aspects and adaptive setting of scaling parameter. IEEE Transactions on Automatic Control, vol. 57, no. 9 (2012), 2411—2416.</unstructured_citation>
</citation>
<citation key="ref-12">
<unstructured_citation>Principles of GNSS, Inertial, and Multisensor Integrated Navigation Systems (2nd Edition). Artech House, 2013.</unstructured_citation>
</citation>
<citation key="ref-13">
<unstructured_citation>Gaussian filters for nonlinear filtering problems. IEEE Transactions on Automatic Control, vol. 45, no. 5 (2000), 910—927.</unstructured_citation>
</citation>
<citation key="ref-14">
<unstructured_citation>Sparse Gauss-Hermite quadrature filter with application to spacecraft attitude estimation. Journal of Guidance, Control, and Dynamics, vol. 34, no. 2 (2011), 367—379.</unstructured_citation>
</citation>
<citation key="ref-15">
<unstructured_citation>High-degree cubature Kalman filter. Automatica, vol. 49, no. 2 (2013), 510—518.</unstructured_citation>
</citation>
<citation key="ref-16">
<unstructured_citation>Unscented filtering and nonlinear estimation. IEEE Review, vol. 92, no. 3 (2004), 401—421.</unstructured_citation>
</citation>
<citation key="ref-17">
<unstructured_citation>A new method for the nonlinear transformation of means and covariances in filters and estimators. IEEE Transactions on Automatic Control, vol. 45, no. 3 (2000), 477—482.</unstructured_citation>
</citation>
<citation key="ref-18">
<unstructured_citation>Advanced Multivariate Statistics with Matrices, volume 579 of Mathematics and Its Applications. Springer, 2005.</unstructured_citation>
</citation>
<citation key="ref-19">
<unstructured_citation>Gaussian sum particle filtering. IEEE Transactions on Signal Processing, vol. 51, no. 10 (2003), 2602—2612.</unstructured_citation>
</citation>
<citation key="ref-20">
<unstructured_citation>Measuring estimator’s credibility: Noncredibility index. In Proceedings of the 2006 International Conference on Information Fusion, Florence, Italy, 2006.</unstructured_citation>
</citation>
<citation key="ref-21">
<unstructured_citation>Optimal Estimation. New York: John Wiley & Sons, 1986.</unstructured_citation>
</citation>
<citation key="ref-22">
<unstructured_citation>Matrix Analysis and Applied Linear Algebra. SIAM, 2000.</unstructured_citation>
</citation>
<citation key="ref-23">
<unstructured_citation>New developments in state estimation for nonlinear sys- tems. Automatica, vol. 36, no. 11 (2000), 1627—1638.</unstructured_citation>
</citation>
<citation key="ref-24">
<unstructured_citation>Evaluation of matrix square root operations for UKF within a UAV GPS/INS sensor fusion application. International Journal of Navigation and Observation, vol. 2011 (2011).</unstructured_citation>
</citation>
<citation key="ref-25">
<unstructured_citation>Beyond the Kalman Filter: Particle Filters for Tracking Ap- plications. Artech House, 2004.</unstructured_citation>
</citation>
<citation key="ref-26">
<unstructured_citation>Discriminatively trained unscented Kalman filter for mobile robot localization. Journal of Advanced Research in Mechanical Engineering, vol. 1, no. 3 (2010), 153—161.</unstructured_citation>
</citation>
<citation key="ref-27">
<unstructured_citation>Fourier-Hermite Kalman filter. IEEE Transactions on Automatic Control, vol. 57, no. 6 (2012), 1511—1515. 106 JOURNAL OF ADVANCES IN INFORMATION FUSION VOL. 11, NO. 1 JUNE 2016</unstructured_citation>
</citation>
<citation key="ref-28">
<unstructured_citation>Derivative-free estimation methods: New results and per- formance analysis. Automatica, vol. 45, no. 7 (2009), 1749—1757.</unstructured_citation>
</citation>
<citation key="ref-29">
<unstructured_citation>Advanced point-mass method for nonlinear state estima- tion. Automatica, vol. 42, no. 7 (2006), 1133—1145.</unstructured_citation>
</citation>
<citation key="ref-30">
<unstructured_citation>Nonlinear bayesian estimation using Gaussian sum approx- imations. IEEE Transactions of Automatic Control, no. 4 (1972), 439— 448.</unstructured_citation>
</citation>
<citation key="ref-31">
<unstructured_citation>S2KF: The smart sampling Kalman filter. In Proceedings of the 16th International Conference on In- ference Fusion, Istanbul, Turkey, July 2013, 2089—2096.</unstructured_citation>
</citation>
<citation key="ref-32">
<unstructured_citation>Scaling parameter in unscented transform: Analysis and specification. In Proceedings of the 2012 American Control Conference, 2012, 5550—5555. Jind²rich Duník is a scientist at the Department of Cybernetics, Faculty of Applied Sciences, University of West Bohemia (UWB), Czech Republic. He received Ing. (M.Sc.) and Ph.D. degrees in Automatic Control in 2003 and 2008, respectively, both from the UWB. Until 2010, he was with the Department of Cybernetics focusing on the state estimation methods. Then, in the period 2010—2013, he was with Honeywell International, Aerospace Advanced Technology Europe (ATE), working in the areas of inertial and satellite based navigation systems, integrity monitoring methods, and advanced nonlinear estimation techniques. From 2013, he is with the European Centre of Excellence NTIS and Department of Cybernetics, UWB, focusing on the state estimation and system identification. From 2013, he is with Honeywell International, ATE, for part-time. He is the author or co-author of more than 50 technical papers and patent ap- plications devoted to the nonlinear filtering, system identification, and navigation information integrity monitoring. The papers were published at prestigious confer- ences (IFAC, IEEE, ISIF, ION) and journals (e.g., Automatica, IEEE Transactions on Automatic Control, IEEE Transactions on Aerospace and Electronic Systems). He is a guest area editor for the Journal of Advances in Information Fusion for the special issue on Nonlinear Derivative-Free Filters: Theory and Application and IPC Co-chair of the 12th European Workshop on Advanced Control and Diagnosis. He has also participated in a number of projects of fundamental and applied research (Czech Science Foundation, EU SESAR, ESA). Jind²rich received several Honeywell Bravo Awards and the Technology Achieve- ment Award in 2016 for aircraft navigation system design and Werner von Siemens Excellence Award in 2014 for the basic research New Approaches and Methods of Nonlinear State Estimation and Optimal Decision Making under Uncertainty.</unstructured_citation>
</citation>
<citation key="ref-33">
<unstructured_citation>Unscented Kalman filter with advanced adaptation of scal- ing parameter. Automatica, vol. 5, no. 10 (2014), 2657—2664.</unstructured_citation>
</citation>
<citation key="ref-34">
<unstructured_citation>Aspects and comparison of matrix decompositions in un- scented Kalman filter. In Proceedings of the 2013 American Control Conference, Washington, DC, USA, 2013, 3075—3080.</unstructured_citation>
</citation>
<citation key="ref-35">
<unstructured_citation>Scaling parameter in unscented transformation: Analysis and specification. In Proceedings of the 2012 American Control Conference, Montreal, Canada, June 2012, 5550—5555.</unstructured_citation>
</citation>
<citation key="ref-36">
<unstructured_citation>Model based learning of sigma points in unscented Kalman filter. Neurocomputing, vol. 80 (2012), 47—53.</unstructured_citation>
</citation>
<citation key="ref-37">
<unstructured_citation>A Gaussian approximation recursive filter for nonlinear systems with correlated noises. Automatica, vol. 48, no. 9 (2012), 2290—2297. SIGMA-POINT SET ROTATION FOR DERIVATIVE-FREE FILTERS IN TARGET TRACKING APPLICATIONS 107 Ond²rej Straka is head of Research Group Identification and Decision-Making in the European Centre of Excellence NTIS–New Technologies for the Information Society, where he focuses on nonlinear state estimation, stochastic systems, and system identification. Dr. Straka focuses his research interests on both local and global nonlinear state estimation methods, performance evaluation and fault detection in navigation systems. He has published over fifty journal and conference papers in journals such as Automatica, IEEE Transactions on Automatic Control, IEEE Transactions on Aerospace and Electronic Systems, Signal Processing and at international conferences such as American Control Conference, World Congresses and Symposia of the International Federation of Automatic Control, IFAC, and FUSION Conferences. He has participated in a number of projects of fundamental research and in several project of applied research (e.g., GNSS-based safe train localization, attitude and heading reference system). He was involved in development of several software frameworks for nonlinear state estimation. Dr. Straka received his Master’s degree in Cybernetics and Control Engineering (in 1998) and his Ph.D. degree in Cybernetics (in 2004) both from University of West Bohemia. Since 2015 he has been associate professor at the Department of Cybernetics, University of West Bohemia. Miroslav ²Simandl was born in Ledce, Czechoslovakia, in 1954. He received the M.Sc. (Dipl.Ing.) degree in control engineering in 1978 and the Ph.D. (C.Sc.) degree in technical cybernetics in 1984, both from the Institute of Technology in Pilsen, Czechoslovakia. In the period 1978—1992, he held various research and teaching positions at the Institute of Technology in Pilsen. In the period 1993—2001, he was associate professor, and since 2002 he has held the position of professor at the Department of Cybernetics, Faculty of Applied Sciences, University of West Bohemia, Pilsen, Czech Republic. Since 2011, he has held the position of vice-rector for research and development at the University of West Bohemia. Currently, he is also with the European Centre of Excellence–New Technologies for the Information Society (NTIS). Within IFAC, he served as the co-chair of the International Programme Committee of the 16th International Federation of Automatic Control (IFAC) World Congress in Prague, 2005, and he has served as a member of two technical committees of IFAC. Prof. ²Simandl is the author or co-author of many journal and conference technical papers. His main research interests are in the fields of nonlinear filtering, active fault detection, nonlinear identification, and adaptive dual control. In 2014 he received the Werner von Siemens Excellence Award for the basic research New Approaches and Methods of Nonlinear State Estimation and Optimal Decision Making under Uncertainty. 108 JOURNAL OF ADVANCES IN INFORMATION FUSION VOL. 11, NO. 1 JUNE 2016 Erik P. Blasch is a principal scientist at the the United States Air Force Research Laboratory (AFRL) in the Information Directorate at Rome, NY, USA. From 2009—2012, he was an exchange scientist to Defence Research and Development Canada (DRDC) at Valcartier, Quebec. From 2000—2009, Dr. Blasch was the Information Fusion Evaluation Tech Lead for the AFRL Sensors Directorate– COMprehensive Performance Assessment of Sensor Exploitation (COMPASE) Center supporting design evaluations in Dayton, OH. Dr. Blasch has been an Adjunct Electrical Engineering Professor at Wright State University, the Air Force Institute of Technology, and the University of Dayton teaching signal processing, target tracking, and information fusion. He has also held various assignements as a reserve military officer supporting space situational awareness, photonics design, and dynamic data driven application systems. Dr. Blasch was a founding member of the International Society of Information Fusion (ISIF) (www.isif.org) in 1998, held various leadership roles for the Fusion conferences, a Board of Governors (BoG) member (1999—2010), and the 2007 ISIF President. For the Institute of Electrical and Electronics Engineers (IEEE), he has served as a member of the Aerospace and Electronics Systems Society (AESS) BoG (2011—2016), the AESS International Chapters Chair (2012—2016), representative to AIAA (2013—2016), and an AESS Distinguished lecturer (2013—2016). He has focused on information fusion, target tracking, pattern recognition, and robitcs research compiling 600+ scientific papers and book chapters. He holds 8 patents, presented over 30 tutorials, and is an associate editor of three academic journals. His books include High-Level Information Fusion Management and Systems Design (Artech House, 2012) and Context Enhanced Information Fusion (Springer, 2016). Dr. Blasch received his B.S. in Mechanical Engineering from the Massachusetts Institute of Technology in 1992 and Master’s Degrees in Mechanical (’94), Health Science (’95), and Industrial Engineering (Human Factors) (’95) from Georgia Tech and attended the University of Wisconsin for a MD/PhD in Neurosciences/Mech. Eng until being called to military service in 1996 to the United States Air Force. He completed an MBA (’98), MSEE (’98), MS Econ(’99), and a PhD (’99) in Electrical Engineering from Wright State University and is a graduate of Air War College (’08). He is the recipeint of the IEEE Bio-Engineering Award (Russ-2008), IEEE AESS Magazine Best Paper Award (Mimno-2012), and Military Sensing Symposium Ledaership in Data Fusion Award (Mignogna-2014). He is a Fellow of SPIE, Associate Fellow of AIAA, and a senior member of IEEE. SIGMA-POINT SET ROTATION FOR DERIVATIVE-FREE FILTERS IN TARGET TRACKING APPLICATIONS 109</unstructured_citation>
</citation>
</citation_list>
</journal_article>
</journal>
</body>
</doi_batch>