<doi_batch xmlns="http://www.crossref.org/schema/4.3.7" xmlns:xsi="http://www.w3.org/2001/XMLSchema-instance" version="4.3.7" xsi:schemaLocation="http://www.crossref.org/schema/4.3.7 http://www.crossref.org/schema/deposit/crossref4.3.7.xsd">
<head>
<doi_batch_id></doi_batch_id>
<timestamp>1639242204.1708124</timestamp>
<depositor>
<depositor_name></depositor_name>
<email_address></email_address>
</depositor>
<registrant>WEB-FORM</registrant>
</head>
<body>
<journal>
<journal_metadata>
<full_title>Journal of Advances in Information Fusion</full_title>
<abbrev_title>JAIF</abbrev_title>
<issn media_type="print">1557-6418</issn>
</journal_metadata>
<journal_issue>
<publication_date media_type="print">
<month>December</month>
<day></day>
<year>2011</year>
</publication_date>
<journal_volume>
<volume>6</volume>
</journal_volume>
<issue>2</issue>
</journal_issue>
<journal_article publication_type="full_text">
<titles>
<title>Detecting a Small Boat using Histogram PMHT</title>
</titles>
<contributors>
<person_name sequence="first" contributor_role="author">
<given_name>Samuel J.</given_name>
<surname>Davey</surname>
<ORCID></ORCID>
</person_name>
</contributors>
<publication_date media_type="print">
<month>December</month>
<day></day>
<year>2011</year>
</publication_date>
<pages>
<first_page>167</first_page>
<last_page>186</last_page>
</pages>
<citation_list>
<citation key="ref-1">
<unstructured_citation>Y. Bar-Shalom and X. R. Li Multitarget-multisensor tracking: principles and techniques. Storrs, CT: YBS, 1995.</unstructured_citation>
</citation>
<citation key="ref-2">
<unstructured_citation>Dynamic programming algorithm for detecting dim moving targets. In Y. Bar-Shalom, Ed., Multitarget-Multisensor Tracking: Advanced Applications, Artech House, 1990, ch. 4.</unstructured_citation>
</citation>
<citation key="ref-3">
<unstructured_citation>Design and Analysis of Modern Tracking Systems. Norwood, MA: Artec House, 1999.</unstructured_citation>
</citation>
<citation key="ref-4">
<unstructured_citation>Particle filter based detection for tracking. In Proceedings of the American Control Conference, Arling- ton, VA, June 2001, 4393—4397.</unstructured_citation>
</citation>
<citation key="ref-5">
<unstructured_citation>PDAF with multiple clutter regions and target models. IEEE Transactions on Aerospace and Electronic Systems, 39, 1 (Jan. 2003), 110—124.</unstructured_citation>
</citation>
<citation key="ref-6">
<unstructured_citation>Histogram PMHT with particles. In Proceedings of the 14th International Conference on In- formation Fusion, July 2011.</unstructured_citation>
</citation>
<citation key="ref-7">
<unstructured_citation>Integrated track maintenance for the PMHT via the hys- teresis mdoel. IEEE Transactions on Aerospace and Electronic Systems, 43, 1 (Jan. 2007), 93—111.</unstructured_citation>
</citation>
<citation key="ref-8">
<unstructured_citation>A comparison of detection performance for several track- before-detect algorithms. EURASIP Journal on Advances in Signal Processing, 2008.</unstructured_citation>
</citation>
<citation key="ref-9">
<unstructured_citation>Computer and Robot Vision. Addison-Wesley, 1992, vol. 1.</unstructured_citation>
</citation>
<citation key="ref-10">
<unstructured_citation>A track management system for the PMHT algorithm. In Proceedings of the 4th International Conference on Infor- mation Fusion, Montreal, Canada, Aug. 2001.</unstructured_citation>
</citation>
<citation key="ref-11">
<unstructured_citation>Continuous-discrete filtering for dim manoeuvring mar- itime targets. July 2007.</unstructured_citation>
</citation>
<citation key="ref-12">
<unstructured_citation>Impact of measurement model mismatch on nonlinear track-before-detect performance. In Radar Conference, 2008 (RADAR ’08, IEEE), May 2008, 1—6.</unstructured_citation>
</citation>
<citation key="ref-13">
<unstructured_citation>Track-before-detect using swerling 0, 1, and 3 target mod- els for small manoeuvring maritime targets. Journal on Advances in Signal Processing (EURASIP), 2008.</unstructured_citation>
</citation>
<citation key="ref-14">
<unstructured_citation>Detection of moving optical objects. In International Telemetering Conference, Los Angeles, CA, 1978, 325—330.</unstructured_citation>
</citation>
<citation key="ref-15">
<unstructured_citation>Precision tracking with segmentation for imaging sensors. IEEE Transactions on Aerospace and Electronic Systems, 29, 3 (July 1993), 977—987.</unstructured_citation>
</citation>
<citation key="ref-16">
<unstructured_citation>Multi-target tracking in clutter with histogram probabilistic multi-hypothesis tracker. In IEEE Conference on Systems Engineering, 2005, 137— 142. DAVEY: DETECTING A SMALL BOAT USING HISTOGRAM PMHT 185</unstructured_citation>
</citation>
<citation key="ref-17">
<unstructured_citation>An algorithm for detection of moving optical targets. IEEE Transactions on Aerospace and Electronic Systems, 25, 1 (Jan. 1989), 56—63.</unstructured_citation>
</citation>
<citation key="ref-18">
<unstructured_citation>Beyond the Kalman Filter: Particle Filters for Tracking Ap- plications. Artech House, 2004.</unstructured_citation>
</citation>
<citation key="ref-19">
<unstructured_citation>A particle filter for track-before-detect. In Proceedings of the American Control Conference, Arling- ton, VA, June 2001, 3755—3760.</unstructured_citation>
</citation>
<citation key="ref-20">
<unstructured_citation>On the detection of target trajectories in a mutli target environment. In IEEE Conference on Decision and Control, San Diego, CA, 1978, 1189—1194.</unstructured_citation>
</citation>
<citation key="ref-21">
<unstructured_citation>Bayesian Multiple Target Tracking. Artech House, 1999.</unstructured_citation>
</citation>
<citation key="ref-22">
<unstructured_citation>Tracking on intensity-modulated data streams. NUWC, RI: Technical report 11221, May 2000. Samuel Davey received the Bachelor of Engineering, Master of Mathematical Science, and Ph.D. degrees from the University of Adelaide, Australia, in 1996, 1999, and 2003, respectively. Since 1995 he has worked for the Defence Science and Technology Organi- sation, Australia, in the areas of target tracking, tracker performance assessment, and multi-sensor fusion. He is also a Visiting Research Fellow at the University of Adelaide.</unstructured_citation>
</citation>
<citation key="ref-23">
<unstructured_citation>Tracking targets with specified spectra using the H-PMHT algorithm. NUWC, RI: Technical report 11291, June 2001.</unstructured_citation>
</citation>
<citation key="ref-24">
<unstructured_citation>Multitarget tracking of distributed targets using histogram- PMHT. Digital Signal Processing, 12, 2 (July 2002).</unstructured_citation>
</citation>
<citation key="ref-25">
<unstructured_citation>Joint detection and estimation of multiple objects from image observations. IEEE Transactions on Signal Processing, 58, 10 (Oct. 2010), 5129—5141.</unstructured_citation>
</citation>
<citation key="ref-26">
<unstructured_citation>Histogram PMHT with target extent estimates based on random matrices. In Proceedings of the 14th International Conference on In- formation Fusion, July 2011. 186 JOURNAL OF ADVANCES IN INFORMATION FUSION VOL. 6, NO. 2 DECEMBER 2011</unstructured_citation>
</citation>
</citation_list>
</journal_article>
</journal>
</body>
</doi_batch>