<doi_batch xmlns="http://www.crossref.org/schema/4.3.7" xmlns:xsi="http://www.w3.org/2001/XMLSchema-instance" version="4.3.7" xsi:schemaLocation="http://www.crossref.org/schema/4.3.7 http://www.crossref.org/schema/deposit/crossref4.3.7.xsd">
<head>
<doi_batch_id></doi_batch_id>
<timestamp>1645533942.0198395</timestamp>
<depositor>
<depositor_name></depositor_name>
<email_address></email_address>
</depositor>
<registrant>WEB-FORM</registrant>
</head>
<body>
<journal>
<journal_metadata>
<full_title>Journal of Advances in Information Fusion</full_title>
<abbrev_title>JAIF</abbrev_title>
<issn media_type="print">1557-6418</issn>
</journal_metadata>
<journal_issue>
<publication_date media_type="print">
<month>December</month>
<day></day>
<year>2019</year>
</publication_date>
<journal_volume>
<volume>14</volume>
</journal_volume>
<issue>2</issue>
</journal_issue>
<journal_article publication_type="full_text">
<titles>
<title>Forty Years of Multiple Hypothesis Tracking</title>
</titles>
<contributors>
<person_name sequence="first" contributor_role="author">
<given_name>Chee-Yee </given_name>
<surname>Chong</surname>
<ORCID></ORCID>
</person_name>
<person_name sequence="first" contributor_role="author">
<given_name>Shozo </given_name>
<surname>Mori</surname>
<ORCID></ORCID>
</person_name>
<person_name sequence="first" contributor_role="author">
<given_name>Donald B.  </given_name>
<surname>Reid</surname>
<ORCID></ORCID>
</person_name>
</contributors>
<publication_date media_type="print">
<month>December</month>
<day></day>
<year>2019</year>
</publication_date>
<pages>
<first_page>131</first_page>
<last_page>153</last_page>
</pages>
<citation_list>
<citation key="ref-1">
<unstructured_citation>.Accessed: Feb. 15, 2019.Available: https://motchallenge.net/. 189. J. H. Faghmous et al. “Multiple hypothesis object tracking for unsupervised self-learning: An ocean eddy tracking application,” in Proc. 23th AAAI Conf. Artif. Intell., 2013. 190. J. Kubica, A.Moore, A. Connolly, and R. Jedicke “A multiple tree algorithm for the efficient association of asteroid observations,” in Proc. 11th ACM SIGKDD Int. Conf. Knowl.Discov.Data Mining, New York, NY, 2005. 191. D. Kempton, K. G. Pillai, and R. Angryk “Iterative refinement of multiple targets tracking of solar events,” in Proc. 2014 IEEE Int. Conf. Big Data, Washington, DC, 2014. 192. D. J. Kempton and R. A. Angryk “Tracking solar events through iterative refinement,” Astron. Comput., vol. 13, pp. 124–135, Nov. 2015. 193. G. V. Cybenko and C. Alberola “Tracking with text-based messages,” IEEE Intell. Syst., vol. 14, no. 4, pp. 70–78, 1999. 194. S. Aja-Fernández, C. Alberola-López, and G. Cybenko “A fuzzy MHT algorithm applied to text-based information tracking,” IEEE Trans. Fuzzy Syst., vol. 10, pp. 360–374, Jul. 2002. 195. V. H. Berk, G. V. Cybenko, and R. S. Gray “Early detection of active Internet worms,” in Managing Cyber Threats: Issues, Approaches, and Challenges, V. Kumar, J. Srivastava, and A. Lazarevic Eds. Boston,MA: Springer US, 2005, pp. 147–180. 196. S. Schwoegler, J. Holsopple, S. Blackman, and M. J. Hirsch “On the application of multiple hypothesis tracking to the cyber domain,” in Proc. 14th Int. Conf. Inf. Fusion, Chicago, IL, 2011. 197. J. H. P. Broeke et al., “Automated quantification of cellular traffic in living cells,” J. Neurosci. Methods, vol. 178, no. 2, pp. 378–384, Apr. 2009. 198. L. Feng, Y. Xu, Y. Yang, and X. Zheng “Multiple dense particle tracking in fluorescence microscopy images based on multidimensional assignment,” J. Struct. Biol., vol. 173, no. 2, pp. 219–228, Feb. 2011. 199. N. Chenouard, I. Bloch, and J. Olivo-Marin “Multiple hypothesis tracking in microscopy images,” in Proc. 2009 IEEE Int. Symp. Biomed. Imag.: From Nano to Macro, 2009. 200. N. Chenouard, I. Bloch, and J. Olivo-Marin “Multiple hypothesis tracking for cluttered biological image sequences,” IEEE Trans. Pattern Anal. Mach. Intell., vol. 35, no. 11, pp. 2736–3750, Nov. 2013. 201. E. Cheng, Y. Pang, Y. Zhu, J. Yu, and H. Ling “Curvilinear structure tracking by low rank tensor approximation with model propagation,” in Proc. IEEE Conf. Comput. Vis. Pattern Recognit., 2014. 202. L. Liang, H. Shen, P. De Camilli, and J. S. Duncan “A novel multiple hypothesis based particle tracking method for clathrin mediated endocytosis analysis using fluorescence microscopy,” IEEE Trans. Image Process., vol. 23, no. 4, pp. 1844–1857, Apr. 2014. FORTY YEARS OF MULTIPLE HYPOTHESIS TRACKING 149 https://motchallenge.net/</unstructured_citation>
</citation>
</citation_list>
</journal_article>
</journal>
</body>
</doi_batch>