<doi_batch xmlns="http://www.crossref.org/schema/4.3.7" xmlns:xsi="http://www.w3.org/2001/XMLSchema-instance" version="4.3.7" xsi:schemaLocation="http://www.crossref.org/schema/4.3.7 http://www.crossref.org/schema/deposit/crossref4.3.7.xsd">
<head>
<doi_batch_id></doi_batch_id>
<timestamp>1645533942.025824</timestamp>
<depositor>
<depositor_name></depositor_name>
<email_address></email_address>
</depositor>
<registrant>WEB-FORM</registrant>
</head>
<body>
<journal>
<journal_metadata>
<full_title>Journal of Advances in Information Fusion</full_title>
<abbrev_title>JAIF</abbrev_title>
<issn media_type="print">1557-6418</issn>
</journal_metadata>
<journal_issue>
<publication_date media_type="print">
<month>December</month>
<day></day>
<year>2019</year>
</publication_date>
<journal_volume>
<volume>14</volume>
</journal_volume>
<issue>2</issue>
</journal_issue>
<journal_article publication_type="full_text">
<titles>
<title>Multiple-Hypothesis Tracking and Graph-Based Tracking Extensions</title>
</titles>
<contributors>
<person_name sequence="first" contributor_role="author">
<given_name>Stefano P.  </given_name>
<surname>Coraluppi</surname>
<ORCID></ORCID>
</person_name>
<person_name sequence="first" contributor_role="author">
<given_name>Craig A.  </given_name>
<surname>Carthel</surname>
<ORCID></ORCID>
</person_name>
<person_name sequence="first" contributor_role="author">
<given_name>Alan S.  </given_name>
<surname>Willsky</surname>
<ORCID></ORCID>
</person_name>
</contributors>
<publication_date media_type="print">
<month>December</month>
<day></day>
<year>2019</year>
</publication_date>
<pages>
<first_page>152</first_page>
<last_page>166</last_page>
</pages>
<citation_list>
<citation key="ref-1">
<unstructured_citation></unstructured_citation>
</citation>
</citation_list>
</journal_article>
</journal>
</body>
</doi_batch>