<doi_batch xmlns="http://www.crossref.org/schema/4.3.7" xmlns:xsi="http://www.w3.org/2001/XMLSchema-instance" version="4.3.7" xsi:schemaLocation="http://www.crossref.org/schema/4.3.7 http://www.crossref.org/schema/deposit/crossref4.3.7.xsd">
<head>
<doi_batch_id></doi_batch_id>
<timestamp>1639242078.4960122</timestamp>
<depositor>
<depositor_name></depositor_name>
<email_address></email_address>
</depositor>
<registrant>WEB-FORM</registrant>
</head>
<body>
<journal>
<journal_metadata>
<full_title>Journal of Advances in Information Fusion</full_title>
<abbrev_title>JAIF</abbrev_title>
<issn media_type="print">1557-6418</issn>
</journal_metadata>
<journal_issue>
<publication_date media_type="print">
<month>December</month>
<day></day>
<year>2019</year>
</publication_date>
<journal_volume>
<volume>14</volume>
</journal_volume>
<issue>2</issue>
</journal_issue>
<journal_article publication_type="full_text">
<titles>
<title>Three Mathematical Formalisms of Multiple Hypothesis Tracking</title>
</titles>
<contributors>
<person_name sequence="first" contributor_role="author">
<given_name>Shozo </given_name>
<surname>Mori</surname>
<ORCID></ORCID>
</person_name>
<person_name sequence="first" contributor_role="author">
<given_name>Chee-Yee </given_name>
<surname>Chong</surname>
<ORCID></ORCID>
</person_name>
<person_name sequence="first" contributor_role="author">
<given_name>Kuo-Chu </given_name>
<surname>Chang</surname>
<ORCID></ORCID>
</person_name>
</contributors>
<publication_date media_type="print">
<month>December</month>
<day></day>
<year>2019</year>
</publication_date>
<pages>
<first_page>176</first_page>
<last_page>198</last_page>
</pages>
<citation_list>
<citation key="ref-1">
<unstructured_citation>Y. Bar-Shalom, X. R. Li, and T. Kirubarajan Estimation with Applications to Tracking and Navigation. Hoboken, NJ:Wiley, 2001.</unstructured_citation>
</citation>
<citation key="ref-2">
<unstructured_citation>Design and Analysis ofModern Tracking Systems.Norwood, MA:Artech House, 1999.</unstructured_citation>
</citation>
<citation key="ref-3">
<unstructured_citation>Bayesian Multiple Target Tracking, 2nd ed. Norwood, MA: Artech House, 2014.</unstructured_citation>
</citation>
<citation key="ref-4">
<unstructured_citation>“Tracking methods in a multitarget environment,” IEEE Trans. Autom. Control, vol. 23, no. 4, pp. 618–626, Aug. 1978.</unstructured_citation>
</citation>
<citation key="ref-5">
<unstructured_citation>“Application of 0–1 integer programming to multi-target tracking problems,” IEEE Trans. Autom. Control, vol. 23, no. 3, pp. 302–312, Jun. 1977.</unstructured_citation>
</citation>
<citation key="ref-6">
<unstructured_citation>“An algorithm for tracking multiple targets,” IEEE Trans. Autom. Control, vol. 24, no. 6, pp. 843–854 Dec. 1979.</unstructured_citation>
</citation>
<citation key="ref-7">
<unstructured_citation>“Tracking and classifying multiple targets without a priori identification,” IEEE Trans. Autom. Control, vol. 31, no. 5, pp. 401–409, May 1986.</unstructured_citation>
</citation>
<citation key="ref-8">
<unstructured_citation>“Forty years of multiple hypothesis tracking,” J. Adv. Inf. Fusion, vol. 14, no. 2, Dec. 2019; an earlier version appeared as C.-Y. Chong, S. Mori, and D. B. Reid “Forty years of multiple hypothesis tracking—A review of key developments,” in Proc. 21st Int. Conf. Inf. Fusion, Cambridge,UK, Jul. 2018.</unstructured_citation>
</citation>
<citation key="ref-9">
<unstructured_citation>“Three formalisms of multiple hypothesis tracking,” in Proc. 19th Int. Conf. Inf. Fusion, Heidelberg, Germany, Jul. 2016.</unstructured_citation>
</citation>
<citation key="ref-10">
<unstructured_citation>Topology, 2nd ed. London, U.K.: Pearson Education, 2015.</unstructured_citation>
</citation>
<citation key="ref-11">
<unstructured_citation>Functional Analysis. New York, NY:McGraw-Hill, 1973. THREE MATHEMATICAL FORMALISMS OF MULTIPLE HYPOTHESIS TRACKING 195</unstructured_citation>
</citation>
<citation key="ref-12">
<unstructured_citation>“Tracking in a cluttered environment with probabilistic data association,” Automatica, vol. 11, pp. 451–460, Sep. 1975.</unstructured_citation>
</citation>
<citation key="ref-13">
<unstructured_citation>“Extension of the probabilistic data association filter in multitarget tracking,” in Proc. 5th Symp. Nonlinear Estimation, San Diego, CA, Sep. 1974, pp. 16–21.</unstructured_citation>
</citation>
<citation key="ref-14">
<unstructured_citation>Combinatorics on Words. Cambridge, U.K.: Cambridge University Press, 1997.</unstructured_citation>
</citation>
<citation key="ref-15">
<unstructured_citation>An Introduction to the Theory of Point Processes, vol. I: Elementary Theory and Methods, 2nd ed. Berlin, Germany: Springer, 2003.</unstructured_citation>
</citation>
<citation key="ref-16">
<unstructured_citation>“Point process formalism of multitarget tracking,” in Proc. 5th Int. Conf. Inf. Fusion, Annapolis, MD, Jul. 2002.</unstructured_citation>
</citation>
<citation key="ref-17">
<unstructured_citation>Stochastic Theory and Cascade Processes. New York, NY: Academic Elsevier, 1969.</unstructured_citation>
</citation>
<citation key="ref-18">
<unstructured_citation>“On the absorption of a nucleon cascade,” Proc. R. Irish Acad. Sect. A: Math. Phys. Sci., vol. 53, pp. 181–188, 1950.</unstructured_citation>
</citation>
<citation key="ref-19">
<unstructured_citation>“Symmetric products of surfaces: a unifying theme for topology and physics,” in Proc. Summer School Mod.Math. Phys., SFIN XV (A3), Institute of Physics, Belgrade, Serbia, 2002.</unstructured_citation>
</citation>
<citation key="ref-20">
<unstructured_citation>“Topologies on spaces of subsets,” Trans. Amer.Math. Soc., vol. 71, pp. 152–182, 1951.</unstructured_citation>
</citation>
<citation key="ref-21">
<unstructured_citation>“A bargaining process modeled as an infinite dynamic non-cooperative game,” in Proc. Amer. Control Conf., Arlington, VA, Jun. 1982.</unstructured_citation>
</citation>
<citation key="ref-22">
<unstructured_citation>Point Processes and Their Statistical Inference. New York, NY:Marcel Dekker, 1986.</unstructured_citation>
</citation>
<citation key="ref-23">
<unstructured_citation>“The general theory of stochastic population processes,” Acta Math., vol. 108, pp. 1–31, 1962.</unstructured_citation>
</citation>
<citation key="ref-24">
<unstructured_citation>“Sur les Processus Stationnaires Ponctuels,” in Le Calcul des Probabilites et ses Applications, no. 13. Paris, France: Centre National de la Recherche Scientifique, 1949.</unstructured_citation>
</citation>
<citation key="ref-25">
<unstructured_citation>Statistical Multisource–Multitarget Information Fusion. Norwood,MA:Artech House, 2007.</unstructured_citation>
</citation>
<citation key="ref-26">
<unstructured_citation>Advances in Statistical Multisource--Multitarget Information Fusion. Norwood,MA:Artech House, 2014.</unstructured_citation>
</citation>
<citation key="ref-27">
<unstructured_citation>Mathematics of Data Fusion. Dordrecht, The Netherlands: Kluwer Academic Publishers, 1997.</unstructured_citation>
</citation>
<citation key="ref-28">
<unstructured_citation>Real Analysis, 3rd ed. Upper Saddle River, NJ: Prentice-Hall, 1988.</unstructured_citation>
</citation>
<citation key="ref-29">
<unstructured_citation>“A general form of integral,” Ann.Math., Second Ser., vol. 19, no. 4, pp. 276–294, Jun. 1918.</unstructured_citation>
</citation>
<citation key="ref-30">
<unstructured_citation>“Joint multitarget probabilities for detection and tracking,” in Proc. SPIE AEROSENSE ’97 Conf. Acquisition, Tracking, Pointing XI, Orlando, FL, Apr. 1997, vol. 3086, pp. 122–128.</unstructured_citation>
</citation>
<citation key="ref-31">
<unstructured_citation>“Evaluation of data association hypotheses: Non-Poisson i.i.d. cases,” in Proc. 7th Int. Conf. Inf. Fusion, Stockholm, Sweden, Jul. 2004, pp. 1133–1140.</unstructured_citation>
</citation>
<citation key="ref-32">
<unstructured_citation>“A new class of methods for solving data association problems arising from multitarget tracking,” in Proc. Amer. Autom. Control Conf., Boston, MA, Jun. 1991, vol. 3, pp. 2302–2304.</unstructured_citation>
</citation>
<citation key="ref-33">
<unstructured_citation>“Labeled random finite sets and the Bayes multi-target tracking filter,” IEEE Trans. Signal Process., vol. 62, no. 24, pp. 6554–6567, Dec. 2014.</unstructured_citation>
</citation>
<citation key="ref-34">
<unstructured_citation>“Tracking aircraft by acoustic sensors—multiple hypothesis approach applied to possibly unresolved measurements,” in Proc. Amer. Control Conf., Minneapolis, MN, Jun. 1987, pp. 1099–1103.</unstructured_citation>
</citation>
<citation key="ref-35">
<unstructured_citation>“Multiple-hypothesis tracking for targets producing multiple measurements,” IEEE Trans. Aerosp. Electron. Syst., vol. 54, no. 3, pp. 1485–1498, Jun. 2018.</unstructured_citation>
</citation>
<citation key="ref-36">
<unstructured_citation>“Marginal multi-Bernoulli filters: RFS derivations of MHT, JIPDA, and association-based MeMBer,” IEEE Trans. Aerosp. Electron. Syst., vol. 51, no. 3, pp. 1664–1687, Jul. 2015.</unstructured_citation>
</citation>
<citation key="ref-37">
<unstructured_citation>“Relationship between finite set statistics and the multiple hypothesis tracker,” IEEE Trans. Aerosp. Electron. Syst., vol. 54, no. 4, pp. 1902–1917, Jul. 2018.</unstructured_citation>
</citation>
<citation key="ref-38">
<unstructured_citation>“The multiple hypothesis tracker derived from finite set statistics,” in Proc. 20th Int. Conf. Inf. Fusion, Xi’an, China, Jul. 2017.</unstructured_citation>
</citation>
<citation key="ref-39">
<unstructured_citation>Á. F. García-Fernández “Poisson multi-Bernoulli mixture trackers: Continuity through random finite sets of trajectories,” in Proc. Int. Conf. Inf. Fusion, Cambridge, UK, Jul. 2018.</unstructured_citation>
</citation>
<citation key="ref-40">
<unstructured_citation>Random Sets and Integral Geometry. Hoboken, NJ:Wiley, 1975.</unstructured_citation>
</citation>
<citation key="ref-41">
<unstructured_citation>“A multiple hypothesis filter for tracking multiple targets in a cluttered environment,” Lockheed Report LMSC-D560254,Lockheed Palo Alto Research Laboratory, Palo Alto, CA, Sep. 1977.</unstructured_citation>
</citation>
<citation key="ref-42">
<unstructured_citation>Stochastic Geometry and Its Applications, 2nd ed.Hoboken, NJ:Wiley, 1995.</unstructured_citation>
</citation>
<citation key="ref-43">
<unstructured_citation>“Data association hypothesis evaluation for i.i.d. but non-Poisson multiple target tracking,” in Proc. SPIE Symp. Signal Data Process. Small Targets, O. Drummond Ed. Orland, FL, Apr. 2004, vol. 5428, pp. 224–236.</unstructured_citation>
</citation>
<citation key="ref-44">
<unstructured_citation>“Random sets in data fusion,” in Proc. SPIE Symp. Signal Data Process. Tracking Small Targets, O. Drummond Ed. San Diego, CA,Aug. 1997, vol. 3163, pp. 278–289.</unstructured_citation>
</citation>
<citation key="ref-45">
<unstructured_citation>Theory of Random Sets. Berlin, Germany: Springer, 2005. 196 JOURNAL OF ADVANCES IN INFORMATION FUSION VOL. 14, NO. 2 DECEMBER 2019</unstructured_citation>
</citation>
<citation key="ref-46">
<unstructured_citation>“The interacting multiple model algorithm for systems with Markovian switching coefficients,” IEEE Trans. Autom. Control, vol. 33, no. 8, pp. 780–783, Aug. 1988.</unstructured_citation>
</citation>
<citation key="ref-47">
<unstructured_citation>Introduction to Semigroups. Durham, NC: Bell & Howell, 1973. ShozoMori received the B.S.degree in electric engineering fromWasedaUniversity, Tokyo, Japan, in 1970, the M.S. degree in control engineering from Tokyo Institute of Technology, Tokyo, Japan, in 1972, and the Ph.D. degree in engineering economic systems from Stanford University, Stanford, CA, in 1983. He is currently a Consul- tant with Systems & Technology Research (STR), Sacramento, CA, USA. He was with Advanced Decision & Information Systems (later acquired by Booz-Allen & Hamilton),Mountain View, CA,USA, from 1980 to 1991, Tiburon Systems (later ac- quired by Texas Instruments, and then by Raytheon Company), San Jose, CA,USA, from 1992 to 1999, Information Extraction & Transport, Arlington, VA, USA, from 2000 to 2003, ALPHATECH (later acquired by BAE Systems), Burlington, MA, USA, from 2003 to 2013,and STR,Woburn,MA,USA, from 2013 to present.His cur- rent research interests include multiple target tracking, particularly as applications of theories of random finite sets and finite point processes, distributed data fusion problems in various domains, and applications of theories of information processing and multiple-person decision-making systems to economic and social system analy- sis. He is an IEEE Life Member. He was a member of Program Committee for MSS National Sensor and Data Fusion Symposium, and was an Area/Assistant Editor for the IEEE Transactions on Systems, Man, and Cybernetics, IEEE Transactions onAerospace andElectronic Systems,and Journal of Advances in Information Fu- sion published by International Society of Information Fusion.He was the recipient of 2016 Joseph Mignogna Data Fusion Award.</unstructured_citation>
</citation>
</citation_list>
</journal_article>
</journal>
</body>
</doi_batch>