<doi_batch xmlns="http://www.crossref.org/schema/4.3.7" xmlns:xsi="http://www.w3.org/2001/XMLSchema-instance" version="4.3.7" xsi:schemaLocation="http://www.crossref.org/schema/4.3.7 http://www.crossref.org/schema/deposit/crossref4.3.7.xsd">
<head>
<doi_batch_id></doi_batch_id>
<timestamp>1639242131.853394</timestamp>
<depositor>
<depositor_name></depositor_name>
<email_address></email_address>
</depositor>
<registrant>WEB-FORM</registrant>
</head>
<body>
<journal>
<journal_metadata>
<full_title>Journal of Advances in Information Fusion</full_title>
<abbrev_title>JAIF</abbrev_title>
<issn media_type="print">1557-6418</issn>
</journal_metadata>
<journal_issue>
<publication_date media_type="print">
<month>December</month>
<day></day>
<year>2016</year>
</publication_date>
<journal_volume>
<volume>11</volume>
</journal_volume>
<issue>2</issue>
</journal_issue>
<journal_article publication_type="full_text">
<titles>
<title>Methods for Deterministic Approximation of Circular Densities</title>
</titles>
<contributors>
<person_name sequence="first" contributor_role="author">
<given_name>Gerhard </given_name>
<surname>Kurz</surname>
<ORCID></ORCID>
</person_name>
<person_name sequence="first" contributor_role="author">
<given_name>Igor </given_name>
<surname>Gilitschenski</surname>
<ORCID></ORCID>
</person_name>
<person_name sequence="first" contributor_role="author">
<given_name>Roland Y. </given_name>
<surname>Siegwart</surname>
<ORCID></ORCID>
</person_name>
<person_name sequence="first" contributor_role="author">
<given_name>Uwe D. </given_name>
<surname>Hanebeck</surname>
<ORCID></ORCID>
</person_name>
</contributors>
<publication_date media_type="print">
<month>December</month>
<day></day>
<year>2016</year>
</publication_date>
<pages>
<first_page>138</first_page>
<last_page>156</last_page>
</pages>
<citation_list>
<citation key="ref-1">
<unstructured_citation>Abramowitz, M., and Stegun, I. A. Handbook of Mathematical Functions with Formulas, Graphs, and Mathematical Tables, 10th ed. Dover, New York, 1972.</unstructured_citation>
</citation>
<citation key="ref-2">
<unstructured_citation>Wrapped Gaussian Mixture Models for Modeling and High-Rate Quantization of Phase Data of Speech. IEEE Transactions on Audio, Speech, and Language Process- ing 17, 4 (2009), 775—786.</unstructured_citation>
</citation>
<citation key="ref-3">
<unstructured_citation>Computation of Modified Bessel Functions and Their Ra- tios. Mathematics of Computation 28, 125 (1974), 239—251.</unstructured_citation>
</citation>
<citation key="ref-4">
<unstructured_citation>Cubature Kalman Filters. IEEE Transactions on Automatic Control 54, 6 (2009), 1254—1269.</unstructured_citation>
</citation>
<citation key="ref-5">
<unstructured_citation>A Tutorial on Particle Filters for Online Nonlinear/Non- Gaussian Bayesian Tracking. IEEE Transactions on Signal Processing 50, 2 (2002), 174— 188.</unstructured_citation>
</citation>
<citation key="ref-6">
<unstructured_citation>A Recursive Fusion Filter for Angular Data. In IEEE International Conference on Robotics and Biomimet- ics (ROBIO 2009) (2009), pp. 882—887.</unstructured_citation>
</citation>
<citation key="ref-7">
<unstructured_citation>An Optimal Phase Demodulator. Stochastics 1, 1—4 (1975), 3—23.</unstructured_citation>
</citation>
<citation key="ref-8">
<unstructured_citation>Statistical Modelling of Directional Wind Speeds Using Mixtures of von Mises Distributions: Case Study. Energy Conversion and Management 49, 5 (May 2008), 897— 907.</unstructured_citation>
</citation>
<citation key="ref-9">
<unstructured_citation>Estimating Directional Statistics Using Wavefield Modeling and Mixtures of von-Mises Distributions. IEEE Signal Processing Letters 21, 12 (2014), 1496—1500.</unstructured_citation>
</citation>
<citation key="ref-10">
<unstructured_citation>Circular Distributions Based on Nonnegative Trigonometric Sums. Biometrics 60, 2 (2004), 499—503.</unstructured_citation>
</citation>
<citation key="ref-11">
<unstructured_citation>Problems with the Current Definitions of the Standard Deviation of Wind Direction. Journal of Climate and Applied Meteorology 26, 11 (1987), 1522—1529.</unstructured_citation>
</citation>
<citation key="ref-12">
<unstructured_citation>Bearings-Only Sensor Scheduling Using Circular Statistics. In Proceedings of the 16th International Conference on Infor- mation Fusion (Fusion 2013) (Istanbul, Turkey, July 2013).</unstructured_citation>
</citation>
<citation key="ref-13">
<unstructured_citation>A Stochastic Filter for Planar Rigid-Body Motions. In Proceedings of the 2015 IEEE International Conference on Multisensor Fusion and Integration for Intelligent Systems (MFI 2015) (San Diego, California, USA, Sept. 2015). METHODS FOR DETERMINISTIC APPROXIMATION OF CIRCULAR DENSITIES 153</unstructured_citation>
</citation>
<citation key="ref-14">
<unstructured_citation>Non-Identity Measurement Models for Orientation Estima- tion Based on Directional Statistics. In Proceedings of the 18th International Conference on In- formation Fusion (Fusion 2015) (Washington D. C., USA, July 2015).</unstructured_citation>
</citation>
<citation key="ref-15">
<unstructured_citation>Unscented Orientation Estimation Based on the Bingham Distribution. IEEE Transactions on Automatic Control 61, 1 (Jan. 2016), 172—177.</unstructured_citation>
</citation>
<citation key="ref-16">
<unstructured_citation>Localized Cumulative Distributions and a Multivariate Gen- eralization of the Cramér-von Mises Distance. In Proceedings of the 2008 IEEE International Conference on Multisensor Fusion and Integration for Intelligent Systems (MFI 2008) (Seoul, Republic of Korea, Aug. 2008), pp. 33— 39.</unstructured_citation>
</citation>
<citation key="ref-17">
<unstructured_citation>Moment-based Dirac Mixture Approximation of Circular Densities. In Proceedings of the 19th IFAC World Congress (IFAC 2014) (Cape Town, South Africa, Aug. 2014).</unstructured_citation>
</citation>
<citation key="ref-18">
<unstructured_citation>Incomplete Bessel Funcion I 0 : The von Mises Distribution. ACM Transactions On Mathematical Software 3, 3 (Sept. 1977), 279—284.</unstructured_citation>
</citation>
<citation key="ref-19">
<unstructured_citation>Gaussian Filter based on Deterministic Sampling for High Quality Nonlinear Estimation. In Proceedings of the 17th IFAC World Congress (IFAC 2008) (Seoul, Republic of Korea, July 2008), vol. 17.</unstructured_citation>
</citation>
<citation key="ref-20">
<unstructured_citation>New Families of Wrapped Distributions for Modeling Skew Circular Data. Communications in Statistics–Theory and Methods 33, 9 (2004), 2059—2074.</unstructured_citation>
</citation>
<citation key="ref-21">
<unstructured_citation>Topics in Circular Statistics. World Scientific, 2001.</unstructured_citation>
</citation>
<citation key="ref-22">
<unstructured_citation>Adaptive Radial Rule based Cubature Kalman Filter. In American Control Conference (ACC), 2015 (2015), pp. 3156—3161.</unstructured_citation>
</citation>
<citation key="ref-23">
<unstructured_citation>High-degree cubature Kalman filter. Automatica 49, 2 (2013), 510—518.</unstructured_citation>
</citation>
<citation key="ref-24">
<unstructured_citation>Unscented Filtering and Nonlinear Estimation. Proceedings of the IEEE 92, 3 (Mar. 2004), 401—422.</unstructured_citation>
</citation>
<citation key="ref-25">
<unstructured_citation>Gaussian Particle Filtering. IEEE Transactions on Signal Processing 51, 10 (2003), 2592—2601.</unstructured_citation>
</citation>
<citation key="ref-26">
<unstructured_citation>Benjelloun, M. Circular Multiple Change-points Estimation Applied to the GPS-L2C Phase Signal. In Proceedings of the 17th International Conference on Infor- mation Fusion (Fusion 2014) (Salamanca, Spain, July 2014).</unstructured_citation>
</citation>
<citation key="ref-27">
<unstructured_citation>Directional Estimation for Robotic Beating Heart Surgery. PhD thesis, Karlsruhe Institute of Technology, Intelligent Sensor-Actuator-Systems Laboratory, Karlsruhe, Germany, 2015.</unstructured_citation>
</citation>
<citation key="ref-28">
<unstructured_citation>Nonlinear Stochastic Model Predictive Control in the Cir- cular Domain. In Proceedings of the 2015 American Control Conference (ACC 2015) (Chicago, Illinois, USA, July 2015).</unstructured_citation>
</citation>
<citation key="ref-29">
<unstructured_citation>Constrained Object Tracking on Compact One-dimensional Manifolds Based on Directional Statistics. In Proceedings of the Fourth IEEE GRSS International Con- ference on Indoor Positioning and Indoor Navigation (IPIN 2013) (Montbeliard, France, Oct. 2013).</unstructured_citation>
</citation>
<citation key="ref-30">
<unstructured_citation>Bivariate Angular Estimation Under Consideration of De- pendencies Using Directional Statistics. In Proceedings of the 53rd IEEE Conference on Decision and Control (CDC 2014) (Los Angeles, California, USA, Dec. 2014).</unstructured_citation>
</citation>
<citation key="ref-31">
<unstructured_citation>Recursive Nonlinear Filtering for Angular Data Based on Circular Distributions. In Proceedings of the 2013 American Control Conference (ACC 2013) (Washington D. C., USA, June 2013).</unstructured_citation>
</citation>
<citation key="ref-32">
<unstructured_citation>Deterministic Approximation of Circular Densities with Symmetric Dirac Mixtures Based on Two Circular Mo- ments. In Proceedings of the 17th International Conference on Infor- mation Fusion (Fusion 2014) (Salamanca, Spain, July 2014).</unstructured_citation>
</citation>
<citation key="ref-33">
<unstructured_citation>Efficient Evaluation of the Probability Density Function of a Wrapped Normal Distribution. In Proceedings of the IEEE ISIF Workshop on Sensor Data Fusion: Trends, Solutions, Applications (SDF 2014) (Bonn, Germany, Oct. 2014).</unstructured_citation>
</citation>
<citation key="ref-34">
<unstructured_citation>Nonlinear Measurement Update for Estimation of Angular Systems Based on Circular Distributions. In Proceedings of the 2014 American Control Conference (ACC 2014) (Portland, Oregon, USA, June 2014).</unstructured_citation>
</citation>
<citation key="ref-35">
<unstructured_citation>Recursive Bayesian Filtering in Circular State Spaces. IEEE Aerospace and Electronic Systems Magazine 31, 3 (Mar. 2016), 70—87.</unstructured_citation>
</citation>
<citation key="ref-36">
<unstructured_citation>Unscented von Mises-Fisher Filtering. IEEE Signal Processing Letters 23, 4 (Apr. 2016), 463—467.</unstructured_citation>
</citation>
<citation key="ref-37">
<unstructured_citation>libDirectional, 2015. https://github.com/libDirectional.</unstructured_citation>
</citation>
<citation key="ref-38">
<unstructured_citation>Dynamic Surface Reconstruction by Recursive Fusion of Depth and Position Measurements. Journal of Advances in Information Fusion 9, 1 (June 2014), 13—26.</unstructured_citation>
</citation>
<citation key="ref-39">
<unstructured_citation>Heart Phase Estimation Using Directional Statistics for Robotic Beating Heart Surgery. In Proceedings of the 18th International Conference on In- formation Fusion (Fusion 2015) (Washington D. C., USA, July 2015).</unstructured_citation>
</citation>
<citation key="ref-40">
<unstructured_citation>Toroidal Information Fusion Based on the Bivariate von Mises Distribution. In Proceedings of the 2015 IEEE International Conference on Multisensor Fusion and Integration for Intelligent Systems (MFI 2015) (San Diego, California, USA, Sept. 2015).</unstructured_citation>
</citation>
<citation key="ref-41">
<unstructured_citation>A Multivariate von Mises Distribution with Applications to Bioinformatics. Canadian Journal of Statistics 36, 1 (2008), 99—109. 154 JOURNAL OF ADVANCES IN INFORMATION FUSION VOL. 11, NO. 2 DECEMBER 2016</unstructured_citation>
</citation>
<citation key="ref-42">
<unstructured_citation>Directional Statistics, 1st ed. Wiley, Baffins Lane, Chichester, West Sussex, Eng- land, 1999.</unstructured_citation>
</citation>
<citation key="ref-43">
<unstructured_citation>On Wrapping the Kalman Filter and Estimating with the SO(2) Group. In Proceedings of the 19th International Conference on In- formation Fusion (Fusion 2016) (Heidelberg, Germany, July 2016).</unstructured_citation>
</citation>
<citation key="ref-44">
<unstructured_citation>Bearing-Only Tracking with a Mixture of von Mises Dis- tributions. In Proceedings of the 2012 IEEE/RSJ International Confer- ence on Intelligent Robots and Systems (IROS 2012) (Oct. 2012), pp. 707—712.</unstructured_citation>
</citation>
<citation key="ref-45">
<unstructured_citation>Numerical Optimization, 2nd ed. Springer Series in Operations Research and Fi- nancial Engineering. Springer Science & Business Media, 2006.</unstructured_citation>
</citation>
<citation key="ref-46">
<unstructured_citation>Multimodal Circular Filtering Using Fourier Series. In Proceedings of the 18th International Conference on In- formation Fusion (Fusion 2015) (Washington D. C., USA, July 2015).</unstructured_citation>
</citation>
<citation key="ref-47">
<unstructured_citation>Nonlinear Prediction for Circular Filtering Using Fourier Series. In Proceedings of the 19th International Conference on In- formation Fusion (Fusion 2016) (Heidelberg, Germany, July 2016).</unstructured_citation>
</citation>
<citation key="ref-48">
<unstructured_citation>Statistische Methoden beim Gefügestudium krystalliner Schiefer. Sitzungsberichte Akademie der Wissenschaften in Wien 126 (July 1917), 515—539.</unstructured_citation>
</citation>
<citation key="ref-49">
<unstructured_citation>Density Approximation Based on Dirac Mixtures with Re- gard to Nonlinear Estimation and Filtering. In Proceedings of the 2006 IEEE Conference on Decision and Control (CDC 2006) (San Diego, California, USA, Dec. 2006).</unstructured_citation>
</citation>
</citation_list>
</journal_article>
</journal>
</body>
</doi_batch>