<doi_batch xmlns="http://www.crossref.org/schema/4.3.7" xmlns:xsi="http://www.w3.org/2001/XMLSchema-instance" version="4.3.7" xsi:schemaLocation="http://www.crossref.org/schema/4.3.7 http://www.crossref.org/schema/deposit/crossref4.3.7.xsd">
<head>
<doi_batch_id></doi_batch_id>
<timestamp>1639242131.8553877</timestamp>
<depositor>
<depositor_name></depositor_name>
<email_address></email_address>
</depositor>
<registrant>WEB-FORM</registrant>
</head>
<body>
<journal>
<journal_metadata>
<full_title>Journal of Advances in Information Fusion</full_title>
<abbrev_title>JAIF</abbrev_title>
<issn media_type="print">1557-6418</issn>
</journal_metadata>
<journal_issue>
<publication_date media_type="print">
<month>December</month>
<day></day>
<year>2016</year>
</publication_date>
<journal_volume>
<volume>11</volume>
</journal_volume>
<issue>2</issue>
</journal_issue>
<journal_article publication_type="full_text">
<titles>
<title>Multitarget Tracking with the von Mises-Fisher Filter and Probabilistic Data Association</title>
</titles>
<contributors>
<person_name sequence="first" contributor_role="author">
<given_name>Ivan </given_name>
<surname>Markovic</surname>
<ORCID></ORCID>
</person_name>
<person_name sequence="first" contributor_role="author">
<given_name>Mario </given_name>
<surname>Bukal</surname>
<ORCID></ORCID>
</person_name>
<person_name sequence="first" contributor_role="author">
<given_name>Josip </given_name>
<surname>Cesic</surname>
<ORCID></ORCID>
</person_name>
<person_name sequence="first" contributor_role="author">
<given_name>Ivan </given_name>
<surname>Petrovic</surname>
<ORCID></ORCID>
</person_name>
</contributors>
<publication_date media_type="print">
<month>December</month>
<day></day>
<year>2016</year>
</publication_date>
<pages>
<first_page>159</first_page>
<last_page>172</last_page>
</pages>
<citation_list>
<citation key="ref-1">
<unstructured_citation>S. Blackman and R. Popoli Design and Analysis of Modern Tracking Systems. Artech House Publishers, 1999.</unstructured_citation>
</citation>
<citation key="ref-2">
<unstructured_citation>Sonar tracking of multiple targets using joint probabilistic data association filter, Automatica, vol. 11, pp. 451—460, 1975.</unstructured_citation>
</citation>
<citation key="ref-3">
<unstructured_citation>An algorithm for tracking multiple targets, IEEE Transactions on Automatic Control, vol. 24, no. 6, pp. 843—854, 1979.</unstructured_citation>
</citation>
<citation key="ref-4">
<unstructured_citation>Multitarget Bayes filtering via first-order multitarget mo- ments, IEEE Transactions on Aerospace and Electronic Systems, vol. 39, no. 4, pp. 1152—1178, oct 2003.</unstructured_citation>
</citation>
<citation key="ref-5">
<unstructured_citation>Data association and track management for the Gaussian mixture probability hypothesis density filter, IEEE Transactions on Aerospace and Electronic Systems, vol. 45, no. 3, pp. 1003—1016, 2009.</unstructured_citation>
</citation>
<citation key="ref-6">
<unstructured_citation>The Gaussian mixture probability hypothesis density filter, IEEE Transactions on Signal Processing, vol. 54, no. 11, pp. 4091—4104, nov 2006.</unstructured_citation>
</citation>
<citation key="ref-7">
<unstructured_citation>PHD filters of higher order in target number, IEEE Transactions on Aerospace and Electronic Systems, vol. 43, no. 4, pp. 1523—1543, 2007. 168 JOURNAL OF ADVANCES IN INFORMATION FUSION VOL. 11, NO. 2 DECEMBER 2016</unstructured_citation>
</citation>
<citation key="ref-8">
<unstructured_citation>Analytic implementations of the cardinalized probability hypothesis density filter, IEEE Transactions on Signal Processing, vol. 55, no. 7, pp. 3553—3567, jul 2007.</unstructured_citation>
</citation>
<citation key="ref-9">
<unstructured_citation>Statistical Multisource-Multitarget Information Fusion. Arthech House, 2007.</unstructured_citation>
</citation>
<citation key="ref-10">
<unstructured_citation>The cardinality balanced multi-target multi-Bernoulli filter and its implementations, IEEE Transactions on Signal Processing, vol. 57, no. 2, pp. 409—423, 2009.</unstructured_citation>
</citation>
<citation key="ref-11">
<unstructured_citation>The labeled multi-Bernoulli filter, IEEE Transactions on Signal Processing, vol. 62, no. 12, pp. 3246—3260, 2014.</unstructured_citation>
</citation>
<citation key="ref-12">
<unstructured_citation>The labeled multi-Bernoulli SLAM filter, IEEE Signal Processing Letters, vol. 22, no. 10, pp. 1561— 1565, 2015.</unstructured_citation>
</citation>
<citation key="ref-13">
<unstructured_citation>A recursive fusion filter for angular data, in IEEE International Conference on Robotics and Biomimet- ics (ROBIO), dec 2009, pp. 882—887.</unstructured_citation>
</citation>
<citation key="ref-14">
<unstructured_citation>Speaker localization and tracking with a microphone array on a mobile robot using von Mises distribution and particle filtering, Robotics and Autonomous Systems, vol. 58, no. 11, pp. 1185—1196, 2010.</unstructured_citation>
</citation>
<citation key="ref-15">
<unstructured_citation>Bearing-only tracking with a mixture of von Mises distri- butions, in IEEE/RSJ International Conference on Intelligent Robots and Systems (IROS), 2012, pp. 707—712.</unstructured_citation>
</citation>
<citation key="ref-16">
<unstructured_citation>Recursive monlinear filtering for angular data based on circular distributions, in American Control Conference (ACC), 2013, pp. 5439— 5445.</unstructured_citation>
</citation>
<citation key="ref-17">
<unstructured_citation>Constrained object tracking on compact one-dimensional manifolds based on directional statistics, in International Conference on Indoor Positioning and Indoor Navigation (IPIN), oct 2013, pp. 1—9.</unstructured_citation>
</citation>
<citation key="ref-18">
<unstructured_citation>A wrapped Kalman filter for azimuthal speaker tracking, IEEE Signal Processing Letters, vol. 20, no. 12, pp. 1257— 1260, 2013.</unstructured_citation>
</citation>
<citation key="ref-19">
<unstructured_citation>Y. Bar-Shalom Efficient 2D location estimation of sensor arrays using targets of opportunity, Journal of Advances in Information Fusion, vol. 8, no. 1, pp. 73—89, 2013.</unstructured_citation>
</citation>
<citation key="ref-20">
<unstructured_citation>Maximum-likelihood post-detection radar ambiguity reso- lution, IEEE Transactions on Aerospace and Electronic Systems, vol. 50, no. 3, pp. 1876—1883, 2014.</unstructured_citation>
</citation>
<citation key="ref-21">
<unstructured_citation>jelloun A multi-temporal multi-sensor circular fusion filter, Information Fusion, vol. 18, pp. 86—100, jul 2014.</unstructured_citation>
</citation>
<citation key="ref-22">
<unstructured_citation>Multimodal circular filtering using Fourier series, in International Conference on Information Fusion (FU- SION), 2015, pp. 711—718.</unstructured_citation>
</citation>
<citation key="ref-23">
<unstructured_citation>Monte Carlo pose estimation with quaternion kernels and the Bingham distribution, in Proceedings of Robotics: Science and Systems, Los An- geles, CA, USA, 2011.</unstructured_citation>
</citation>
<citation key="ref-24">
<unstructured_citation>Recursive estimation of orientation based on the Bingham distribution, in International Conference on Information Fusion (FU- SION), 2013, pp. 1—16.</unstructured_citation>
</citation>
<citation key="ref-25">
<unstructured_citation>Recursive Bingham filter for directional estimation involv- ing 180 degree symmetry, Journal of Advances in Information Fusion, vol. 9, no. 2, pp. 90—105, 2014.</unstructured_citation>
</citation>
<citation key="ref-26">
<unstructured_citation>Tracking the spin on a ping pong ball with the quaternion Bingham filter, in IEEE International Conference on Robotics and Automa- tion (ICRA), 2014, pp. 4133—4140.</unstructured_citation>
</citation>
<citation key="ref-27">
<unstructured_citation>Unscented orientation estimation based on the Bingham distribution, IEEE Transactions on Automatic Control, vol. in press, p. 11, 2015.</unstructured_citation>
</citation>
<citation key="ref-28">
<unstructured_citation>Directional Statistics. Wiley, 1999.</unstructured_citation>
</citation>
<citation key="ref-29">
<unstructured_citation>Visual tracking of points as estimation on the unit sphere, in The confluence of vision and control, ser. Lecture Notes in Control and Information Sciences, D. Kriegman, G. Hager, and A. Morse, Eds. Springer London, 1998, vol. 237, pp. 90—105.</unstructured_citation>
</citation>
<citation key="ref-30">
<unstructured_citation>Moving object detection, tracking and following using an omnidirectional camera on a mobile robot, in International Conference on Robotics and Automation (ICRA), 2014.</unstructured_citation>
</citation>
<citation key="ref-31">
<unstructured_citation>Tracking of multiple moving objects on the unit sphere using a multiple-camera system on a mobile robot, in Internatinal Conference on Intelligent Autonomous Sys- tems (IAS), 2014, p. 12.</unstructured_citation>
</citation>
<citation key="ref-32">
<unstructured_citation>Von Mises mixture PHD filter, IEEE Signal Processing Letters, vol. 22, no. 12, pp. 2229— 2233, 2015.</unstructured_citation>
</citation>
<citation key="ref-33">
<unstructured_citation>Multiple speaker tracking with the factorial von Mises- Fisher filter, in IEEE International Workshop on Machine Learning for Signal Processing, 2014.</unstructured_citation>
</citation>
<citation key="ref-34">
<unstructured_citation>Direction-only tracking of moving objects on the unit sphere via probabilistic data association, in International Conference on Information Fusion (FU- SION), 2014, pp. 1—7.</unstructured_citation>
</citation>
<citation key="ref-35">
<unstructured_citation>Directional statistics. Wiley, 1999.</unstructured_citation>
</citation>
<citation key="ref-36">
<unstructured_citation>“Statistical exponential families: A digest with flash cards,” arXiv:0911.4863, 2009.</unstructured_citation>
</citation>
<citation key="ref-37">
<unstructured_citation>Topics in Circular Statistics. World Scientific, 2001. MULTITARGET TRACKING WITH THE VON MISES-FISHER FILTER AND PROBABILISTIC DATA ASSOCIATION 169</unstructured_citation>
</citation>
<citation key="ref-38">
<unstructured_citation>Clustering on the unit hypersphere using von Mises-Fisher distributions, Journal of Machine Learning Research, vol. 6, pp. 1—39, 2005.</unstructured_citation>
</citation>
<citation key="ref-39">
<unstructured_citation>Stochastic processes and filtering theory. New York: Academic press, 1970.</unstructured_citation>
</citation>
<citation key="ref-40">
<unstructured_citation>Brownian motion on the surface of the 3-sphere, Ann. Math. Statist., vol. 20, no. 2, pp. 292—296, 1949.</unstructured_citation>
</citation>
<citation key="ref-41">
<unstructured_citation>Random Walk on a Sphere and on a Riemannian Manifold, Philosophical Transactions of the Royal Society of Lon- don. Series A, Mathematical and Physical Sciences, vol. 252, no. 1012, pp. 317—356, 1960.</unstructured_citation>
</citation>
<citation key="ref-42">
<unstructured_citation>Statistics on Spheres. Wiley, 1983.</unstructured_citation>
</citation>
<citation key="ref-43">
<unstructured_citation>Stochastic Processes in Science, Engineering, and Finance. Chapman & Hall, 2006.</unstructured_citation>
</citation>
<citation key="ref-44">
<unstructured_citation>Probabilistic Robotics. The MIT Press, 2006.</unstructured_citation>
</citation>
<citation key="ref-45">
<unstructured_citation>Learning mixtures by simplifying kernel density estimators, in Matrix Information Geometry, F. Nielsen and R. Bhatia, Eds. Springer Berlin Heidelberg, 2013, pp. 403—426.</unstructured_citation>
</citation>
<citation key="ref-46">
<unstructured_citation>Tracking in a cluttered environment with probabilistic data association, Automatica, vol. 11, no. 5, pp. 451—460, 1975.</unstructured_citation>
</citation>
<citation key="ref-47">
<unstructured_citation>Sonar tracking of multiple targets using joint probabilistic data association, IEEE Journal of Oceanic Engineering, vol. 8, no. 3, pp. 173— 184, 1983.</unstructured_citation>
</citation>
<citation key="ref-48">
<unstructured_citation>Validation gating for non-linear non-Gaussian target track- ing, in International Conference on Information Fusion, 2006, pp. 1—6.</unstructured_citation>
</citation>
<citation key="ref-49">
<unstructured_citation>Applied Statistics using SPSS, Statistica, Matlab and R. Springer-Verlag, 2007.</unstructured_citation>
</citation>
<citation key="ref-50">
<unstructured_citation>Composite distance based approach to von Mises mixture reduction, Information Fusion, vol. 20, pp. 136—145, 2014.</unstructured_citation>
</citation>
<citation key="ref-51">
<unstructured_citation>Robust localization and tracking of simultaneous moving sound sources using beamforming and particle filtering, Robotics and Autonomous Systems, vol. 55, no. 3, pp. 216— 228, 2007.</unstructured_citation>
</citation>
<citation key="ref-52">
<unstructured_citation>“A survey on sound source localization in robotics: from binaural to array processing methods,” Laboratory for Analysis and Architecture of Systems, The National Center for Scientific Research, Tech. Rep., 2014.</unstructured_citation>
</citation>
<citation key="ref-53">
<unstructured_citation>A unifying theory for central panoramic systems and prac- tical implications, in European Conference on Computer Vision (ECCV), 2000, pp. 445—461.</unstructured_citation>
</citation>
<citation key="ref-54">
<unstructured_citation>Issues on the geometry of central catadioptric image for- mation, in Conference on Computer Vision and Pattern Recognition (CVPR), 2001, pp. 422—427.</unstructured_citation>
</citation>
<citation key="ref-55">
<unstructured_citation>The Hungarian method for the assignement problem, Naval Research Logistics Quarterly, vol. 2, pp. 83—97, 1955.</unstructured_citation>
</citation>
<citation key="ref-56">
<unstructured_citation>Algorithms for the assignment and transportation problems, Journal of the Society for Industrial and Applied Mathemat- ics, vol. 5, no. 1, pp. 32—38, 1957.</unstructured_citation>
</citation>
<citation key="ref-57">
<unstructured_citation>Joint Integrated Probabilistic Data Association–JIPDA, IEEE Transactions on Aerospace and Electronic Systems, vol. 40, no. 3, pp. 1093—1099, 2004.</unstructured_citation>
</citation>
<citation key="ref-58">
<unstructured_citation>Multitarget-Multisensor Tracking: Principles and Techniques. Storrs, CT: YBS Publishing, 1995.</unstructured_citation>
</citation>
<citation key="ref-59">
<unstructured_citation>mada, K. Komatani, T. Ogata, and H. G. Okuno Multiple moving speaker tracking by microphone array on a mobile robot, in INTERSPEECH, 2005, p. 4.</unstructured_citation>
</citation>
<citation key="ref-60">
<unstructured_citation>Fast HOG based person detection devoted to a mobile robot with a spherical camera, in IEEE/RSJ International Conference on Intelligent Robots and Systems (IROS), nov 2013, pp. 631—637.</unstructured_citation>
</citation>
<citation key="ref-61">
<unstructured_citation>Evaluating multiple object tracking performance: The CLEAR MOT metrics, EURASIP Journal on Image and Video Processing, vol. 2008, p. 10, 2008.</unstructured_citation>
</citation>
<citation key="ref-62">
<unstructured_citation>A consistent metric for performance evaluation of multi- object filters, IEEE Transactions on Signal Processing, vol. 56, pp. 3447— 3457, 2008.</unstructured_citation>
</citation>
<citation key="ref-63">
<unstructured_citation>A metric for performance evaluation of multi-target track- ing algorithms, IEEE Transactions on Signal Processing, vol. 59, no. 7, pp. 3452—3457, 2011.</unstructured_citation>
</citation>
<citation key="ref-64">
<unstructured_citation>A new performance metric for multiple target tracking based on optimal subpattern assignment, in International Conference on Information Fusion (FU- SION), 2014, p. 8. 170 JOURNAL OF ADVANCES IN INFORMATION FUSION VOL. 11, NO. 2 DECEMBER 2016</unstructured_citation>
</citation>
</citation_list>
</journal_article>
</journal>
</body>
</doi_batch>