<doi_batch xmlns="http://www.crossref.org/schema/4.3.7" xmlns:xsi="http://www.w3.org/2001/XMLSchema-instance" version="4.3.7" xsi:schemaLocation="http://www.crossref.org/schema/4.3.7 http://www.crossref.org/schema/deposit/crossref4.3.7.xsd">
<head>
<doi_batch_id></doi_batch_id>
<timestamp>1645533999.12215</timestamp>
<depositor>
<depositor_name></depositor_name>
<email_address></email_address>
</depositor>
<registrant>WEB-FORM</registrant>
</head>
<body>
<journal>
<journal_metadata>
<full_title>Journal of Advances in Information Fusion</full_title>
<abbrev_title>JAIF</abbrev_title>
<issn media_type="print">1557-6418</issn>
</journal_metadata>
<journal_issue>
<publication_date media_type="print">
<month>December</month>
<day></day>
<year>2016</year>
</publication_date>
<journal_volume>
<volume>11</volume>
</journal_volume>
<issue>2</issue>
</journal_issue>
<journal_article publication_type="full_text">
<titles>
<title>Particle Filtering with Observations in a Manifold: A Proof of Convergence and Two Worked Examples</title>
</titles>
<contributors>
<person_name sequence="first" contributor_role="author">
<given_name>Salem </given_name>
<surname>Said</surname>
<ORCID></ORCID>
</person_name>
<person_name sequence="first" contributor_role="author">
<given_name>Jonathan H. </given_name>
<surname>Manton</surname>
<ORCID></ORCID>
</person_name>
</contributors>
<publication_date media_type="print">
<month>December</month>
<day></day>
<year>2016</year>
</publication_date>
<pages>
<first_page>227</first_page>
<last_page>249</last_page>
</pages>
<citation_list>
<citation key="ref-1">
<unstructured_citation>J. H. Manton On the role of differential geometry in signal processing, in International Conference on Acoustics Speech and Signal Processing, 2005.</unstructured_citation>
</citation>
<citation key="ref-2">
<unstructured_citation>Tracking deformable object via particle filtering on mani- folds, in Chinese Conference on Pattern Recognition, 2008.</unstructured_citation>
</citation>
<citation key="ref-3">
<unstructured_citation>Covariance tracking via geometric particle filtering, in Intelligent Computation Technology and Automation, 2009, 2009.</unstructured_citation>
</citation>
<citation key="ref-4">
<unstructured_citation>A. Srivastava An efficient particle filtering technique on the Grassman manifold, in International Conference on Acoustics Speech and Signal Processing, 2010.</unstructured_citation>
</citation>
<citation key="ref-5">
<unstructured_citation>Particle filtering on the Euclidean group, in International Conference on Robotics and Automation, 2007.</unstructured_citation>
</citation>
<citation key="ref-6">
<unstructured_citation>Bayesian filtering on the stiefel manifold, in Advances in Multi-Sensor Adaptive Processing, 2007.</unstructured_citation>
</citation>
<citation key="ref-7">
<unstructured_citation>Using interval particle filtering for marker less 3d human motion capture, in Tools with Artificial Intelligence, 2005.</unstructured_citation>
</citation>
<citation key="ref-8">
<unstructured_citation>Monte carlo tracking on the riemannian manifold of multi- variate normal distributions, in Digital Signal Processing Workshop and Signal Processing Education Workshop, 2009.</unstructured_citation>
</citation>
<citation key="ref-9">
<unstructured_citation>A nonlinear filtering method for geometric subspace track- ing, in Sensor Array and Multichannel Signal Processing Work- shop, 2000.</unstructured_citation>
</citation>
<citation key="ref-10">
<unstructured_citation>Stochastic calculus in manifolds. Springer-Verlag (Universitext), 1989.</unstructured_citation>
</citation>
<citation key="ref-11">
<unstructured_citation>Stochastic analysis on manifolds. Americal Mathematical Society (Graduate Studies in Math- ematics), 2002.</unstructured_citation>
</citation>
<citation key="ref-12">
<unstructured_citation>A primer on stochastic differential geometry for signal processing, Selected Topics in Signal Processing, IEEE Journal of, vol. 7, no. 4, pp. 681—699, 2013.</unstructured_citation>
</citation>
<citation key="ref-13">
<unstructured_citation>Signal detection for bilinear systems, Information Sciences, vol. 9, pp. 249—378, 1975.</unstructured_citation>
</citation>
<citation key="ref-14">
<unstructured_citation>On filtering with observation in a manifold: Reduction to a classical filtering problem, SIAM Journal on Control and Optimisation, vol. 51, no. 1, pp. 767—783, 2013.</unstructured_citation>
</citation>
<citation key="ref-15">
<unstructured_citation>Filtrage non linéaire avec observations sur une variété, Stochastics, vol. 15, no. 2, pp. 121—148, 1985.</unstructured_citation>
</citation>
<citation key="ref-16">
<unstructured_citation>Nonlinear filtering in Riemannian manifolds, IMA Journal of Mathematical Control and Information, vol. 2, pp. 25—36, 1985.</unstructured_citation>
</citation>
<citation key="ref-17">
<unstructured_citation>Some filtering results in Riemannian manifolds, Information and Control, vol. 35, pp. 182—195, 1977.</unstructured_citation>
</citation>
<citation key="ref-18">
<unstructured_citation>Apprixmation d’un filtre avec observation sur une variété, Stochastics, vol. 24, no. 4, pp. 285—304, 1988.</unstructured_citation>
</citation>
<citation key="ref-19">
<unstructured_citation>Feynman-Kac formulae: Geealogical and interacting particle systems with applications. Springer (Probability and Applications), 2004. PARTICLE FILTERING WITH OBSERVATIONS IN A MANIFOLD: A PROOF OF CONVERGENCE 247</unstructured_citation>
</citation>
<citation key="ref-20">
<unstructured_citation>Monte-carlo estimation from observation on stiefel mani- fold, in International Conference on Acoustics Speech and Signal Processing, 2014.</unstructured_citation>
</citation>
<citation key="ref-21">
<unstructured_citation>A survey of convergence results on particle filtering meth- ods for practioners, IEEE Transactions on Signal Processing, vol. 50, no. 3, pp. 736—746, 2002.</unstructured_citation>
</citation>
<citation key="ref-22">
<unstructured_citation>Fundamentals of stochastic filtering. Springer, 2009.</unstructured_citation>
</citation>
<citation key="ref-23">
<unstructured_citation>Riemannian geometry: A modern introduction. Cambridge University Press, 2006.</unstructured_citation>
</citation>
<citation key="ref-24">
<unstructured_citation>Diffusions, Markov processes and Martingales, Vol. 1. Cambridge University Press, 2000.</unstructured_citation>
</citation>
<citation key="ref-25">
<unstructured_citation>Stochastic differential equations and diffusion processes. North Holland, 1988.</unstructured_citation>
</citation>
<citation key="ref-26">
<unstructured_citation>Diffusions, Markov processes and Martingales, Vol. 2. Cambridge University Press, 2000.</unstructured_citation>
</citation>
<citation key="ref-27">
<unstructured_citation>Numerical solution of stochastic differential equations. Springer (Stochastic modelling and applied probability), 1992.</unstructured_citation>
</citation>
<citation key="ref-28">
<unstructured_citation>Convergence des approximations de McShane d’une diffu- sion sur une variété compacte, Séminaire de probabilités (Strasbourg), vol. 21, pp. 534— 543, 1987.</unstructured_citation>
</citation>
<citation key="ref-29">
<unstructured_citation>On the geometry of diffusion operators and stochastic flows. Springer (Lecture notes in mathematics 1720), 1999.</unstructured_citation>
</citation>
<citation key="ref-30">
<unstructured_citation>“Martingales on manifolds and geometric Itô calculus,” Ph.D. dissertation, The University of Warwick, 1982.</unstructured_citation>
</citation>
<citation key="ref-31">
<unstructured_citation>Analysis on Lie groups: An introduction. Cambridge University Press, 2008.</unstructured_citation>
</citation>
<citation key="ref-32">
<unstructured_citation>Mathematical methods of classical mechanics. Springer (Graduate Texts in Mathematics, 2010.</unstructured_citation>
</citation>
<citation key="ref-33">
<unstructured_citation>Differential geometry, Lie groups and symmetric spaces. American Mathematical Society (Graduate Studies in Math- ematics), 2001.</unstructured_citation>
</citation>
<citation key="ref-34">
<unstructured_citation>Exponentielle stochastique et intègrale multiplicative dis- continue, Annales de l’Institut Henri Poincaré (B), probabilités et statistiques, vol. 28, no. 1, pp. 107—129, 1992.</unstructured_citation>
</citation>
<citation key="ref-35">
<unstructured_citation>L’exponentielle stochastique des groupes de lie, Séminaire de probabilités (Strasbourg), vol. 20, pp. 352— 374, 1986.</unstructured_citation>
</citation>
<citation key="ref-36">
<unstructured_citation>Stochastic processes and filtering theory. Academic Press, 1970.</unstructured_citation>
</citation>
<citation key="ref-37">
<unstructured_citation>Some extensions of itô’s formula, Séminaire de probabilités (Strasbourg), vol. 15, pp. 118— 141, 1981. 248 JOURNAL OF ADVANCES IN INFORMATION FUSION VOL. 11, NO. 2 DECEMBER 2016</unstructured_citation>
</citation>
</citation_list>
</journal_article>
</journal>
</body>
</doi_batch>