<doi_batch xmlns="http://www.crossref.org/schema/4.3.7" xmlns:xsi="http://www.w3.org/2001/XMLSchema-instance" version="4.3.7" xsi:schemaLocation="http://www.crossref.org/schema/4.3.7 http://www.crossref.org/schema/deposit/crossref4.3.7.xsd">
<head>
<doi_batch_id></doi_batch_id>
<timestamp>1645533999.0712688</timestamp>
<depositor>
<depositor_name></depositor_name>
<email_address></email_address>
</depositor>
<registrant>WEB-FORM</registrant>
</head>
<body>
<journal>
<journal_metadata>
<full_title>Journal of Advances in Information Fusion</full_title>
<abbrev_title>JAIF</abbrev_title>
<issn media_type="print">1557-6418</issn>
</journal_metadata>
<journal_issue>
<publication_date media_type="print">
<month>December</month>
<day></day>
<year>2016</year>
</publication_date>
<journal_volume>
<volume>11</volume>
</journal_volume>
<issue>2</issue>
</journal_issue>
<journal_article publication_type="full_text">
<titles>
<title>Stochastic Filtering Using Periodic Cost Functions</title>
</titles>
<contributors>
<person_name sequence="first" contributor_role="author">
<given_name>Eyal </given_name>
<surname>Nitzan</surname>
<ORCID></ORCID>
</person_name>
<person_name sequence="first" contributor_role="author">
<given_name>Tirza </given_name>
<surname>Routtenberg</surname>
<ORCID></ORCID>
</person_name>
<person_name sequence="first" contributor_role="author">
<given_name>Joseph </given_name>
<surname>Tabrikian</surname>
<ORCID></ORCID>
</person_name>
</contributors>
<publication_date media_type="print">
<month>December</month>
<day></day>
<year>2016</year>
</publication_date>
<pages>
<first_page>123</first_page>
<last_page>137</last_page>
</pages>
<citation_list>
<citation key="ref-1">
<unstructured_citation>B. D. Anderson and J. B. Moore Optimal filtering. Englewood Cliffs, NJ: Prentice-Hall, 1979.</unstructured_citation>
</citation>
<citation key="ref-2">
<unstructured_citation>A tutorial on particle filters for online nonlinear/non- Gaussian Bayesian tracking. IEEE Transactions on Signal Processing, 50, 2 (Feb. 2002), 174—188.</unstructured_citation>
</citation>
<citation key="ref-3">
<unstructured_citation>A recursive fusion filter for angular data. In Proceedings of the IEEE International Conference on Robotics and Biomimetics (ROBIO), Dec. 2009, 882—887. 134 JOURNAL OF ADVANCES IN INFORMATION FUSION VOL. 11, NO. 2 DECEMBER 2016</unstructured_citation>
</citation>
<citation key="ref-4">
<unstructured_citation>Sequential deep learning for human action recognition. In Human Behavior Understanding, 2011, 29—39.</unstructured_citation>
</citation>
<citation key="ref-5">
<unstructured_citation>A global lower bound on parameter estimation error with periodic distortion functions IEEE Transactions on Information Theory, 46, 3 (May 2000), 1145—1150.</unstructured_citation>
</citation>
<citation key="ref-6">
<unstructured_citation>Maneuvering target tracking in the presence of glint using the nonlinear Gaussian mixture Kalman filter. IEEE Transactions on Aerospace and Electronic Systems, 46, 1 (Jan. 2010), 246—262.</unstructured_citation>
</citation>
<citation key="ref-7">
<unstructured_citation>Efficient nonlinear Bayesian estimation based on Fourier densities. In Proceedings of the IEEE International Conference on Multisensor Fusion and Integration for Intelligent Systems, Sep. 2006, 317—322.</unstructured_citation>
</citation>
<citation key="ref-8">
<unstructured_citation>Nonlinear multidimensional Bayesian estimation with Fourier densities. In Proceedings of the 45th IEEE Conference on Decision and Control, Dec. 2006, 1303—1308.</unstructured_citation>
</citation>
<citation key="ref-9">
<unstructured_citation>Statistical modelling of directional wind speeds using mix- tures of von Mises distributions: case study. Energy conversion and management, 49, 5 (2008), 897— 907.</unstructured_citation>
</citation>
<citation key="ref-10">
<unstructured_citation>Bayesian filtering: From Kalman filters to particle filters, and beyond. Statistics, 182, 1 (2003), 1—69.</unstructured_citation>
</citation>
<citation key="ref-11">
<unstructured_citation>Estimating directional statistics Using wavefield modeling and mixtures of von-Mises distributions. IEEE Signal Processing Letters, 21, 12 (Dec. 2014), 1496— 1500.</unstructured_citation>
</citation>
<citation key="ref-12">
<unstructured_citation>Robust extended Kalman filtering. IEEE Transactions on Signal Processing, 47, 9 (Sep. 1999), 2596—2599.</unstructured_citation>
</citation>
<citation key="ref-13">
<unstructured_citation>Novel approach to nonlinear/non-Gaussian Bayesian state estimation. IEE Proceedings F–Radar and Signal Processing, 140, 2 (Apr. 1993), 107—113.</unstructured_citation>
</citation>
<citation key="ref-14">
<unstructured_citation>Topics in circular statistics. World Scientific, 2001, vol. 5.</unstructured_citation>
</citation>
<citation key="ref-15">
<unstructured_citation>Unscented filtering and nonlinear estimation. Proceedings of the IEEE, 92, 3 (Mar. 2004), 401—422.</unstructured_citation>
</citation>
<citation key="ref-16">
<unstructured_citation>Robust extended Kalman filtering for nonlinear systems with stochastic uncertainties. IEEE Transactions on Systems, Man, and Cybernetics– Part A: Systems and Humans, 40, 2 (Mar. 2010), 399—405.</unstructured_citation>
</citation>
<citation key="ref-17">
<unstructured_citation>A new approach to linear filtering and prediction problems. Journal of Fluids Engineering, 82, 1 (1960), 35—45.</unstructured_citation>
</citation>
<citation key="ref-18">
<unstructured_citation>Gaussian sum particle filtering. IEEE Transactions on Signal Processing, 51, 10 (Oct. 2003), 2602—2612.</unstructured_citation>
</citation>
<citation key="ref-19">
<unstructured_citation>Maximum-likelihood array processing in non-Gaussian noise with Gaussian mixtures. IEEE Transactions on Signal Processing, 48, 12 (Dec. 2000), 3520—3535.</unstructured_citation>
</citation>
<citation key="ref-20">
<unstructured_citation>Recursive nonlinear filtering for angular data based on circular distributions. In Proceedings of the American Control Conference (ACC), June 2013, 5439—5445.</unstructured_citation>
</citation>
<citation key="ref-21">
<unstructured_citation>Nonlinear measurement update for estimation of angular systems based on circular distributions. In Proceedings of the American Control Conference (ACC), June 2014, 5694—5699.</unstructured_citation>
</citation>
<citation key="ref-22">
<unstructured_citation>Recursive Bayesian filtering in circular state spaces. arXiv preprint arXiv:1501.05151 (2015).</unstructured_citation>
</citation>
<citation key="ref-23">
<unstructured_citation>Recursive estimation of orientation based on the Bingham distribution. In Proceedings of the 16th International Conference on Information Fusion (FUSION), July 2013, 1487—1494.</unstructured_citation>
</citation>
<citation key="ref-24">
<unstructured_citation>libDirectional, 2015. Homepage: https://github.com/libDirectional.</unstructured_citation>
</citation>
<citation key="ref-25">
<unstructured_citation>Theory of Point Estimation, 2nd edition. Springer Texts in Statistics. New York: Springer, 1998.</unstructured_citation>
</citation>
<citation key="ref-26">
<unstructured_citation>Acquisition in phase demodulation: application to ranging in radar/sonar systems. IEEE Transactions on Aerospace and Electronic Systems, 31, 2 (Apr. 1995), 581—599.</unstructured_citation>
</citation>
<citation key="ref-27">
<unstructured_citation>Mixture density estimation. In Advances in Neural Information Processing Systems, 12, (1999).</unstructured_citation>
</citation>
<citation key="ref-28">
<unstructured_citation>Survey of maneuvering target tracking. Part V. Multiple- model methods. IEEE Transactions on Aerospace and Electronic Systems, 41, 4 (Oct. 2005), 1255—1321.</unstructured_citation>
</citation>
<citation key="ref-29">
<unstructured_citation>Particle filters and Markov chains for learning of dynamical systems. Ph.D. dissertation, Linköping University, Linköping, Swe- den, 2013.</unstructured_citation>
</citation>
<citation key="ref-30">
<unstructured_citation>Estimation for rotational processes with one degree of freedom. DTIC Document, Technical report, 1972.</unstructured_citation>
</citation>
<citation key="ref-31">
<unstructured_citation>The statistical performance of some instantaneous fre- quency estimators. IEEE Transactions on Signal Processing, 40, 7 (July 1992), 1708—1723.</unstructured_citation>
</citation>
<citation key="ref-32">
<unstructured_citation>Directional Statistics. Wiley Series in Probability and Statistics. Chichester: Wi- ley, 1999.</unstructured_citation>
</citation>
<citation key="ref-33">
<unstructured_citation>Moving object detection, tracking and following using an omnidirectional camera on a mobile robot. In Proceedings of the IEEE International Conference on Robotics and Automation (ICRA), May 2014, 5630—5635. STOCHASTIC FILTERING USING PERIODIC COST FUNCTIONS 135</unstructured_citation>
</citation>
<citation key="ref-34">
<unstructured_citation>Bearing-only tracking with a mixture of von Mises distri- butions. In Proceedings of the IEEE/RSJ International Conference on Intelligent Robots and Systems (IROS), Oct. 2012, 707— 712.</unstructured_citation>
</citation>
<citation key="ref-35">
<unstructured_citation>Direction estimation by minimum squared arc length. IEEE Transactions on Signal Processing, 60, 5 (May 2012), 2115—2124.</unstructured_citation>
</citation>
<citation key="ref-36">
<unstructured_citation>Nonlinear processing and analysis of angular signals. IEEE Transactions on Signal Processing, 46, 12 (Dec. 1998), 3181—3194.</unstructured_citation>
</citation>
<citation key="ref-37">
<unstructured_citation>Cyclic Bayesian Cramér-Rao bound for filtering in circular state space. In Proceedings of the 18th International Conference on Information Fusion (FUSION), July 2015, 734—741.</unstructured_citation>
</citation>
<citation key="ref-38">
<unstructured_citation>A New Class of Bayesian Cyclic Bounds for Periodic Parameter Estimation. IEEE Transactions on Signal Processing, 64, 1 (Jan. 2016), 229—243.</unstructured_citation>
</citation>
<citation key="ref-39">
<unstructured_citation>Mean-cyclic-error lower bounds via integral transform of likelihood-ratio function. Accepted to the 9th IEEE Sensor Array and Multichannel Signal Processing Workshop (SAM), July 2016.</unstructured_citation>
</citation>
<citation key="ref-40">
<unstructured_citation>Bayesian cyclic bounds for periodic parameter estimation. In Proceedings of the 5th IEEE International Workshop on Computational Advances in Multi-Sensor Adaptive Pro- cessing (CAMSAP), Dec. 2013, 308—311.</unstructured_citation>
</citation>
<citation key="ref-41">
<unstructured_citation>On resampling for Bayesian filters in discrete state spaces. In Proceedings of the IEEE 27th International Conference on Tools with Artificial Intelligence (ICTAI), Nov. 2015, 526—533.</unstructured_citation>
</citation>
<citation key="ref-42">
<unstructured_citation>Discrete Time Signal Processing, 3rd edition. Prentice-Hall, 2010.</unstructured_citation>
</citation>
<citation key="ref-43">
<unstructured_citation>A Bayesian approach to tracking multiple targets using sensor arrays and particle filters. IEEE Transactions on Signal Processing, 50, 2 (Feb. 2002), 216—223.</unstructured_citation>
</citation>
<citation key="ref-44">
<unstructured_citation>Multimodal circular filtering using Fourier series. In Proceedings of the 18th International Conference on Information Fusion (FUSION), July 2015, 711—718.</unstructured_citation>
</citation>
<citation key="ref-45">
<unstructured_citation>Single tone parameter estimation from discrete-time obser- vations. IEEE Transactions on Information Theory, 20, 5 (Sep. 1974), 591—598.</unstructured_citation>
</citation>
<citation key="ref-46">
<unstructured_citation>MIMO-AR system identification and blind source separa- tion for GMM-distributed sources. IEEE Transactions on Signal Processing, 57, 5 (May 2009), 1717—1730.</unstructured_citation>
</citation>
<citation key="ref-47">
<unstructured_citation>Bayesian parameter estimation using periodic cost func- tions. IEEE Transactions on Signal Processing, 60, 3 (Mar. 2012), 1229—1240.</unstructured_citation>
</citation>
<citation key="ref-48">
<unstructured_citation>Non-Bayesian periodic Cramér-Rao bound. IEEE Transactions on Signal Processing, 61, 4 (Feb. 2013), 1019—1032.</unstructured_citation>
</citation>
<citation key="ref-49">
<unstructured_citation>Cyclic Barankin-type bounds for non-Bayesian periodic parameter estimation. IEEE Transactions on Signal Processing, 62, 13 (July 2014), 3321—3336.</unstructured_citation>
</citation>
<citation key="ref-50">
<unstructured_citation>A fresh look at the cyclic Cramér-Rao bound for periodic parameter estimation. Accepted to the 19th International Conference on Informa- tion Fusion (FUSION), July 2016.</unstructured_citation>
</citation>
<citation key="ref-51">
<unstructured_citation>On unscented Kalman filtering for state estimation of continuous-time nonlinear systems. IEEE Transactions on Automatic Control, 52, 9 (Sep. 2007), 1631—1641.</unstructured_citation>
</citation>
<citation key="ref-52">
<unstructured_citation>Recursive Bayesian estimation using Gaussian sums. Automatica, 7, 4 (1971), 465—479.</unstructured_citation>
</citation>
<citation key="ref-53">
<unstructured_citation>Benjelloun A multi-sensor circular particle filter applied to the fusion of the GPS-L2C channels. In Proceedings of the 14th International Conference on Information Fusion (FUSION), July 2011, 1—8.</unstructured_citation>
</citation>
<citation key="ref-54">
<unstructured_citation>An introduction to measure theory. American Mathematical Society, 2011.</unstructured_citation>
</citation>
<citation key="ref-55">
<unstructured_citation>Posterior Cramér-Rao bounds for discrete-time nonlinear filtering. IEEE Transactions on Signal Processing, 46, 5 (May 1998), 1386—1396.</unstructured_citation>
</citation>
<citation key="ref-56">
<unstructured_citation>Bayesian Bounds for Parameter Estimation and Nonlinear Filtering/Tracking. Wiley-IEEE Press, 2007.</unstructured_citation>
</citation>
<citation key="ref-57">
<unstructured_citation>Fourier series and estimation on the circle with applications to synchronous communication–Part I: Analysis. IEEE Transactions on Information Theory, 20, 5 (Sep. 1974), 577—583.</unstructured_citation>
</citation>
<citation key="ref-58">
<unstructured_citation>Estimation for rotational processes with one degree of freedom–Part II: Discrete-time processes. IEEE Transactions on Automatic Control, 20, 1 (Feb. 1975), 22—30.</unstructured_citation>
</citation>
<citation key="ref-59">
<unstructured_citation>Sparse DOA estimation with polynomial rooting. In Proceedings of the 3rd International Workshop on Com- pressed Sensing Theory and its Applications to Radar, Sonar and Remote Sensing (CoSeRa), June 2015, 104—108.</unstructured_citation>
</citation>
<citation key="ref-60">
<unstructured_citation>Line spectrum estimation with probabilistic priors. Signal Processing, 93, 11 (2013), 2969—2974.</unstructured_citation>
</citation>
<citation key="ref-61">
<unstructured_citation>Trigonometric series, 3rd edition. Cambridge university press, 2002. 136 JOURNAL OF ADVANCES IN INFORMATION FUSION VOL. 11, NO. 2 DECEMBER 2016</unstructured_citation>
</citation>
</citation_list>
</journal_article>
</journal>
</body>
</doi_batch>