<doi_batch xmlns="http://www.crossref.org/schema/4.3.7" xmlns:xsi="http://www.w3.org/2001/XMLSchema-instance" version="4.3.7" xsi:schemaLocation="http://www.crossref.org/schema/4.3.7 http://www.crossref.org/schema/deposit/crossref4.3.7.xsd">
<head>
<doi_batch_id></doi_batch_id>
<timestamp>1639242131.860375</timestamp>
<depositor>
<depositor_name></depositor_name>
<email_address></email_address>
</depositor>
<registrant>WEB-FORM</registrant>
</head>
<body>
<journal>
<journal_metadata>
<full_title>Journal of Advances in Information Fusion</full_title>
<abbrev_title>JAIF</abbrev_title>
<issn media_type="print">1557-6418</issn>
</journal_metadata>
<journal_issue>
<publication_date media_type="print">
<month>December</month>
<day></day>
<year>2016</year>
</publication_date>
<journal_volume>
<volume>11</volume>
</journal_volume>
<issue>2</issue>
</journal_issue>
<journal_article publication_type="full_text">
<titles>
<title>Uncertainty Propagation of Correlated Quaternion and Euclidean States Using the Gauss-Bingham Density</title>
</titles>
<contributors>
<person_name sequence="first" contributor_role="author">
<given_name>Jacob E. </given_name>
<surname>Darling</surname>
<ORCID></ORCID>
</person_name>
<person_name sequence="first" contributor_role="author">
<given_name>Kyle J. </given_name>
<surname>Demars</surname>
<ORCID></ORCID>
</person_name>
</contributors>
<publication_date media_type="print">
<month>December</month>
<day></day>
<year>2016</year>
</publication_date>
<pages>
<first_page>186</first_page>
<last_page>205</last_page>
</pages>
<citation_list>
<citation key="ref-1">
<unstructured_citation>G. Stienne, S. Reboul, M. Azmani, J. B. Choquel, and M. Ben- jelloun A multi-temporal multi-sensor circular fusion filter, Information Fusion, vol. 18, pp. 86—100, 2014.</unstructured_citation>
</citation>
<citation key="ref-2">
<unstructured_citation>Recursive Bayesian filtering in circular state spaces, CoRR, vol. abs/1501.05151, 2015.</unstructured_citation>
</citation>
<citation key="ref-3">
<unstructured_citation>A model for cylindrical variables with applications, Journal of the Royal Statistical Society. Series B (Method- ological), vol. 40, no. 2, pp. 229—233, 1978.</unstructured_citation>
</citation>
<citation key="ref-4">
<unstructured_citation>Gauss von Mises distribution for improved uncertainty realism in space situational awareness, SIAM/ASA Journal of Uncertainty Quantification, vol. 2, pp. 276—304, 2014.</unstructured_citation>
</citation>
<citation key="ref-5">
<unstructured_citation>Fundamentals of Spacecraft Attitude Determination and Con- trol. Springer, 2014.</unstructured_citation>
</citation>
<citation key="ref-6">
<unstructured_citation>A survey of attitude representations, The Journal of the Astronautical Sciences, vol. 41, no. 4, pp. 439—517, October—December 1993.</unstructured_citation>
</citation>
<citation key="ref-7">
<unstructured_citation>Spacecraft Attitude Dynamics. John Wiley & Sons, 1986.</unstructured_citation>
</citation>
<citation key="ref-8">
<unstructured_citation>An antipodally symmetric distribution on the sphere, The Annals of Statistics, vol. 2, no. 6, pp. 1201—1225, 1974.</unstructured_citation>
</citation>
<citation key="ref-9">
<unstructured_citation>Directional Statistics. John Wiley & Sons, 2000.</unstructured_citation>
</citation>
<citation key="ref-10">
<unstructured_citation>Recursive Bingham filter for directional estimation involv- ing 180 degree symmetry, Journal of Advances in Information Fusion, vol. 9, no. 2, pp. 90—105, December 2014.</unstructured_citation>
</citation>
<citation key="ref-11">
<unstructured_citation>Tracking the spin on a ping pong ball with the quaternion Bingham filter, in IEEE International Conference on Robotics and Automa- tion, 2014.</unstructured_citation>
</citation>
<citation key="ref-12">
<unstructured_citation>Unscented orientation estimation based on the Bingham distribution, IEEE Transactions on Automatic Control, vol. 61, no. 1, pp. 172—177, January 2016.</unstructured_citation>
</citation>
<citation key="ref-13">
<unstructured_citation>A new probability distribution for simultaneous represen- tation of uncertain position and orientation, in 17th Annual International Conference on Information Fusion, 2014.</unstructured_citation>
</citation>
<citation key="ref-14">
<unstructured_citation>The partially wrapped normal distribution for SE(2) esti- mation, in IEEE International Conference on Multisensor Fusion and Information Integration, 2014.</unstructured_citation>
</citation>
<citation key="ref-15">
<unstructured_citation>The unscented Kalman filter for nonlinear estimation, in IEEE Adaptive Systems for Signal Processing, Communi- cations, and Control Symposium, 2000, pp. 153—158. UNCERTAINTY PROPAGATION OF CORRELATED QUATERNION AND EUCLIDEAN STATES 203</unstructured_citation>
</citation>
<citation key="ref-16">
<unstructured_citation>Unscented filtering and nonlinear estimation, Proceedings of the IEEE, vol. 92, no. 3, pp. 401—422, March 2004.</unstructured_citation>
</citation>
<citation key="ref-17">
<unstructured_citation>Vargas A systematization of the unscented Kalman filter theory, IEEE Transactions on Automatic Control, vol. 60, no. 10, pp. 2583—2598, 2015.</unstructured_citation>
</citation>
<citation key="ref-18">
<unstructured_citation>Efficient evaluation of the hypergeometric function of a matrix argument, Mathematics of Computation, vol. 75, no. 254, pp. 833—846, January 2006.</unstructured_citation>
</citation>
<citation key="ref-19">
<unstructured_citation>Saddlepoint approximations for the Bingham and Fisher- Bingham normalising constants, Biometrika, vol. 92, no. 2, pp. 465—476, June 2005.</unstructured_citation>
</citation>
<citation key="ref-20">
<unstructured_citation>Efficient Bingham filtering based on saddlepoint approxi- mations, in IEEE International Conference on Multisensor Fusion and Information Integration, 2014.</unstructured_citation>
</citation>
<citation key="ref-21">
<unstructured_citation>Calculating the normalising constant of the Bingham distri- bution on the sphere using the holonomic gradient method, Statistics and Computing, vol. 25, no. 2, pp. 321—332, April 2013.</unstructured_citation>
</citation>
<citation key="ref-22">
<unstructured_citation>“Bingham statistics library,” 2009.</unstructured_citation>
</citation>
<citation key="ref-23">
<unstructured_citation>Stochastic Processes and Filtering Theory. Elsevier, 1970.</unstructured_citation>
</citation>
<citation key="ref-24">
<unstructured_citation>On the rigid rotation concept in n-dimensional spaces, The Journal of the Astronautical Sciences, vol. 49, no. 3, pp. 401—420, 2001.</unstructured_citation>
</citation>
<citation key="ref-25">
<unstructured_citation>Minimum parameter representations of N-dimensional prin- cipal rotations, Journal of the Astronautical Sciences, vol. 53, no. 3, p. 317, June 2005.</unstructured_citation>
</citation>
<citation key="ref-26">
<unstructured_citation>On Cayley’s factorization of 4D rotations and applications, in 6th Conference on Applied Geometric Algebras in Com- puter Science and Engineering, 2015.</unstructured_citation>
</citation>
<citation key="ref-27">
<unstructured_citation>A method for the solution of certain problems in least squares, Quarterly of Applied Mathematics, vol. 2, pp. 164—168, 1944.</unstructured_citation>
</citation>
<citation key="ref-28">
<unstructured_citation>An algorithm for least-squares estimation of nonlinear pa- rameters, SIAM Journal Applied Mathematics, vol. 11, pp. 431—441, 1963.</unstructured_citation>
</citation>
<citation key="ref-29">
<unstructured_citation>Terminal guidance system for satellite rendezvous, Journal of Aerospace Science, vol. 27, no. 9, pp. 653—658, 1960.</unstructured_citation>
</citation>
<citation key="ref-30">
<unstructured_citation>Berger Spacecraft Formation Flying. Elsevier, 2010.</unstructured_citation>
</citation>
<citation key="ref-31">
<unstructured_citation>Fundamentals of Astrodynamics and Applications. Microcosm, 2001.</unstructured_citation>
</citation>
<citation key="ref-32">
<unstructured_citation>Survey of nonlinear attitude estimation methods, Journal of Guidance, Control, and Dynamics, vol. 30, no. 1, pp. 12—28, January—February 2007.</unstructured_citation>
</citation>
<citation key="ref-33">
<unstructured_citation>Optimal Estimation of Dynamic Systems. CRC press, 2011.</unstructured_citation>
</citation>
<citation key="ref-34">
<unstructured_citation>The EM Algorithm and Extensions. John Wiley & Sons, 2008. 204 JOURNAL OF ADVANCES IN INFORMATION FUSION VOL. 11, NO. 2 DECEMBER 2016</unstructured_citation>
</citation>
</citation_list>
</journal_article>
</journal>
</body>
</doi_batch>