<doi_batch xmlns="http://www.crossref.org/schema/4.3.7" xmlns:xsi="http://www.w3.org/2001/XMLSchema-instance" version="4.3.7" xsi:schemaLocation="http://www.crossref.org/schema/4.3.7 http://www.crossref.org/schema/deposit/crossref4.3.7.xsd">
<head>
<doi_batch_id></doi_batch_id>
<timestamp>1639242167.8026798</timestamp>
<depositor>
<depositor_name></depositor_name>
<email_address></email_address>
</depositor>
<registrant>WEB-FORM</registrant>
</head>
<body>
<journal>
<journal_metadata>
<full_title>Journal of Advances in Information Fusion</full_title>
<abbrev_title>JAIF</abbrev_title>
<issn media_type="print">1557-6418</issn>
</journal_metadata>
<journal_issue>
<publication_date media_type="print">
<month>June</month>
<day></day>
<year>2014</year>
</publication_date>
<journal_volume>
<volume>9</volume>
</journal_volume>
<issue>1</issue>
</journal_issue>
<journal_article publication_type="full_text">
<titles>
<title>A Technique for Deriving Multitarget Intensity Filters Using Ordinary Derivatives</title>
</titles>
<contributors>
<person_name sequence="first" contributor_role="author">
<given_name>Roy </given_name>
<surname>Streit</surname>
<ORCID></ORCID>
</person_name>
</contributors>
<publication_date media_type="print">
<month>June</month>
<day></day>
<year>2014</year>
</publication_date>
<pages>
<first_page>3</first_page>
<last_page>12</last_page>
</pages>
<citation_list>
<citation key="ref-1">
<unstructured_citation>A. Baddeley Spatial point processes and their applications. in Stochastic Geometry, Lecture Notes in Mathematics, Vol. 1892, W. Weil, Editor. Berlin: Springer-Verlag, 2007, pp. 1—75.</unstructured_citation>
</citation>
<citation key="ref-2">
<unstructured_citation>Reduced Palm Intensity for Track Extraction. in Proceedings of the International Conference on Informa- tion Fusion, Istanbul, July 2013.</unstructured_citation>
</citation>
<citation key="ref-3">
<unstructured_citation>An Introduction to the Theory of Point Processes, Volume I: Elementary Theory and Methods. New York: Springer, 1988 (Second Edition, 2003).</unstructured_citation>
</citation>
<citation key="ref-4">
<unstructured_citation>“Spooky action at a distance” in the cardinalized probability hypothesis density filter. IEEE Transactions on Aerospace and Electronic Systems, Vol. 45, no. 4, 2009, 1657—1664.</unstructured_citation>
</citation>
<citation key="ref-5">
<unstructured_citation>Automatic Evaluations of Cross-Derivatives. Mathematics of Computation, Vol. 83, No. 285, January 2014, 251—274.</unstructured_citation>
</citation>
<citation key="ref-6">
<unstructured_citation>Introduction to Fourier Analysis and Generalized Functions. Cambridge, UK: Cambridge University Press, 1958.</unstructured_citation>
</citation>
<citation key="ref-7">
<unstructured_citation>Statistical Multisource-Multitarget Information Fusion. Norwood MA: Artech House, 2007. A TECHNIQUE FOR DERIVING MULTITARGET INTENSITY FILTERS USING ORDINARY DERIVATIVES 11</unstructured_citation>
</citation>
<citation key="ref-8">
<unstructured_citation>PHD Filters for Nonstandard Targets, I: Extended Targets. in Proceedings of the 12th International Conference on In- formation Fusion, Seattle, Washington, USA, July 2009.</unstructured_citation>
</citation>
<citation key="ref-9">
<unstructured_citation>Approximate Multisensor CPHD and PHD Filters. in Proceedings of the 13th International Conference on In- formation Fusion, Edinburgh, Scotland, July 2010.</unstructured_citation>
</citation>
<citation key="ref-10">
<unstructured_citation>The General Theory of Stochastic Population Processes. Acta Mathematica, Vol. 108, 1—31, 1962.</unstructured_citation>
</citation>
<citation key="ref-11">
<unstructured_citation>Extended Target Tracking with a Cardinalized Probability Hypothesis Density Filter. Department of Electrical Engineering, Linköpings Univer- sitet, Technical report LiTH-ISY-R-2999, 14 March 2011.</unstructured_citation>
</citation>
</citation_list>
</journal_article>
</journal>
</body>
</doi_batch>