<doi_batch xmlns="http://www.crossref.org/schema/4.3.7" xmlns:xsi="http://www.w3.org/2001/XMLSchema-instance" version="4.3.7" xsi:schemaLocation="http://www.crossref.org/schema/4.3.7 http://www.crossref.org/schema/deposit/crossref4.3.7.xsd">
<head>
<doi_batch_id></doi_batch_id>
<timestamp>1645534036.4778836</timestamp>
<depositor>
<depositor_name></depositor_name>
<email_address></email_address>
</depositor>
<registrant>WEB-FORM</registrant>
</head>
<body>
<journal>
<journal_metadata>
<full_title>Journal of Advances in Information Fusion</full_title>
<abbrev_title>JAIF</abbrev_title>
<issn media_type="print">1557-6418</issn>
</journal_metadata>
<journal_issue>
<publication_date media_type="print">
<month>June</month>
<day></day>
<year>2014</year>
</publication_date>
<journal_volume>
<volume>9</volume>
</journal_volume>
<issue>1</issue>
</journal_issue>
<journal_article publication_type="full_text">
<titles>
<title>Practical Data Association for Passive Sensors in 3D</title>
</titles>
<contributors>
<person_name sequence="first" contributor_role="author">
<given_name>Shuo </given_name>
<surname>Zhang</surname>
<ORCID></ORCID>
</person_name>
<person_name sequence="first" contributor_role="author">
<given_name>Yaakov </given_name>
<surname>Bar-Shalom</surname>
<ORCID></ORCID>
</person_name>
</contributors>
<publication_date media_type="print">
<month>June</month>
<day></day>
<year>2014</year>
</publication_date>
<pages>
<first_page>38</first_page>
<last_page>46</last_page>
</pages>
<citation_list>
<citation key="ref-1">
<unstructured_citation>J. Areta, Y. Bar-Shalom, M. Levedahl and K. R. Pattipati Hierarchical tracking association and fusion for a net- worked surveillance system. Journal of Advances in Information Fusion, 1(2):140—156, Dec. 2006.</unstructured_citation>
</citation>
<citation key="ref-2">
<unstructured_citation>Tracking and Data Fusion. Storrs, CT: YBS Publishing, 2011.</unstructured_citation>
</citation>
<citation key="ref-3">
<unstructured_citation>Estimation with Applications to Tracking and Navigation: Theory, Algorithms and Software. New York: Wiley, 2001.</unstructured_citation>
</citation>
<citation key="ref-4">
<unstructured_citation>Multiple Hypothesis Tracking For Multiple Target Track- ing. IEEE Aerospace and Electronic Systems Magazine, 19(1):5— 18, Jan. 2004.</unstructured_citation>
</citation>
<citation key="ref-5">
<unstructured_citation>On finding ranked assignments with application to multi- target tracking and motion. IEEE Transactions on Aerospace and Electronic Systems, 31(1):486—489, Jan. 1995.</unstructured_citation>
</citation>
<citation key="ref-6">
<unstructured_citation>An effcient implementation of reid’s multiple hypothesis tracking algorithm and its evaluation for the purpose of visual tracking. IEEE Transactions on Pattern Analysis and Machine Intelli- gence, 18(2):138—150, Feb. 1996.</unstructured_citation>
</citation>
<citation key="ref-7">
<unstructured_citation>Efficient gating in data association with multivariate Gaus- sian states. IEEE Transactions on Aerospace and Electronic Systems, 28(3):909—916, July 1992.</unstructured_citation>
</citation>
<citation key="ref-8">
<unstructured_citation>Shalom Fast Data Association Using Multidimensional Asignment With Clustering. IEEE Transactions on Aerospace and Electronic Systems, 37(3), July 2001.</unstructured_citation>
</citation>
<citation key="ref-9">
<unstructured_citation>A generalized S-dimensional assignment for multisensor- multitarget state estimation. IEEE Transactions on Aerospace and Electronic Systems, 33(3):523—538, Apr. 1997.</unstructured_citation>
</citation>
<citation key="ref-10">
<unstructured_citation>An algorithm for ranking all the assigments in order of increasing cost. Operations Research, 16(3):682—687, 1968.</unstructured_citation>
</citation>
<citation key="ref-11">
<unstructured_citation>Optimizing Murty’s ranked assignment method. IEEE Transactions on Aerospace and Electronic Systems, 33(3):851—862, July 1997.</unstructured_citation>
</citation>
<citation key="ref-12">
<unstructured_citation>Statistical efficiency of composite position measurements from passive sensors. IEEE Transactions on Aerospace and Electronic Systems, 49(4):2799—2806, Oct. 2013.</unstructured_citation>
</citation>
<citation key="ref-13">
<unstructured_citation>Fusion of Asynchronous Passive Measurements. 17th International conference on information fusion, Sala- manca, Spain, July 2014.</unstructured_citation>
</citation>
<citation key="ref-14">
<unstructured_citation>A new relaxation algorithm and passive sensor data asso- ciation. IEEE Transactions on Automatic Control, 37(2):198—213, Feb. 1992.</unstructured_citation>
</citation>
<citation key="ref-15">
<unstructured_citation>Data association problems posed as multidimensional as- signment problems: algorithm development. Proc. SPIE Conf. on Signal Processing, Sensor Fusion and Target Recognition, 1955:175—183, 1993.</unstructured_citation>
</citation>
<citation key="ref-16">
<unstructured_citation>Multidimensional Assignment formulation of data associ- ation problems arising from multitarget and multisensor tracking. Computational Optimization and Applications, 3:27—57, 1994.</unstructured_citation>
</citation>
<citation key="ref-17">
<unstructured_citation>An m-Best 2-D assignment algorithm and multilevel paral- lelization. Transactions on Aerospace and Electronic Systems, 35(4): 1145—1160, Oct. 1999.</unstructured_citation>
</citation>
<citation key="ref-18">
<unstructured_citation>m-best S-D assignment algorithm with application to mul- titarget tracking. IEEE Transactions on Aerospace and Electronic Systems, 37(1):22—34, Jan. 2001.</unstructured_citation>
</citation>
<citation key="ref-19">
<unstructured_citation>Algorithms for multiple-target tracking. American Scientist, 80:128—141, Mar. 1992.</unstructured_citation>
</citation>
<citation key="ref-20">
<unstructured_citation>Precision large scale air traffic surveillance using IMM/ assignment estimators. IEEE Transactions on Aerospace and Electronic Systems, 35(1):255—266, Jan. 1999. PRACTICAL DATA ASSOCIATION FOR PASSIVE SENSORS IN 3D 45</unstructured_citation>
</citation>
</citation_list>
</journal_article>
</journal>
</body>
</doi_batch>