<doi_batch xmlns="http://www.crossref.org/schema/4.3.7" xmlns:xsi="http://www.w3.org/2001/XMLSchema-instance" version="4.3.7" xsi:schemaLocation="http://www.crossref.org/schema/4.3.7 http://www.crossref.org/schema/deposit/crossref4.3.7.xsd">
<head>
<doi_batch_id></doi_batch_id>
<timestamp>1645534036.469707</timestamp>
<depositor>
<depositor_name></depositor_name>
<email_address></email_address>
</depositor>
<registrant>WEB-FORM</registrant>
</head>
<body>
<journal>
<journal_metadata>
<full_title>Journal of Advances in Information Fusion</full_title>
<abbrev_title>JAIF</abbrev_title>
<issn media_type="print">1557-6418</issn>
</journal_metadata>
<journal_issue>
<publication_date media_type="print">
<month>June</month>
<day></day>
<year>2014</year>
</publication_date>
<journal_volume>
<volume>9</volume>
</journal_volume>
<issue>1</issue>
</journal_issue>
<journal_article publication_type="full_text">
<titles>
<title>The PMHT for Passive Radar in a DAB/DVB Network</title>
</titles>
<contributors>
<person_name sequence="first" contributor_role="author">
<given_name>Sora </given_name>
<surname>Choi</surname>
<ORCID></ORCID>
</person_name>
<person_name sequence="first" contributor_role="author">
<given_name>Peter </given_name>
<surname>Willett</surname>
<ORCID></ORCID>
</person_name>
<person_name sequence="first" contributor_role="author">
<given_name>Shengli </given_name>
<surname>Zhou</surname>
<ORCID></ORCID>
</person_name>
</contributors>
<publication_date media_type="print">
<month>June</month>
<day></day>
<year>2014</year>
</publication_date>
<pages>
<first_page>27</first_page>
<last_page>37</last_page>
</pages>
<citation_list>
<citation key="ref-1">
<unstructured_citation>Y. Bar-Shalom, X.-R. Li, and T. Kirubarajan. Estimation with Application to Tracking and Navigation. YBS publishing, Storrs, CT, 1995.</unstructured_citation>
</citation>
<citation key="ref-2">
<unstructured_citation>Tracking and Data Fusion: A Handbook of Algorithms. YBS Publishing, Storrs, CT, 2011.</unstructured_citation>
</citation>
<citation key="ref-3">
<unstructured_citation>Signal processing for passive radar using OFDM wave- forms. IEEE Journal on Selected Topics in Signal Processing (spe- cial issue on MIMO Radar), 10(5):226—238, 2010.</unstructured_citation>
</citation>
<citation key="ref-4">
<unstructured_citation>Target tracking for multistatic radar with transmitter uncer- tainty. In Proceedings of SPIE:Signal and Data Processing of Small Targets 2009, volume 7445, 2009.</unstructured_citation>
</citation>
<citation key="ref-5">
<unstructured_citation>Approaches to Cartesian data association passive radar tracking in a DAB/DVB network. available at the IEEE Trans. on Aerospace and Electronic Systems, page doi:10.1117/12.829599.</unstructured_citation>
</citation>
<citation key="ref-6">
<unstructured_citation>Multistatic target tracking for passive radar in a DAB/DVB network: Initiation. submitted in the IEEE Trans. on Aerospace and Electronic Systems.</unstructured_citation>
</citation>
<citation key="ref-7">
<unstructured_citation>A time-shift model for OFDM radar. In The 2012 IEEE Radar Conference, pages 841—846, Wash- ington, DC, 2012.</unstructured_citation>
</citation>
<citation key="ref-8">
<unstructured_citation>A critical look at the PMHT. Journal of Advances in Information Fusion, 4(2):93—116, December 2009. THE PMHT FOR PASSIVE RADAR IN A DAB/DVB NETWORK 35</unstructured_citation>
</citation>
<citation key="ref-9">
<unstructured_citation>A look at the PMHT. In Proc. of the 12th International conference on Information Fusion, pages 332—339, Seattle, WA, 2009.</unstructured_citation>
</citation>
<citation key="ref-10">
<unstructured_citation>Track initialization in a multistatic DAB/DVB-T network. In Proceeding of the 11th International Conference on Infor- mation Fusion, Cologne (Germany), July 2008.</unstructured_citation>
</citation>
<citation key="ref-11">
<unstructured_citation>Gaussian mixture initilization in passive tracking applica- tions. In Information Fusion, 2010 13th Conference on, pages 1—8, Rome, Italy, July 2010.</unstructured_citation>
</citation>
<citation key="ref-12">
<unstructured_citation>Multistatic target tracking for non-cooperative illumination by DAB/DVB-T. In IEEE Radar Conference, page DIO 4302238, Rome, Italy, May 2008.</unstructured_citation>
</citation>
<citation key="ref-13">
<unstructured_citation>Tracking in multistatic passive radar system using DAB/ DVB-T illumination. Signal Processing, 92(6):1365—1386, June 2012.</unstructured_citation>
</citation>
<citation key="ref-14">
<unstructured_citation>Probabilistic multi-hypothesis tracking in a multi-sensor, multi-target environment. In Data Fusion Symposium, ADFS ’96, pages 184—189, Newport, RI, November 1996.</unstructured_citation>
</citation>
</citation_list>
</journal_article>
</journal>
</body>
</doi_batch>