<doi_batch xmlns="http://www.crossref.org/schema/4.3.7" xmlns:xsi="http://www.w3.org/2001/XMLSchema-instance" version="4.3.7" xsi:schemaLocation="http://www.crossref.org/schema/4.3.7 http://www.crossref.org/schema/deposit/crossref4.3.7.xsd">
<head>
<doi_batch_id></doi_batch_id>
<timestamp>1645533918.1186664</timestamp>
<depositor>
<depositor_name></depositor_name>
<email_address></email_address>
</depositor>
<registrant>WEB-FORM</registrant>
</head>
<body>
<journal>
<journal_metadata>
<full_title>Journal of Advances in Information Fusion</full_title>
<abbrev_title>JAIF</abbrev_title>
<issn media_type="print">1557-6418</issn>
</journal_metadata>
<journal_issue>
<publication_date media_type="print">
<month>December</month>
<day></day>
<year>2021</year>
</publication_date>
<journal_volume>
<volume>16</volume>
</journal_volume>
<issue>2</issue>
</journal_issue>
<journal_article publication_type="full_text">
<titles>
<title>Data-association-free Characterization of Labeling Uncertainty: the Cross Modeling Tracker</title>
</titles>
<contributors>
<person_name sequence="first" contributor_role="author">
<given_name>CARLOS MORENO</given_name>
<surname>LEON</surname>
<ORCID></ORCID>
</person_name>
<person_name sequence="first" contributor_role="author">
<given_name>HANS </given_name>
<surname>DRIESSEN</surname>
<ORCID></ORCID>
</person_name>
<person_name sequence="first" contributor_role="author">
<given_name>ALEXANDER </given_name>
<surname>YAROVOY</surname>
<ORCID></ORCID>
</person_name>
</contributors>
<publication_date media_type="print">
<month>December</month>
<day></day>
<year>2021</year>
</publication_date>
<pages>
<first_page>75</first_page>
<last_page>91</last_page>
</pages>
<citation_list>
<citation key="ref-1">
<unstructured_citation>E. H. Aoki, P. K.Mandal, L. Svensson, Y. Boers, and A. Bagchi “Labeling uncertainty in multitarget tracking,” IEEE Trans. Aerosp. Electron. Syst., vol. 52, no. 3, pp. 1006–1020, Jun. 2016.</unstructured_citation>
</citation>
<citation key="ref-2">
<unstructured_citation>Estimation with Applications to Tracking and Navigation: Theory, Algorithms and Software. Canada:Wiley, 2001.</unstructured_citation>
</citation>
<citation key="ref-3">
<unstructured_citation>Design and Analysis ofModern Tracking Systems.Norwood, MA:Artech House, 1999.</unstructured_citation>
</citation>
<citation key="ref-4">
<unstructured_citation>“Permutation invariance in Bayesian estimation of two targets that maneuver in and out formation flight,” in Proc. 12th Int. Conf. Inf. Fusion, Seattle, 2009, pp. 1296– 1303</unstructured_citation>
</citation>
<citation key="ref-5">
<unstructured_citation>“Tracking closely spaced targets: Bayes outperformed by an approximation?,” in Proc. 11th Int. Conf. Inf. Fusion, Cologne, 2008, pp. 1–8.</unstructured_citation>
</citation>
<citation key="ref-6">
<unstructured_citation>“Multitarget particle filter track before detect application,” IEE Proc. Radar Sonar Navig., vol. 151, no. 6, pp. 351–357, Dec. 2004.</unstructured_citation>
</citation>
<citation key="ref-7">
<unstructured_citation>“The mixed labeling problem in multi target particle filtering,” in Proc. 10th Int. Conf. Inf. Fusion, Quebec, 2007, pp. 1–7.</unstructured_citation>
</citation>
<citation key="ref-8">
<unstructured_citation>“Mixed labelling in multitarget particle filtering,” IEEE Trans. Aerosp. Electron. Syst., vol. 46, no. 2, pp. 792–802, Apr. 2010.</unstructured_citation>
</citation>
<citation key="ref-9">
<unstructured_citation>“Generalizations of Blom and Bloem’s PDF decomposition for permutation-invariant estimation,” Proc. 2011 IEEE Int. Conf. Acoust. Speech Signal Process., 2011, pp. 3840–3843</unstructured_citation>
</citation>
<citation key="ref-10">
<unstructured_citation>“Developing a real-time track display that operators do not hate,” in IEEE Trans. Signal Process., vol. 59, no. 7, pp. 3441–3447, Jul. 2011.</unstructured_citation>
</citation>
<citation key="ref-11">
<unstructured_citation>M.Guerriero “The Set MHT,” in 14th Int. Conf. Inf. Fusion, Chicago, IL, 2011, pp. 1–8.</unstructured_citation>
</citation>
<citation key="ref-12">
<unstructured_citation>“Particle filters for tracking closely spaced targets,” in Proc. 10th Int. Conf. Inf. Fusion, Quebec, 2007, pp. 1–8.</unstructured_citation>
</citation>
<citation key="ref-13">
<unstructured_citation>“Sonar tracking of multiple targets using joint probabilistic data association,” IEEE J. Ocean. Eng., vol. 8, no. 3, pp. 173–184, Jul. 1983.</unstructured_citation>
</citation>
<citation key="ref-14">
<unstructured_citation>“Track-before-detect labeled multi-bernoulli particle filter with label switching,” IEEE Trans. Aerosp. Electron. Syst., vol. 52, no. 5, pp. 2123–2138, Oct. 2016.</unstructured_citation>
</citation>
<citation key="ref-15">
<unstructured_citation>“Particle filter for extracting target label information when targets move in close proximity,” in Proc. 14th Int. Conf. Inf. Fusion, Chicago, 2011, pp. 1–8.</unstructured_citation>
</citation>
<citation key="ref-16">
<unstructured_citation>“Multiple target tracking based on sets of trajectories,” IEEE Trans. Aerosp. Electron. Syst. vol. 56, no. 3, pp. 1685–1707, Jun. 2020.</unstructured_citation>
</citation>
<citation key="ref-17">
<unstructured_citation>“Efficient characterization of labeling uncertainty in closely-spaced targets tracking,” in Proc. 19th Int. Conf. Inf. Fusion, Heidelberg, 2016, pp. 449–456.</unstructured_citation>
</citation>
<citation key="ref-18">
<unstructured_citation>“Evaluation of labeling uncertainty in multiple target tracking with track-before-detect radars,” in Proc. 22nd Int. Conf. Inf. Fusion, Ottawa, 2019, pp. 1–8.</unstructured_citation>
</citation>
<citation key="ref-19">
<unstructured_citation>“Multitarget Bayes filtering via first-order multitarget moments,” IEEE Trans. Aerosp. Electron. Syst., vol. 39, no. 4, pp. 1152–1178, Oct. 2003.</unstructured_citation>
</citation>
<citation key="ref-20">
<unstructured_citation>“Uniform sampling for multiple target tracking,” in Proc. 14th Int. Conf. Inf. Fusion, Chicago, 2011, pp. 1–7.</unstructured_citation>
</citation>
<citation key="ref-21">
<unstructured_citation>“An algorithm for tracking multiple targets,” IEEE Trans. Automat. Contr., vol. 24, no. 6, pp. 843–854, 1979.</unstructured_citation>
</citation>
<citation key="ref-22">
<unstructured_citation>Beyond the Kalman Filter: Particle Filters for Tracking Applications. Norwood,MA,USA:Artech House, 2004.</unstructured_citation>
</citation>
<citation key="ref-23">
<unstructured_citation>“Target tracking based on estimation of sets of trajectories,” in Proc. 17th Int. Conf. Inf. Fusion, Salamanca, 2014, pp. 1–8.</unstructured_citation>
</citation>
<citation key="ref-24">
<unstructured_citation>and J. L.Williams “Backward simulation for sets of trajectories,” in Proc. 23rd Int. Conf. Inf. Fusion, virtual, 2020, pp. 1–8. DATA-ASSOCIATION-FREE CHARACTERIZATION OF LABELING UNCERTAINTY: THE CROSS MODELING TRACKER 89 Carlos Moreno Leon received his MSc in Telecommunications Engineering in 2013 from the University of Alcalá (UAH) in Madrid. From 2012 to 2014 he was em- ployed with the Polytechnic University of Madrid (UPM) as a research assistant in the Signal, Systems and Radiocommunications department. From 2014 to 2017 he held a European Commission Marie Curie research fellowship while working at Thales Nederland BV. Since 2017 he is with the Cognitive Radar department in the German Fraunhofer Institute for High Frequency Physics and Radar Techniques (FHR). Parallel to his work at Fraunhofer FHR, he is pursuing a PhD at TU-Delft since November 2017 (in the Microwave Signals Sensor and Systems group).He has been involved in several international research and development projects in the area of signal/data processing with applications in Wireless Sensor Networks and Radar Technology both within civilian and military contexts. Hans Driessen obtained the MSc and PhD degree in 1987 and 1992, respectively, both from the department of Electrical Engineering at the TU-Delft. Since then he has been employed with Thales Nederland BV. He has been and is still involved in various (international) research projects and radar development programs in the area of signal/data processing and radar management. Since January 2015, he ad- ditionally holds a part-time position as associate professor at the EEMCS faculty in the Microwave Signals Sensor and Systems group in the field of radar systems; waveforms and processing. His interest is in the practical application of detection, estimation, information and control theory to various problems in sensor systems. 90 JOURNAL OF ADVANCES IN INFORMATION FUSION VOL. 16, NO. 2 DECEMBER 2021 Alexander Yarovoy (FIEEE’2015) graduated from the Kharkov State University, Ukraine, in 1984 with the Diploma with honor in radiophysics and electronics. He received the Candidate Phys. & Math. Sci. and Doctor Phys. & Math. Sci. degrees in radiophysics in 1987 and 1994, respectively. In 1987 he joined the Department of Radiophysics at the Kharkov State University as a Researcher and became a Full Professor there in 1997. From September 1994 through 1996 he was with Techni- cal University of Ilmenau, Germany as a Visiting Researcher. Since 1999 he is with the Delft University of Technology, the Netherlands. Since 2009 he leads there a chair of Microwave Sensing, Systems and Signals. His main research interests are in high-resolution radar, microwave imaging and applied electromagnetics (in partic- ular, UWB antennas). He has authored and co-authored more than 450 scientific or technical papers, six patents and fourteen book chapters. He is the recipient of the European Microwave Week Radar Award for the paper that best advances the state-of-the-art in radar technology in 2001 (together with L.P. Ligthart and P. van Genderen) and in 2012 (together with T.Savelyev). In 2010 together withD.Caratelli Prof. Yarovoy got the best paper award of the Applied Computational Electromag- netic Society (ACES). Prof. Yarovoy served as the General TPC chair of the 2020 European Microwave Week (EuMW’20), as the Chair and TPC chair of the 5th Eu- ropean Radar Conference (EuRAD’08), as well as the Secretary of the 1st European Radar Conference (EuRAD’04).He served also as the co-chair and TPC chair of the Xth International Conference on GPR (GPR2004).He served as an Associated Ed- itor of the International Journal of Microwave and Wireless Technologies from 2011 till 2018 and as a Guest Editor of five special issues of the IEEE Transactions and other journals. In the period 2008-2017 Prof. Yarovoy served as Director of the Eu- ropean Microwave Association (EuMA). DATA-ASSOCIATION-FREE CHARACTERIZATION OF LABELING UNCERTAINTY: THE CROSS MODELING TRACKER 91</unstructured_citation>
</citation>
</citation_list>
</journal_article>
</journal>
</body>
</doi_batch>