<doi_batch xmlns="http://www.crossref.org/schema/4.3.7" xmlns:xsi="http://www.w3.org/2001/XMLSchema-instance" version="4.3.7" xsi:schemaLocation="http://www.crossref.org/schema/4.3.7 http://www.crossref.org/schema/deposit/crossref4.3.7.xsd">
<head>
<doi_batch_id></doi_batch_id>
<timestamp>1645533918.1616988</timestamp>
<depositor>
<depositor_name></depositor_name>
<email_address></email_address>
</depositor>
<registrant>WEB-FORM</registrant>
</head>
<body>
<journal>
<journal_metadata>
<full_title>Journal of Advances in Information Fusion</full_title>
<abbrev_title>JAIF</abbrev_title>
<issn media_type="print">1557-6418</issn>
</journal_metadata>
<journal_issue>
<publication_date media_type="print">
<month>December</month>
<day></day>
<year>2021</year>
</publication_date>
<journal_volume>
<volume>16</volume>
</journal_volume>
<issue>2</issue>
</journal_issue>
<journal_article publication_type="full_text">
<titles>
<title>Estimation of the Conditional State and Covariance With Taylor Polynomials</title>
</titles>
<contributors>
<person_name sequence="first" contributor_role="author">
<given_name>SIMONE </given_name>
<surname>SERVADIO</surname>
<ORCID></ORCID>
</person_name>
<person_name sequence="first" contributor_role="author">
<given_name>RENATO </given_name>
<surname>ZANETTI</surname>
<ORCID></ORCID>
</person_name>
</contributors>
<publication_date media_type="print">
<month>December</month>
<day></day>
<year>2021</year>
</publication_date>
<pages>
<first_page>126</first_page>
<last_page>142</last_page>
</pages>
<citation_list>
<citation key="ref-1">
<unstructured_citation>D. Alspach and H. Sorenson “Nonlinear Bayesian estimation using Gaussian sum approximations,” IEEE Trans. Autom. Control, vol. 17, no. 4, pp. 439–448, Aug. 1972.</unstructured_citation>
</citation>
<citation key="ref-2">
<unstructured_citation>“Cubature Kalman filters,” IEEE Trans. Autom. Control, vol. 54, no. 6, pp. 1254–1269, Jun. 2009.</unstructured_citation>
</citation>
<citation key="ref-3">
<unstructured_citation>“Discrete-time nonlinear filtering algorithms using Hauss–Hermite quadrature,” Proc. IEEE, vol. 95, no. 5, pp. 953–977,May 2007.</unstructured_citation>
</citation>
<citation key="ref-4">
<unstructured_citation>“Probabilistic optical and radar initial orbit determination,” J. Guid., Control, Dyn., vol. 41, no. 1, pp. 101–108, 2018.</unstructured_citation>
</citation>
<citation key="ref-5">
<unstructured_citation>“Asteroid close encounters characterization using differential algebra: The case of Apophis,” Celestial Mech. Dynamical Astron., vol. 107, no. 4, pp. 451–470, 2010.</unstructured_citation>
</citation>
<citation key="ref-6">
<unstructured_citation>“The iterated Kalman filter update as a Gauss–Newton method,” IEEE Trans. Autom. Control, vol. 38, no. 2, pp. 294–297, Feb. 1993.</unstructured_citation>
</citation>
<citation key="ref-7">
<unstructured_citation>Modern Map Methods in Particle Beam Physics. New York, NY, USA:Academic Press, 1999.</unstructured_citation>
</citation>
<citation key="ref-8">
<unstructured_citation>“Polynomial filtering of discrete-time stochastic linear systems with multiplicative state noise,” IEEE Trans. Autom. Control, vol. 42, no. 8, pp. 1106–1126, Aug. 1997.</unstructured_citation>
</citation>
<citation key="ref-9">
<unstructured_citation>“On-board spacecraft relative pose estimation with high-order extended Kalman filter,” Acta Astronautica, vol. 158, pp. 55–67, 2019.</unstructured_citation>
</citation>
<citation key="ref-10">
<unstructured_citation>“DA-based nonlinear filters for space- craft relative state estimation,” AIAA 2018-1964. 2018 Space Flight Mechanics Meeting. January 2018. doi: 10.2514/6.2018-1964.</unstructured_citation>
</citation>
<citation key="ref-11">
<unstructured_citation>“Optimal quadratic filtering of linear discrete-time non-Gaussian systems,” IEEE Trans. Autom. Control, vol. 40, no. 7, pp. 1274–1278, Jul. 1995. 140 JOURNAL OF ADVANCES IN INFORMATION FUSION VOL. 16, NO. 2 DECEMBER 2021</unstructured_citation>
</citation>
<citation key="ref-12">
<unstructured_citation>“Assessment of onboard DA state estimation for spacecraft relative navigation,” ESA, Paris, France, Contract IPL-PTE/LF/as/517.2016, Final Rep., 2017.</unstructured_citation>
</citation>
<citation key="ref-13">
<unstructured_citation>Applied Optimal Estimation. Cambridge, MA, USA:MIT Press, 1974.</unstructured_citation>
</citation>
<citation key="ref-14">
<unstructured_citation>“Optimal nonlinear filtering,” Advances in Control Systems, vol. 5, pp. 197–300, 1967.</unstructured_citation>
</citation>
<citation key="ref-15">
<unstructured_citation>“Novel approach to nonlinear/non-Gaussian Bayesian state estimation,” IEE Proc. F-Radar Signal Process., vol. 140, no. 2, pp. 107–113, 1993.</unstructured_citation>
</citation>
<citation key="ref-16">
<unstructured_citation>“The Gaussian particle filter for diagnosis of non-linear systems,” IFAC Proc. Volumes, vol. 36, no. 5, pp. 909–914, 2003.</unstructured_citation>
</citation>
<citation key="ref-17">
<unstructured_citation>“On a formula for the product-moment coefficient of any order of a normal frequency distribution in any number of variables,” Biometrika, vol. 12, no. 1/2, pp. 134–139, 1918.</unstructured_citation>
</citation>
<citation key="ref-18">
<unstructured_citation>Stochastic Processes and Filtering Theory (Mathematics in Sciences and Engineering 64). New York, NY, USA: Academic Press, 1970.</unstructured_citation>
</citation>
<citation key="ref-19">
<unstructured_citation>“Unscented filtering and nonlinear estimation,” Proc. IEEE, vol. 92, no. 3, pp. 401–422,Mar. 2004.</unstructured_citation>
</citation>
<citation key="ref-20">
<unstructured_citation>“A new method for the nonlinear transforma- tion of means and covariances in filters and estimators,” IEEE Trans. Autom. Control, vol. 45, no. 3, pp. 477–482, Mar. 2000.</unstructured_citation>
</citation>
<citation key="ref-21">
<unstructured_citation>“A new approach to linear filtering and prediction problems,” J. Basic Eng., vol. 82, no. 1, pp. 35–45, 1960.</unstructured_citation>
</citation>
<citation key="ref-22">
<unstructured_citation>“New results in linear filtering and prediction theory,” J. Basic Eng., vol. 83, no. 1, pp. 95–108, 1961.</unstructured_citation>
</citation>
<citation key="ref-23">
<unstructured_citation>“Nonlinear estimation based on conversion-sample optimization,” Automatica, vol. 121, pp. 1873–2836, 2020.</unstructured_citation>
</citation>
<citation key="ref-24">
<unstructured_citation>“Nonlinear estimation by LMMSE-based estimation with optimized uncorrelated augmentation,” IEEE Trans. Signal Process., vol. 63, no. 16, pp. 4270–4283, Aug. 2015.</unstructured_citation>
</citation>
<citation key="ref-25">
<unstructured_citation>“Comment on ‘A new method for the nonlinear transformation of means and covariances in filters and estimators’,” IEEE Trans. Autom. Control, vol. 47. no. 8, pp. 1406–1408, 2002.</unstructured_citation>
</citation>
<citation key="ref-26">
<unstructured_citation>“Generalized linear minimum mean-square error estimation with application to space-object tracking,” in Proc. Asilomar Conf. Signals, Syst. and Comput., 2013, pp. 2133–2137.</unstructured_citation>
</citation>
<citation key="ref-27">
<unstructured_citation>“Cosy infinity version 9, nuclear instruments and methods in physics research section A: Accelerators,” Spectrometers, Detectors Associated Equip., vol. 558, no. 1, pp. 346–350, 2006.</unstructured_citation>
</citation>
<citation key="ref-28">
<unstructured_citation>“Differential Algebra software library with automatic code generation for space embedded applications,” in Proc. AIAA Inf. Syst.-AIAA Infotech@ Aerospace, 2018, p. 0398.</unstructured_citation>
</citation>
<citation key="ref-29">
<unstructured_citation>“Monte Carlo filter particle filter,” in Proc. Eur. Control Conf., 2015, pp. 2836–2841.</unstructured_citation>
</citation>
<citation key="ref-30">
<unstructured_citation>“Particle Gaussian mixture filters-I,” Automatica, vol. 98, pp. 331–340, 2018.</unstructured_citation>
</citation>
<citation key="ref-31">
<unstructured_citation>“New developments in state estimations for nonlinear systems,” Automatica, vol. 36, no. 11, pp. 1627–1638, 2000.</unstructured_citation>
</citation>
<citation key="ref-32">
<unstructured_citation>“A finite-difference method for linearization in nonlinear estimation algorithms,” Automatica, vol. 33, no. 11, pp. 2053–2058, 1997.</unstructured_citation>
</citation>
<citation key="ref-33">
<unstructured_citation>“Marginalized particle filters for mixed linear/nonlinear state-space models,” IEEE Trans. Signal Process., vol. 53, no. 7, pp. 2279–2289, Jul. 2005.</unstructured_citation>
</citation>
<citation key="ref-34">
<unstructured_citation>“High order filters for relative pose estimation of an uncooperative target,” M.S. thesis, Politecnico di Milano, Milan, Italy, 2017.</unstructured_citation>
</citation>
<citation key="ref-35">
<unstructured_citation>“Differential algebra-based multiple Gaussian particle filter for orbit determination,” J. Optim. Theory Appl. (2021). https://doi.org/10.1007/s10957-021-01934-8.</unstructured_citation>
</citation>
<citation key="ref-36">
<unstructured_citation>“Recursive polynomial minimum mean-square error estimation with applications to orbit determination,” J. Guid., Control, Dyn., AIAA, vol. 45, no. 5, pp. 939–954, 2020.</unstructured_citation>
</citation>
<citation key="ref-37">
<unstructured_citation>“Maximum a posteriori estimation of hamilto- nian systems with high order series expansions,” in Proceedings of the AAS/AIAA Astrodynamics Specialist Conference held August 11–15, 2019, Portland, Maine, U.S.A., Volume 171 of Advanced in the Astronautical Sciences, Univelt, San Diego. pp. 2843–2858.</unstructured_citation>
</citation>
<citation key="ref-38">
<unstructured_citation>“Nonlinear filtering with a polynomial series of G aussian random variables,” IEEE Trans. Aerosp. Electron. Syst., vol. 57, no. 1, pp. 647–658, Feb. 2021.</unstructured_citation>
</citation>
<citation key="ref-39">
<unstructured_citation>“Extended Kalman filter modifications based on an optimization view point,” in Proc. 18th Int. Conf. Inf. Fusion, 2015, pp. 1856–1861, 2015.</unstructured_citation>
</citation>
<citation key="ref-40">
<unstructured_citation>“Recursive Bayesian estimation using Gaussian sums,” Automatica, vol. 7, no. 4, pp. 465–479, 1971.</unstructured_citation>
</citation>
<citation key="ref-41">
<unstructured_citation>“Adaptive Gaussian sum filter for nonlinear Bayesian estimation,” IEEE Trans. Autom. Control, vol. 56, no. 9, pp. 2151–2156, Sep. 2011.</unstructured_citation>
</citation>
<citation key="ref-42">
<unstructured_citation>“A Gaussian particle filter based on differential algebra for spacecraft navigation,” in Proc. 63rd Int. Astronautical Congr., International Astronautical Federation, 2012, pp. 5178–5187.</unstructured_citation>
</citation>
<citation key="ref-43">
<unstructured_citation>“Nonlinear mapping of uncertainties in celestial mechanics,” J. Guid., Control, Dyn., vol. 36, no. 1, pp. 48–63, 2012. ESTIMATION OF THE CONDITIONAL STATE AND COVARIANCE WITH TAYLOR POLYNOMIALS 141</unstructured_citation>
</citation>
<citation key="ref-44">
<unstructured_citation>“The unscented particle filter,” in Proc. Advances Neural Inf. Process. Syst., 2001, pp. 584–590.</unstructured_citation>
</citation>
<citation key="ref-45">
<unstructured_citation>F. Bernelli-Zazzera, and M. Berz “Propagation of large uncertainty sets in orbital dynamics by automatic domain splitting,” Celestial Mechanics Dynamical Astron., vol. 122, no. 3, pp. 239–261, 2015.</unstructured_citation>
</citation>
<citation key="ref-46">
<unstructured_citation>“Gaussian sum filtering using uncorrelated conversion for nonlinear estimation,” in Proc. 20th Int. Conf. Inf. Fusion, 2017, pp. 1–8. Simone Servadio is a Postdoctoral Associate with the Massachusetts Institute of Technology,Cambridge,MA,USA.He received the Doctorate degree from the Uni- versity of Texas at Austin, Austin, TX, USA, studying nonlinear estimation, orbit determination, attitude estimation and control, tracking, and GNC applications. His current research interests include astrodynamics and the Koopman operator, with particular interest for stable and unstable manifolds, periodic orbits, and the circular restricted three-body problem. Renato Zanetti is an Assistant Professor with the Aerospace Engineering, Univer- sity of Texas at Austin, Austin, TX, USA. Prior to joining the University of Texas at Austin, he worked as an Engineer with the NASA Johnson Space Center and with Draper Laboratory. His research interests include nonlinear estimation, on- board navigation, and autonomous aerospace vehicles. 142 JOURNAL OF ADVANCES IN INFORMATION FUSION VOL. 16, NO. 2 DECEMBER 2021</unstructured_citation>
</citation>
</citation_list>
</journal_article>
</journal>
</body>
</doi_batch>