<doi_batch xmlns="http://www.crossref.org/schema/4.3.7" xmlns:xsi="http://www.w3.org/2001/XMLSchema-instance" version="4.3.7" xsi:schemaLocation="http://www.crossref.org/schema/4.3.7 http://www.crossref.org/schema/deposit/crossref4.3.7.xsd">
<head>
<doi_batch_id></doi_batch_id>
<timestamp>1639242210.9010623</timestamp>
<depositor>
<depositor_name></depositor_name>
<email_address></email_address>
</depositor>
<registrant>WEB-FORM</registrant>
</head>
<body>
<journal>
<journal_metadata>
<full_title>Journal of Advances in Information Fusion</full_title>
<abbrev_title>JAIF</abbrev_title>
<issn media_type="print">1557-6418</issn>
</journal_metadata>
<journal_issue>
<publication_date media_type="print">
<month>June</month>
<day></day>
<year>2011</year>
</publication_date>
<journal_volume>
<volume>6</volume>
</journal_volume>
<issue>1</issue>
</journal_issue>
<journal_article publication_type="full_text">
<titles>
<title>Leg-by-leg Bearings-Only Target Motion Analysis Without Observer Maneuver</title>
</titles>
<contributors>
<person_name sequence="first" contributor_role="author">
<given_name>Claude </given_name>
<surname>Jauffret</surname>
<ORCID></ORCID>
</person_name>
<person_name sequence="first" contributor_role="author">
<given_name>Denis </given_name>
<surname>Pillon</surname>
<ORCID></ORCID>
</person_name>
<person_name sequence="first" contributor_role="author">
<given_name>Anne-Claude </given_name>
<surname>Pignol</surname>
<ORCID></ORCID>
</person_name>
</contributors>
<publication_date media_type="print">
<month>June</month>
<day></day>
<year>2011</year>
</publication_date>
<pages>
<first_page>24</first_page>
<last_page>38</last_page>
</pages>
<citation_list>
<citation key="ref-1">
<unstructured_citation>Y. Bar-Shalom and X. R. Li Estimation and Tracking: Principles, Techniques, and Soft- ware. Artech House (1993).</unstructured_citation>
</citation>
<citation key="ref-2">
<unstructured_citation>Fusion of reduced-rank TMA estimates. IEEE Transactions on Aerospace and Electronic Systems, AES-36, 3 (July 2000), 750—759.</unstructured_citation>
</citation>
<citation key="ref-3">
<unstructured_citation>A user’s guide to nonlinear optimization algorithms. In Proceedings of IEEE, 72, 12 (Dec. 1984).</unstructured_citation>
</citation>
<citation key="ref-4">
<unstructured_citation>An asymptotically unbiased estimator for bearings-only and Doppler-bearing target motion analysis. IEEE Transactions on Signal Processing, 54, 3 (Mar. 2006), 809—821.</unstructured_citation>
</citation>
<citation key="ref-5">
<unstructured_citation>On target manoeuvres in bearings-only tracking. In Proceedings of the 25th Asilomar Conference on Circuits Systems, (Nov. 1991).</unstructured_citation>
</citation>
<citation key="ref-6">
<unstructured_citation>Observability in passive target motion analysis. IEEE Transactions on Aerospace and Electronic Systems, AES-32, 4 (Oct. 1996), 1290—1300.</unstructured_citation>
</citation>
<citation key="ref-7">
<unstructured_citation>Bearings-only TMA without observer maneuver. In Proceedings of the 11th International Conference on Infor- mation Fusion, Cologne, Germany, (July 2008), 501—508.</unstructured_citation>
</citation>
<citation key="ref-8">
<unstructured_citation>Bearings-only maneuvering target motion analysis from a non maneuvering platform. IEEE Transactions on Aerospace and Electronic Systems, AES-46, 4 (Oct. 2010), 1934—1949.</unstructured_citation>
</citation>
<citation key="ref-9">
<unstructured_citation>Leg-by-leg bearings-only TMA without observer maneu- ver. In Proceedings of the 12th International Conference on In- formation Fusion, Seattle, (July 2009), 2036—2043.</unstructured_citation>
</citation>
<citation key="ref-10">
<unstructured_citation>Discrete-time observability and estimability analysis for bearings-only target motion analysis. IEEE Transactions on Aerospace and Electronic Systems, AES-33, 1 (Jan. 1997), 178—201.</unstructured_citation>
</citation>
<citation key="ref-11">
<unstructured_citation>Optimizing the receiver maneuvers for bearings-only track- ing. Automatica, 35 (1999), 591—606.</unstructured_citation>
</citation>
<citation key="ref-12">
<unstructured_citation>Observability criteria for bearings-only target motion anal- ysis. IEEE Transactions on Aerospace and Electronic Systems, AES-17, 2 (Mar. 1981), 162—166.</unstructured_citation>
</citation>
<citation key="ref-13">
<unstructured_citation>Fundamental properties and performance of conventional bearings-only target motion analysis. IEEE Transactions on Automatic Control, AC-29, 9 (Sept. 1984), 775—787.</unstructured_citation>
</citation>
<citation key="ref-14">
<unstructured_citation>A closed-form solution to bearings-only target motion anal- ysis. IEEE Journal of Oceanic Engineering,OE-22, 1 (Jan. 1997), 168—178.</unstructured_citation>
</citation>
<citation key="ref-15">
<unstructured_citation>Optimal observer maneuver for bearings-only tracking. IEEE Transactions on Aerospace and Electronic Systems, AES-34, 3 (July 1998), 777—788.</unstructured_citation>
</citation>
<citation key="ref-16">
<unstructured_citation>Some quick and efficient methods for bearings-only target motion analysis. IEEE Transactions on Signal Processing, SP-41, 9 (Sept. 1993), 2737—2751.</unstructured_citation>
</citation>
<citation key="ref-17">
<unstructured_citation>Detection of target maneuver onset. IEEE Transactions on Aerospace and Electronic Systems, AES-45, 2 (Apr. 2009), 536—554. LEG-BY-LEG BEARINGS-ONLY TARGET MOTION ANALYSIS WITHOUT OBSERVER MANEUVER 37</unstructured_citation>
</citation>
</citation_list>
</journal_article>
</journal>
</body>
</doi_batch>