<doi_batch xmlns="http://www.crossref.org/schema/4.3.7" xmlns:xsi="http://www.w3.org/2001/XMLSchema-instance" version="4.3.7" xsi:schemaLocation="http://www.crossref.org/schema/4.3.7 http://www.crossref.org/schema/deposit/crossref4.3.7.xsd">
<head>
<doi_batch_id></doi_batch_id>
<timestamp>1639242221.9847507</timestamp>
<depositor>
<depositor_name></depositor_name>
<email_address></email_address>
</depositor>
<registrant>WEB-FORM</registrant>
</head>
<body>
<journal>
<journal_metadata>
<full_title>Journal of Advances in Information Fusion</full_title>
<abbrev_title>JAIF</abbrev_title>
<issn media_type="print">1557-6418</issn>
</journal_metadata>
<journal_issue>
<publication_date media_type="print">
<month>June</month>
<day></day>
<year>2010</year>
</publication_date>
<journal_volume>
<volume>5</volume>
</journal_volume>
<issue>1</issue>
</journal_issue>
<journal_article publication_type="full_text">
<titles>
<title>A Pragmatic Approach for the use of Dempster-Shafer Theory in Fusing Realistic Sensor Data</title>
</titles>
<contributors>
<person_name sequence="first" contributor_role="author">
<given_name>Pierre </given_name>
<surname>Valin</surname>
<ORCID></ORCID>
</person_name>
<person_name sequence="first" contributor_role="author">
<given_name>Pascal </given_name>
<surname>Djiknavorian</surname>
<ORCID></ORCID>
</person_name>
<person_name sequence="first" contributor_role="author">
<given_name>Eloi </given_name>
<surname>Bossé</surname>
<ORCID></ORCID>
</person_name>
</contributors>
<publication_date media_type="print">
<month>June</month>
<day></day>
<year>2010</year>
</publication_date>
<pages>
<first_page>32</first_page>
<last_page>40</last_page>
</pages>
<citation_list>
<citation key="ref-1">
<unstructured_citation>M. Bauer Approximation algorithms and decision making in the Dempster-Shafer theory of evidence–An empirical study. International Journal of Approximate Reasoning, 17, 2—3 (1997), 217—237.</unstructured_citation>
</citation>
<citation key="ref-2">
<unstructured_citation>Truncated Dempster-Shafer optimization and benchmark- ing. In Sensor Fusion: Architectures, Algorithms, and Applica- tions IV, SPIE Aerosense 2000, vol. 4051, 237—246.</unstructured_citation>
</citation>
<citation key="ref-3">
<unstructured_citation>Optimization and benchmarking of truncated Dempster- Shafer for airborne surveillance. In NATO Advanced Study Institute on Multisensor and Sensor Data Fusion, Kluwer Academic Publishers, NATO Science Series, II, Mathematics Physics and Chemistry, vol. 70, 617—624.</unstructured_citation>
</citation>
<citation key="ref-4">
<unstructured_citation>Managing evidential reasoning for identity information fu- sion. Optical Engineering, special section on sensor fusion, 37, 2 (Feb. 1998), 391—400.</unstructured_citation>
</citation>
<citation key="ref-5">
<unstructured_citation>Upper and lower probabilities induced by multivalued map- ping. Ann. Math. Statist., 38 (1967), 325—339.</unstructured_citation>
</citation>
<citation key="ref-6">
<unstructured_citation>Analysis of information fusion combining rules under the DSm theory using ESM inputs. In 10th International Conference on Information Fusion, 2007.</unstructured_citation>
</citation>
<citation key="ref-7">
<unstructured_citation>Dezert-Smarandache theory applied to highly conflicting reports for identification and recognition–Illustrative ex- ample of ESM associations in dense Environments. DRDC Valcartier TR 2008-537, 34 p.</unstructured_citation>
</citation>
<citation key="ref-8">
<unstructured_citation>Fusion of ESM allegiance reports using DSmT. In Advances and Applications of DSmT for Information Fusion, Collected Works edited by F. Smarandache and J. Dezert, vol. 3, American Research Press, 2008, 503—518.</unstructured_citation>
</citation>
<citation key="ref-9">
<unstructured_citation>NATO standard identity description structure for tactical use. STANAG 1241 (ed. 4), October 16, 1996.</unstructured_citation>
</citation>
<citation key="ref-10">
<unstructured_citation>A Mathematical Theory of Evidence. Princeton University Press, 1976.</unstructured_citation>
</citation>
<citation key="ref-11">
<unstructured_citation>Fusion of ESM, radar, IFF and other attribute information for target identity estimation and a potential application to the Canadian Patrol Frigate. In AGARD 66th Symposium on Challenge of Future EW System Design, AGARD-CP-546, May 1994, 14.1—14.18.</unstructured_citation>
</citation>
<citation key="ref-12">
<unstructured_citation>Advances and applications of DSmT for information fusion. vol. 1, American Research Press, 2004.</unstructured_citation>
</citation>
<citation key="ref-13">
<unstructured_citation>Advances and Applications of DSmT for Information Fusion. vol. 2, American Research Press, 2006.</unstructured_citation>
</citation>
<citation key="ref-14">
<unstructured_citation>Approximations for efficient computation in the theory of evidence. Artificial Intelligence, 61 (June 1993), 315—329. A PRAGMATIC APPROACH FOR THE USE OF DEMPSTER-SHAFER THEORY IN FUSING REALISTIC SENSOR DATA 39</unstructured_citation>
</citation>
</citation_list>
</journal_article>
</journal>
</body>
</doi_batch>