<doi_batch xmlns="http://www.crossref.org/schema/4.3.7" xmlns:xsi="http://www.w3.org/2001/XMLSchema-instance" version="4.3.7" xsi:schemaLocation="http://www.crossref.org/schema/4.3.7 http://www.crossref.org/schema/deposit/crossref4.3.7.xsd">
<head>
<doi_batch_id></doi_batch_id>
<timestamp>1639242221.986745</timestamp>
<depositor>
<depositor_name></depositor_name>
<email_address></email_address>
</depositor>
<registrant>WEB-FORM</registrant>
</head>
<body>
<journal>
<journal_metadata>
<full_title>Journal of Advances in Information Fusion</full_title>
<abbrev_title>JAIF</abbrev_title>
<issn media_type="print">1557-6418</issn>
</journal_metadata>
<journal_issue>
<publication_date media_type="print">
<month>June</month>
<day></day>
<year>2010</year>
</publication_date>
<journal_volume>
<volume>5</volume>
</journal_volume>
<issue>1</issue>
</journal_issue>
<journal_article publication_type="full_text">
<titles>
<title>Exact Association Probability for Data with Bias and Features</title>
</titles>
<contributors>
<person_name sequence="first" contributor_role="author">
<given_name>James P.</given_name>
<surname>Ferry</surname>
<ORCID></ORCID>
</person_name>
</contributors>
<publication_date media_type="print">
<month>June</month>
<day></day>
<year>2010</year>
</publication_date>
<pages>
<first_page>41</first_page>
<last_page>67</last_page>
</pages>
<citation_list>
<citation key="ref-1">
<unstructured_citation>M. Abramowitz and I. A. Stegun Handbook of Mathematical Functions With Formulas, Graphs, and Mathematical Tables. Dover, New York, 1964.</unstructured_citation>
</citation>
<citation key="ref-2">
<unstructured_citation>A hierarchical benchmark association problem in missile defense. Signal and Data Processing of Small Targets, 2005, 382— 393.</unstructured_citation>
</citation>
<citation key="ref-3">
<unstructured_citation>Multisensor track-to-track association for tracks with de- pendent errors. 43rd IEEE Conference on Decision and Control, 2004.</unstructured_citation>
</citation>
<citation key="ref-4">
<unstructured_citation>Tracking and Data Association. Academic Press, San Diego, 1988.</unstructured_citation>
</citation>
<citation key="ref-5">
<unstructured_citation>Design and Analysis of Modern Tracking Systems. Artech, Boston, 1999.</unstructured_citation>
</citation>
<citation key="ref-6">
<unstructured_citation>Metrics for feature-aided track association. 9th International Conference on Information Fusion, July 2006.</unstructured_citation>
</citation>
<citation key="ref-7">
<unstructured_citation>Distributed multitarget multisensor tracking. In Y. Bar-Shalom (Ed.), Multitarget-Multisensor Tracking: Advanced Applications, Artech, Boston, 1990.</unstructured_citation>
</citation>
<citation key="ref-8">
<unstructured_citation>Comparison of 2-D assignment algorithms for sparse, rect- angular, floating point, cost matrices. In Proceedings of the SDI Panels on Tracking, vol. 4, 1990.</unstructured_citation>
</citation>
<citation key="ref-9">
<unstructured_citation>XMAP: Track-to-track association with metric, feature, and target-type data. 9th International Conference on Information Fusion, July 2006.</unstructured_citation>
</citation>
<citation key="ref-10">
<unstructured_citation>Exact bias removal for the track-to-track association prob- lem. 12th International Conference on Information Fusion, July 2009.</unstructured_citation>
</citation>
<citation key="ref-11">
<unstructured_citation>Track-to-track association with missing features. In Proceedings MSS Sensor and Data Fusion, May 2005.</unstructured_citation>
</citation>
<citation key="ref-12">
<unstructured_citation>Matrix analysis. Cambridge University Press, 1985.</unstructured_citation>
</citation>
<citation key="ref-13">
<unstructured_citation>A shortest augmenting path algorithm for dense and sparse linear assignment problems. Computing, 38 (1987), 325—34.</unstructured_citation>
</citation>
<citation key="ref-14">
<unstructured_citation>Assignment costs for multiple sensor track-to-track associ- ation. 7th International Conference on Information Fusion, June 2004.</unstructured_citation>
</citation>
<citation key="ref-15">
<unstructured_citation>Simulation studies of multisensor track association and fusion methods. In Proceedings of the 2006 IEEE Aerospace Conference, Mar. 2006.</unstructured_citation>
</citation>
<citation key="ref-16">
<unstructured_citation>Effects of unpaired objects and sensor biases on track-to- track association: problems and solutions. In Proceedings MSS Sensor and Data Fusion, vol. 1, 2000, 137—151.</unstructured_citation>
</citation>
<citation key="ref-17">
<unstructured_citation>Track-to-track association metric–I.I.D.—Non-Poisson cases. 6th International Conference on Information Fusion, July 2003.</unstructured_citation>
</citation>
<citation key="ref-18">
<unstructured_citation>Data association hypothesis evaluation for i.i.d. but non- Poisson multiple target tracking. APIE Defense & Security 2004 Symposium on Signal and Data Processing for Small Targets, 2004.</unstructured_citation>
</citation>
<citation key="ref-19">
<unstructured_citation>Evaluation of data association hypotheses: Non-Poisson I.I.D. cases. 7th International Conference on Information Fusion, 2004.</unstructured_citation>
</citation>
<citation key="ref-20">
<unstructured_citation>Hybrid multiple hypothesis data fusion for missile defense system object tracking and discrimination. In Proceedings MSS Sensor and Data Fusion, May 2005.</unstructured_citation>
</citation>
<citation key="ref-21">
<unstructured_citation>An algorithm for ranking all the assignments in order of increasing cost. Operations Research, 16, 3 (1968), 682—687.</unstructured_citation>
</citation>
<citation key="ref-22">
<unstructured_citation>m-best S-D assignment algorithm with application to mul- titarget tracking. IEEE Transactions on Aerospace and Electronic Systems, 37, 1 (2001), 22—39.</unstructured_citation>
</citation>
<citation key="ref-23">
<unstructured_citation>An algorithm for tracking multiple targets. IEEE Transactions on Automatic Control, AC-24, 6 (1979), 843—854.</unstructured_citation>
</citation>
<citation key="ref-24">
<unstructured_citation>Computer control of multiple site correlation. Automatica, 7 (1971), 455—463.</unstructured_citation>
</citation>
<citation key="ref-25">
<unstructured_citation>An optimal data association problem in surveillance theory. IEEE Transactions on Military Electronics, (1964), 125— 139.</unstructured_citation>
</citation>
<citation key="ref-26">
<unstructured_citation>Improvement in track-to-track association from using an adaptive threshold. 12th International Conference on Information Fusion, July 2009.</unstructured_citation>
</citation>
<citation key="ref-27">
<unstructured_citation>Track-to-track association and bias removal. SPIE AeroSense International Conference, Apr. 2002. 66 JOURNAL OF ADVANCES IN INFORMATION FUSION VOL. 5, NO. 1 JUNE 2010 Jim Ferry received his S.B. in mathematics from M.I.T., and his Sc.M. and Ph.D. in applied mathematics from Brown, where he employed group representation theory to analyze the global energetics of thermal convection. He worked for six years at the Center for Simulation of Advanced Rockets at the University of Illinois developing algorithms for simulating multiphase flows within solid rocket motors. Since coming to Metron in 2004, he has been the principal investigator of projects exploring such topics as cargo analysis, data association, network detection theory, and group tracking on dynamic networks. EXACT ASSOCIATION PROBABILITY FOR DATA WITH BIAS AND FEATURES 67</unstructured_citation>
</citation>
</citation_list>
</journal_article>
</journal>
</body>
</doi_batch>