<doi_batch xmlns="http://www.crossref.org/schema/4.3.7" xmlns:xsi="http://www.w3.org/2001/XMLSchema-instance" version="4.3.7" xsi:schemaLocation="http://www.crossref.org/schema/4.3.7 http://www.crossref.org/schema/deposit/crossref4.3.7.xsd">
<head>
<doi_batch_id></doi_batch_id>
<timestamp>1639242221.9827561</timestamp>
<depositor>
<depositor_name></depositor_name>
<email_address></email_address>
</depositor>
<registrant>WEB-FORM</registrant>
</head>
<body>
<journal>
<journal_metadata>
<full_title>Journal of Advances in Information Fusion</full_title>
<abbrev_title>JAIF</abbrev_title>
<issn media_type="print">1557-6418</issn>
</journal_metadata>
<journal_issue>
<publication_date media_type="print">
<month>June</month>
<day></day>
<year>2010</year>
</publication_date>
<journal_volume>
<volume>5</volume>
</journal_volume>
<issue>1</issue>
</journal_issue>
<journal_article publication_type="full_text">
<titles>
<title>Fuse-before-Track in Large Sensor Networks</title>
</titles>
<contributors>
<person_name sequence="first" contributor_role="author">
<given_name>Stefano </given_name>
<surname>Coraluppi</surname>
<ORCID></ORCID>
</person_name>
<person_name sequence="first" contributor_role="author">
<given_name>Marco </given_name>
<surname>Guerriero</surname>
<ORCID></ORCID>
</person_name>
<person_name sequence="first" contributor_role="author">
<given_name>Peter </given_name>
<surname>Willett</surname>
<ORCID></ORCID>
</person_name>
<person_name sequence="first" contributor_role="author">
<given_name>Craig </given_name>
<surname>Carthel</surname>
<ORCID></ORCID>
</person_name>
</contributors>
<publication_date media_type="print">
<month>June</month>
<day></day>
<year>2010</year>
</publication_date>
<pages>
<first_page>18</first_page>
<last_page>31</last_page>
</pages>
<citation_list>
<citation key="ref-1">
<unstructured_citation>M. Abramowitz and I. Stegun Handbook of Mathematical Functions. Dover, New York, 1970.</unstructured_citation>
</citation>
<citation key="ref-2">
<unstructured_citation>A new look at the statistical model identification. IEEE Transactions on Automatic Control, 19 (Dec. 1974).</unstructured_citation>
</citation>
<citation key="ref-3">
<unstructured_citation>A maximum likelihood approach to data association. IEEE Transactions on Aerospace and Electronic Systems, 28, 2 (Apr. 1992).</unstructured_citation>
</citation>
<citation key="ref-4">
<unstructured_citation>Multitarget-Multisensor Tracking. YBS Publishing, 1995.</unstructured_citation>
</citation>
<citation key="ref-5">
<unstructured_citation>From receiver operating characteristic to system operating characteristic: Evaluation of a track formation system. IEEE Transactions on Automatic Control, 35, 2 (Feb. 1990).</unstructured_citation>
</citation>
<citation key="ref-6">
<unstructured_citation>A multi-hypothesis GLRT approach to the combined source detection and direction of arrival estimation problem. In Proceedings of the IEEE International Conference on Acoustics, Speech, and Signal Processing (ICASSP ’01), Salt Lake City, UT, May 2001.</unstructured_citation>
</citation>
<citation key="ref-7">
<unstructured_citation>Maximum likelihood approach to joint array detection/ estimation. IEEE Transactions on Aerospace and Electronic Systems, 40, 3 (July 2004).</unstructured_citation>
</citation>
<citation key="ref-8">
<unstructured_citation>Multi-Target Tracking with Radar Application. Artech House, 1986.</unstructured_citation>
</citation>
<citation key="ref-9">
<unstructured_citation>Design and Analysis of Modern Tracking Systems. Artech House, 1999.</unstructured_citation>
</citation>
<citation key="ref-10">
<unstructured_citation>Multisensor track termination for targets with fluctuating SNR. In Proceedings of the IEEE International Conference on Acoustics, Speech, and Signal Processing (ICASSP), Hon- olulu, HI, Apr. 2007.</unstructured_citation>
</citation>
<citation key="ref-11">
<unstructured_citation>Detection and estimation of DOAs of signals via Bayesian predictive densities. IEEE Transactions on Signal Processing, 42, 11 (Nov. 1994). FUSE-BEFORE-TRACK IN LARGE SENSOR NETWORKS 29</unstructured_citation>
</citation>
<citation key="ref-12">
<unstructured_citation>Distributed tracking in multistatic sonar. IEEE Transactions on Aerospace and Electronic Systems, 41, 3 (July 2005).</unstructured_citation>
</citation>
<citation key="ref-13">
<unstructured_citation>Multistatic sonar tracking: Algorithmic advances and sea trial evaluation. U.S. Navy Journal of Underwater Acoustics, 56, 3 (July 2006).</unstructured_citation>
</citation>
<citation key="ref-14">
<unstructured_citation>Contact fusion in large sensor networks: Operational per- formance analysis. In Proceedings of the NATO RTO SET Panel Symposium on Sensors and Technology for Defence Against Terrorism, Mannheim, Germany, Apr. 2008.</unstructured_citation>
</citation>
<citation key="ref-15">
<unstructured_citation>Optimal fusion performance modeling in sensor networks. In Proceedings of the 11th International Conference on In- formation Fusion, Cologne, Germany, July 2008.</unstructured_citation>
</citation>
<citation key="ref-16">
<unstructured_citation>Analysis of scan and batch processing approaches to static fusion in sensor networks. In Proceedings of the SPIE Conference on Signal and Data Processing of Small Targets, Orlando FL, Mar. 2008.</unstructured_citation>
</citation>
<citation key="ref-17">
<unstructured_citation>Stochastic Systems. Prentice-Hall, 1986.</unstructured_citation>
</citation>
<citation key="ref-18">
<unstructured_citation>Temporally staggered sensors in multi-sensor target track- ing systems. IEEE Transactions on Aerospace and Electronic Systems, 41, 3 (July 2005).</unstructured_citation>
</citation>
</citation_list>
</journal_article>
</journal>
</body>
</doi_batch>