<doi_batch xmlns="http://www.crossref.org/schema/4.3.7" xmlns:xsi="http://www.w3.org/2001/XMLSchema-instance" version="4.3.7" xsi:schemaLocation="http://www.crossref.org/schema/4.3.7 http://www.crossref.org/schema/deposit/crossref4.3.7.xsd">
<head>
<doi_batch_id></doi_batch_id>
<timestamp>1645534098.6164389</timestamp>
<depositor>
<depositor_name></depositor_name>
<email_address></email_address>
</depositor>
<registrant>WEB-FORM</registrant>
</head>
<body>
<journal>
<journal_metadata>
<full_title>Journal of Advances in Information Fusion</full_title>
<abbrev_title>JAIF</abbrev_title>
<issn media_type="print">1557-6418</issn>
</journal_metadata>
<journal_issue>
<publication_date media_type="print">
<month>December</month>
<day></day>
<year>2009</year>
</publication_date>
<journal_volume>
<volume>4</volume>
</journal_volume>
<issue>2</issue>
</journal_issue>
<journal_article publication_type="full_text">
<titles>
<title>A Critical Look at the PMHT</title>
</titles>
<contributors>
<person_name sequence="first" contributor_role="author">
<given_name>David F.</given_name>
<surname>Crouse</surname>
<ORCID></ORCID>
</person_name>
<person_name sequence="first" contributor_role="author">
<given_name>Marco </given_name>
<surname>Guerriero</surname>
<ORCID></ORCID>
</person_name>
<person_name sequence="first" contributor_role="author">
<given_name>Peter </given_name>
<surname>Willett</surname>
<ORCID></ORCID>
</person_name>
</contributors>
<publication_date media_type="print">
<month>December</month>
<day></day>
<year>2009</year>
</publication_date>
<pages>
<first_page>93</first_page>
<last_page>116</last_page>
</pages>
<citation_list>
<citation key="ref-1">
<unstructured_citation>K. M. Alexiev Multiple target tracking using Hough transform PMHT algorithm. In First International IEEE Symposium on “Intelligent Sys- tems”, vol. 1, 2002, 227—232.</unstructured_citation>
</citation>
<citation key="ref-2">
<unstructured_citation>A maximum likelihood approach to data association. IEEE Transactions on Aerospace and Electronic Systems, 28, 2 (Apr. 1992), 560—566.</unstructured_citation>
</citation>
<citation key="ref-3">
<unstructured_citation>Multitarget-Multisensor Tracking: Principles and Techniques. Storrs, CT: YBS Publishing, 1995.</unstructured_citation>
</citation>
<citation key="ref-4">
<unstructured_citation>Estimation with Applications to Tracking and Navigation. New York: John Wiley & Sons, 2001.</unstructured_citation>
</citation>
<citation key="ref-5">
<unstructured_citation>Nonlinear Programming (2nd ed.). Belmont, MA.: Athena Scientific, 2003, 107—108.</unstructured_citation>
</citation>
<citation key="ref-6">
<unstructured_citation>Consistent covariance estimation for PMHT. In Proceedings of SPIE: Signal and Data Processing of Small Targets Conference, vol. 6699, San Diego, CA, Aug. 2007, 66 990I-1—66 990I-11.</unstructured_citation>
</citation>
<citation key="ref-7">
<unstructured_citation>Multi-frame assignment PMHT that accounts for missed detections. In Proceedings of the 10th International Conference on In- formation Fusion, Quebec, Canada, July 2007.</unstructured_citation>
</citation>
<citation key="ref-8">
<unstructured_citation>On the convergence of the EM algorithm. Journal of the Royal Statistical Society. Series B (Method- ological), 45, 1 (1983), 47—50.</unstructured_citation>
</citation>
<citation key="ref-9">
<unstructured_citation>Extensions to the probabilistic multi-hypothesis tracker for improved data association. Ph.D. dissertation, The University of Adelaide, Adelaide, South Australia, Sept. 2003.</unstructured_citation>
</citation>
<citation key="ref-10">
<unstructured_citation>Simultaneous localization and map building using the prob- abilistic multi-hypothesis tracker. IEEE Transactions on Robotics, 23, 2 (Apr. 2007), 271—280.</unstructured_citation>
</citation>
<citation key="ref-11">
<unstructured_citation>Tracking possibly unresolved targets with PMHT. In Information, Decision and Control, 2007, Feb. 2007, 47— 52.</unstructured_citation>
</citation>
<citation key="ref-12">
<unstructured_citation>A comparison of track initiation methods with the PMHT. In Information, Decision and Control, I.E.E.E. Press, Mar. 2002, this paper is found in the printed book; only a conference schedule is on the IEEE’s web site.</unstructured_citation>
</citation>
<citation key="ref-13">
<unstructured_citation>Integrated track maintenance for the PMHT via the hys- teresis model. IEEE Transactions on Aerospace and Electronic Systems, 37, 1 (Jan. 2007), 93—111.</unstructured_citation>
</citation>
<citation key="ref-14">
<unstructured_citation>Tracking, association, and classification: A combined PMHT approach. Digital Signal Processing, 12, 2—3 (2002), 372—382.</unstructured_citation>
</citation>
<citation key="ref-15">
<unstructured_citation>A comparison of detection performance for several track- before detect algorithms. EURASIP Journal on Advances in Signal Processing, 2008 (2008), article ID 428036.</unstructured_citation>
</citation>
<citation key="ref-16">
<unstructured_citation>Maximum likelihood from incomplete data via the EM algorithm. Journal of the Royal Statistical Society. Series B (Method- ological), 39, 1 (1977), 1—38.</unstructured_citation>
</citation>
<citation key="ref-17">
<unstructured_citation>Hybrid tracking algorithm using MHT and PMHT. In Proceedings of SPIE Conference: Signal and Data Pro- cessing of Small Targets, vol. 4728, Orlando, FL, Apr. 2002, 166—175.</unstructured_citation>
</citation>
<citation key="ref-18">
<unstructured_citation>Probabilistic multi-hypothesis tracker-addressing some ba- sic issues. In IEEE Proceedings on Radar, Sonar and Navigation, vol. 151, no. 4, Aug. 2004, 189—196.</unstructured_citation>
</citation>
<citation key="ref-19">
<unstructured_citation>The pedestrian PMHT. In Proceedings of the 5th International Conference on Infor- mation Fusion, vol. 2, Annapolis, MD, 2002, 838—845.</unstructured_citation>
</citation>
<citation key="ref-20">
<unstructured_citation>Track fitting with ambiguities and noise: A study of elastic tracking and non-linear filters. Computer Physics Communications, 120, 2 (Aug. 1999), 197—214.</unstructured_citation>
</citation>
<citation key="ref-21">
<unstructured_citation>Comparison of two measurement fusion methods for Kal- man-filter-based multisensor data fusion. IEEE Transactions on Aerospace and Electronic Systems, 37, 1 (Jan. 2001), 273—279.</unstructured_citation>
</citation>
<citation key="ref-22">
<unstructured_citation>A formulation of multitarget tracking as an incomplete data problem. IEEE Transactions on Aerospace and Electronic Systems, 33, 4 (Oct. 1997), 1242—1257.</unstructured_citation>
</citation>
<citation key="ref-23">
<unstructured_citation>Multi-target track segment bearings-only association and ranging. In Conference Record of the Thirty-First Asilomar Confer- ence on Signals, Systems & Computers, vol. 2, Pacific Grove, CA, Nov. 1997, 1336—1340.</unstructured_citation>
</citation>
<citation key="ref-24">
<unstructured_citation>Probabilistic multi-hypothesis tracking in a multi-sensor multi-target environment. In ADFS ’96, First Australian Data Fusion Symposium, Adelaide, SA, Australia, Nov. 1996, 184—189.</unstructured_citation>
</citation>
<citation key="ref-25">
<unstructured_citation>Poisson models for extended target and group tracking. In Proceedings of SPIE: Signal and Data Processing of Small Targets Conference, vol. 5913, San Diego, CA, Aug. 2005, 59 130R-1—59 130R-12.</unstructured_citation>
</citation>
<citation key="ref-26">
<unstructured_citation>The effects of sensor registration error on the performance of PMHT. In Proceedings of the 11th International Conference on Infor- mation Fusion, Cologne, Germany, June 2008, 1975—1979.</unstructured_citation>
</citation>
<citation key="ref-27">
<unstructured_citation>Tracking multiple objects with particle filtering. IEEE Transactions on Aerospace and Electronic Systems, 38, 3 (July 2002), 791—812. A CRITICAL LOOK AT THE PMHT 113</unstructured_citation>
</citation>
<citation key="ref-28">
<unstructured_citation>Sequential monte carlo methods for multiple target tracking and data fusion. IEEE Transactions on Signal Processing, 50, 2 (Feb. 2002), 309—325.</unstructured_citation>
</citation>
<citation key="ref-29">
<unstructured_citation>Evaluation of a probabilistic multihypothesis tracking algo- rithm in cluttered environments. In Conference Record of the Thirtieth Asilomar Conference on Signals, Systems and Computers, vol. 2, Nov. 1996, 1260—1264.</unstructured_citation>
</citation>
<citation key="ref-30">
<unstructured_citation>On the convergence properties of the EM algorithm. The Annals of Statistics, 11, 1 (1983), 95—103.</unstructured_citation>
</citation>
<citation key="ref-31">
<unstructured_citation>An EM-based adaptive multiple target tracking filter. International Journal of Adaptive Control and Signal Pro- cessing, 16 (2002), 1—23.</unstructured_citation>
</citation>
<citation key="ref-32">
<unstructured_citation>Multisensor covariance control strategies for reducing bias effects in interacting target scenarios. IEEE Transactions on Aerospace and Electronic Systems, 41, 1 (Jan. 2005), 153—173.</unstructured_citation>
</citation>
<citation key="ref-33">
<unstructured_citation>Track fusion in the presence of an interference. In Fourth International Symposium on Signal Processing and Its Applications, 1996 (ISSPA ’96), vol. 1, Aug. 1996, 192— 195.</unstructured_citation>
</citation>
<citation key="ref-34">
<unstructured_citation>On maneuvering target tracking via the PMHT. In Proceedings of the 36th Conference on Decision and Control, vol. 5, San Diego, CA, Dec. 1997, 5024—5029.</unstructured_citation>
</citation>
<citation key="ref-35">
<unstructured_citation>A Bayesian EM algorithm for optimal tracking of a maneu- vering target in clutter. Signal Processing, 82, 3 (Mar. 2002), 473—490.</unstructured_citation>
</citation>
<citation key="ref-36">
<unstructured_citation>Accurate likelihood evaluation for multiple model PMHT algorithms. In Aerospace Conference 2008, Mar. 2008.</unstructured_citation>
</citation>
<citation key="ref-37">
<unstructured_citation>Tracking a general, frequency modulated signal in noise. In Proceedings of the 38th Conference on and Control, Phoenix, AZ, Dec. 1999.</unstructured_citation>
</citation>
<citation key="ref-38">
<unstructured_citation>Estimating the parameters of general frequency modulated signals. IEEE Transactions on Signal Processing, 52, 1 (Jan. 2004), 117—131.</unstructured_citation>
</citation>
<citation key="ref-39">
<unstructured_citation>A track management system for the PMHT algorithm. In Proceedings of the 4th International Conference on Infor- mation Fusion, Montreal, Canada, 2001.</unstructured_citation>
</citation>
<citation key="ref-40">
<unstructured_citation>The EM Algorithm and Extensions. New York: John Wiley & Sons, Inc., 1997.</unstructured_citation>
</citation>
<citation key="ref-41">
<unstructured_citation>Application of the EM algorithm for the multitarget/multi- sensor tracking problem. IEEE Transactions on Signal Processing, 46, 1 (Jan. 1998), 115—129.</unstructured_citation>
</citation>
<citation key="ref-42">
<unstructured_citation>The expectation-maximization algorithm. IEEE Signal Processing Magazine, 13, 6 (Nov. 1996), 47— 60.</unstructured_citation>
</citation>
<citation key="ref-43">
<unstructured_citation>Track management and PMHT. In Proceedings of the 10th International Conference on In- formation Fusion, Quebec, Canada, July 2007, 1—5.</unstructured_citation>
</citation>
<citation key="ref-44">
<unstructured_citation>Multi-target tracking in clutter with histogram probabilistic multi-hypothesis tracker. In Proceedings of the IEEE 13th Signal Processing and Communications Applications Conference, May 2005, 167— 168.</unstructured_citation>
</citation>
<citation key="ref-45">
<unstructured_citation>A comparison of parallel and sequential implementations of a multisensor multitarget tracking algorithm. In Proceedings of the American Control Conference, vol. 3, Seattle, WA, June 1995, 1683—1687.</unstructured_citation>
</citation>
<citation key="ref-46">
<unstructured_citation>A comparison of several different approaches for target tracking with clutter. In Proceedings of the 2003 American Control Conference, vol. 5, Denver, CO, June 2003, 3919—3924.</unstructured_citation>
</citation>
<citation key="ref-47">
<unstructured_citation>The optimal order of processing sensor information in sequential multisensor fusion algorithms. IEEE Transactions on Automatic Control, 45, 8 (Aug. 2000), 1532—1536.</unstructured_citation>
</citation>
<citation key="ref-48">
<unstructured_citation>A= B. Wellesley, MA: A K Peters, Ltd., 1996, ch. 3.</unstructured_citation>
</citation>
<citation key="ref-49">
<unstructured_citation>MAP estimation of target maneuver sequence with the expectation-maximization algorithm. IEEE Transactions on Aerospace and Electronic Systems, 38, 2 (Apr. 2002), 367—377.</unstructured_citation>
</citation>
<citation key="ref-50">
<unstructured_citation>An expectation-maximisation tracker for multiple observa- tions of a single target in clutter. In Proceedings of the 36th IEEE Conference on Decision and Control, vol. 5, Dec. 1997, 4997—5003.</unstructured_citation>
</citation>
<citation key="ref-51">
<unstructured_citation>Direct data fusion using the PMHT. In Proceedings of the American Control Conference, vol. 3, Seattle, WA, June 1995, 1698—1702.</unstructured_citation>
</citation>
<citation key="ref-52">
<unstructured_citation>A modified PMHT. In Proceedings of the 1995 Conference on Information Sci- ences and Systems, Mar. 2995.</unstructured_citation>
</citation>
<citation key="ref-53">
<unstructured_citation>A comparison of the JPDAF and PMHT tracking algo- rithms. In IEEE International Conference on Acoustics, Speech, and Signal Processing (ICASSP-95), vol. 5, Detroit, MI, May 1995, 3571—3574.</unstructured_citation>
</citation>
<citation key="ref-54">
<unstructured_citation>Mixture densities, maximum likelihood and the EM algo- rithm. SIAM Review, 26, 2 (Apr. 1984), 195—239.</unstructured_citation>
</citation>
<citation key="ref-55">
<unstructured_citation>EM algorithm and variants: An informal tutorial. CEA, Tech. Rep., 2003.</unstructured_citation>
</citation>
<citation key="ref-56">
<unstructured_citation>The turbo PMHT. IEEE Transactions on Aerospace and Electronic Systems, 40, 4 (Oct. 2004), 1388—1398.</unstructured_citation>
</citation>
<citation key="ref-57">
<unstructured_citation>Particle tracking with iterated Kalman filters and smoothers: the PMHT algorithm. Computer Physics Communications, 123, 1 (Dec. 1999), 77— 86.</unstructured_citation>
</citation>
<citation key="ref-58">
<unstructured_citation>Tracking on intensity-modulated data streams. NUWC-NPT, Tech. Rep. 11,221, May 2000. 114 JOURNAL OF ADVANCES IN INFORMATION FUSION VOL. 4, NO. 2 DECEMBER 2009</unstructured_citation>
</citation>
<citation key="ref-59">
<unstructured_citation>PMHT algorithms for multi-frame assignment. In Proceedings of the 9th International Conference on Infor- mation Fusion, Florence, Italy, July 2006.</unstructured_citation>
</citation>
<citation key="ref-60">
<unstructured_citation>A probabilistic multi-hypothesis tracking algorithm without enumeration and pruning. In Proceedings of the Sixth Joint Service Data Fustion Sym- posium, Laurel, Maryland, June 1993, 1015—1024.</unstructured_citation>
</citation>
<citation key="ref-61">
<unstructured_citation>Probabilistic multi-hypothesis tracking. NUWC-NPT, Tech. Rep. 10,428, Feb. 1995.</unstructured_citation>
</citation>
<citation key="ref-62">
<unstructured_citation>Deterministic annealing EM algorithm. Neural Networks, 11, 2 (Mar. 1998), 271—282.</unstructured_citation>
</citation>
<citation key="ref-63">
<unstructured_citation>Improved understanding of the loss-of-symmetry phenom- enon in the conventional Kalman filter. NASA, Tech. Rep. Technical Memorandum 100041, Dec. 1987.</unstructured_citation>
</citation>
<citation key="ref-64">
<unstructured_citation>L. Mathews Tracking on intensity-modulated sensor data streams. In Proceedings of the IEEE Aerospace Conference, vol. 4, Big Sky, MT, 2001, 4/1901—4/1909.</unstructured_citation>
</citation>
<citation key="ref-65">
<unstructured_citation>Computing the observed information matrix for dynamic mixture models. NUWC-NPT, Tech. Rep. 11,768, Sept. 2006.</unstructured_citation>
</citation>
<citation key="ref-66">
<unstructured_citation>The PMHT: Solutions for some of its problems. In Proceedings of SPIE Conference: Signal and Data Pro- cessing of Small Targets Conference, vol. 6699, San Diego, CA, Aug. 2007, 1—12.</unstructured_citation>
</citation>
<citation key="ref-67">
<unstructured_citation>On sequential track extraction within the PMHT frame- work. EURASIP Journal on Advances in Signal Processing, 2008 (2008), article ID 276914.</unstructured_citation>
</citation>
<citation key="ref-68">
<unstructured_citation>On track-management within the PMHT framework. In Proceedings of the 11th International Conference on In- formation Fusion, Cologne, Germany, June 2008, 736—743.</unstructured_citation>
</citation>
<citation key="ref-69">
<unstructured_citation>The PMHT for maneuvering targets. In Proceedings of SPIE: Signal and Data Processing of Small Targets Conference, vol. 3373, Orlando, FL, Apr. 1998, 416—427.</unstructured_citation>
</citation>
<citation key="ref-70">
<unstructured_citation>A variety of PMHTs. In Proceedings of the ISIS/PMHT Workshop, Paris, France, Nov. 1998.</unstructured_citation>
</citation>
<citation key="ref-71">
<unstructured_citation>PMHT: Problems and some solutions. IEEE Transactions on Aerospace and Electronic Systems, 38, 3 (July 2002), 738—754. A CRITICAL LOOK AT THE PMHT 115</unstructured_citation>
</citation>
</citation_list>
</journal_article>
</journal>
</body>
</doi_batch>