<doi_batch xmlns="http://www.crossref.org/schema/4.3.7" xmlns:xsi="http://www.w3.org/2001/XMLSchema-instance" version="4.3.7" xsi:schemaLocation="http://www.crossref.org/schema/4.3.7 http://www.crossref.org/schema/deposit/crossref4.3.7.xsd">
<head>
<doi_batch_id></doi_batch_id>
<timestamp>1645534098.607463</timestamp>
<depositor>
<depositor_name></depositor_name>
<email_address></email_address>
</depositor>
<registrant>WEB-FORM</registrant>
</head>
<body>
<journal>
<journal_metadata>
<full_title>Journal of Advances in Information Fusion</full_title>
<abbrev_title>JAIF</abbrev_title>
<issn media_type="print">1557-6418</issn>
</journal_metadata>
<journal_issue>
<publication_date media_type="print">
<month>December</month>
<day></day>
<year>2009</year>
</publication_date>
<journal_volume>
<volume>4</volume>
</journal_volume>
<issue>2</issue>
</journal_issue>
<journal_article publication_type="full_text">
<titles>
<title>A Generalized Framework for Multi-Criteria Classifiers with Automated Learning: application on FLIR Ship Imagery</title>
</titles>
<contributors>
<person_name sequence="first" contributor_role="author">
<given_name>Khaled </given_name>
<surname>Jabeur</surname>
<ORCID></ORCID>
</person_name>
<person_name sequence="first" contributor_role="author">
<given_name>Adel </given_name>
<surname>Guitouni</surname>
<ORCID></ORCID>
</person_name>
</contributors>
<publication_date media_type="print">
<month>December</month>
<day></day>
<year>2009</year>
</publication_date>
<pages>
<first_page>75</first_page>
<last_page>92</last_page>
</pages>
<citation_list>
<citation key="ref-1">
<unstructured_citation>M. M. Ali and A. Törn Population set based global optimization algorithms: Some modifications and numerical studies. Computers and Operations Research, 31, (2004), 1703— 1725.</unstructured_citation>
</citation>
<citation key="ref-2">
<unstructured_citation>Application of the back propagation neural networks algo- rithm with monotonicity constraints for two group classifi- cation problems. Decision Sciences, 24 (1993), 60—75. A GENERALIZED FRAMEWORK FOR MULTI-CRITERIA CLASSIFIERS WITH AUTOMATED LEARNING 89 Fig. 7. Screen of the ALM for K-PIP classifier.</unstructured_citation>
</citation>
<citation key="ref-3">
<unstructured_citation>Multicriteria assignment method PROAFTN: Methodology and medical application. European Journal of Operational Research, 125 (2000), 175—183.</unstructured_citation>
</citation>
<citation key="ref-4">
<unstructured_citation>Learning multi-criteria fuzzy classification method PROAFTN from data. Computer and Operations Research, 34 (2007), 1885—1898.</unstructured_citation>
</citation>
<citation key="ref-5">
<unstructured_citation>Méthode de classification: Revue de littérature, essai de caractérisation et de comparaison. Document de travail 2004-023, (2004), Faculté des Sci- ences de l’Administration (FSA), Université Laval, Québec, Canada.</unstructured_citation>
</citation>
<citation key="ref-6">
<unstructured_citation>A preference ranking organisation method: The PROMETHEE method for multiple criteria decision-mak- ing. Management Science, 31 (1984), 647—656.</unstructured_citation>
</citation>
<citation key="ref-7">
<unstructured_citation>and Ph. Vincke Evaluation and Decision Models: A Critical Perspective. Boston/London/Dordrecht: Kluwer Academic Publishers, 2000.</unstructured_citation>
</citation>
<citation key="ref-8">
<unstructured_citation>An aggregation/disaggregation approach to obtain robust conclusions with ELECTRE TRI. European Journal of Operational Research, 138 (2002), 332—348.</unstructured_citation>
</citation>
<citation key="ref-9">
<unstructured_citation>Inferring Electre’s veto-related parameters from outranking examples. European Journal of Operational Research, 170 (2006), 172—191.</unstructured_citation>
</citation>
<citation key="ref-10">
<unstructured_citation>The use of the preference disaggregation analysis in the assessment of financial risks. Fuzzy Economic Review, 3 (1998), 39—57.</unstructured_citation>
</citation>
<citation key="ref-11">
<unstructured_citation>MCDA Methods for Sorting and Clustering Problems: PROMETHEE TRI and PROMETHEE CLUSTER. 20th European Conference on “Operational Research and the Management of Electronic Services,” Rhodes Island, Greece, July 4—7, 2004.</unstructured_citation>
</citation>
<citation key="ref-12">
<unstructured_citation>Genetic Algorithm in Search. Optimization and Machine Learning, Addison-Wesley, 1989. 90 JOURNAL OF ADVANCES IN INFORMATION FUSION VOL. 4, NO. 2 DECEMBER 2009</unstructured_citation>
</citation>
<citation key="ref-13">
<unstructured_citation>A Clustering Method for Intrusion Detection. The Canadian Conference on Electrical and Computer En- gineering, Montréal, Québec, Canada, May 4—7, 2003.</unstructured_citation>
</citation>
<citation key="ref-14">
<unstructured_citation>J-MEANS: A new local search heuristic for minimum sum of squares clustering. Pattern Recognition Journal, 34 (2001), 405—413.</unstructured_citation>
</citation>
<citation key="ref-15">
<unstructured_citation>Systèmes D’évaluation et de Classification Multicritère pour l’aide à la Décision. Thèses de Doctorat, Université Paris Dauphine, France, 2000.</unstructured_citation>
</citation>
<citation key="ref-16">
<unstructured_citation>Two-loop real-coded genetic algorithms with adaptive con- trol of mutation step sizes. Applied Intelligence, 13 (2000), 187—204.</unstructured_citation>
</citation>
<citation key="ref-17">
<unstructured_citation>A Taxonomy for the crossover operator for real-coded genetic algorithms: An experimental study. International Journal of Intelligent Systems, 18 (2003), 309— 338.</unstructured_citation>
</citation>
<citation key="ref-18">
<unstructured_citation>Tackling real-coded genetic algorithms: Operators and tools for behavioral analysis. Artificial Intelligence Review, 12 (1998), 265—319.</unstructured_citation>
</citation>
<citation key="ref-19">
<unstructured_citation>Adaptation In Natural And Artificial Systems. University of Michigan Press, 1975.</unstructured_citation>
</citation>
<citation key="ref-20">
<unstructured_citation>Visual pattern recognition by moment invariant. IEEE Transactions on Information Theory, 8 (1962), 179— 187.</unstructured_citation>
</citation>
<citation key="ref-21">
<unstructured_citation>An application of the UTA discriminant model for the evaluation of R&D projects. In P. M. Pardalos, Y. Siskos, C. Zopounidis (Ed.), Advances in Multicriteria Analysis, Dordrecht: Kluwer Academic Publishers, 1995, 203—211.</unstructured_citation>
</citation>
<citation key="ref-22">
<unstructured_citation>A fuzzy K-nearest neighbour algorithm. IEEE Transactions on Systems, Man and Cybernetics, 15 (1985), 580—585.</unstructured_citation>
</citation>
<citation key="ref-23">
<unstructured_citation>A multicriteria assignment procedure for a nominal sorting problematic. European Journal of Operational Research, 138 (2002), 349—364.</unstructured_citation>
</citation>
<citation key="ref-24">
<unstructured_citation>N-TOMIC: A decision support for multicriteria segmenta- tion problems. In P. Korhonen, (Ed.), International Workshop on Multi- criteria Decision Support, Lecture Notes in Economics and Mathematics Systems, Berlin: Springer, 356 (1991), 167— 174.</unstructured_citation>
</citation>
<citation key="ref-25">
<unstructured_citation>Genetic Algorithms+Data Structures=Evolution Programs. Berlin: Springer-Verlag, 1992.</unstructured_citation>
</citation>
<citation key="ref-26">
<unstructured_citation>Genetic Algorithms+Data Structures=Evolution Programs. Berlin: Springer-Verlag, 1996.</unstructured_citation>
</citation>
<citation key="ref-27">
<unstructured_citation>Evolutionary operators for continuous convex parameters spaces. In A. Sebald, L. Fogel (Ed.), Proceedings of the 3rd Annual Conference on Evolutionary Programming, World Scien- tific Publishing, 1994, 84—107.</unstructured_citation>
</citation>
<citation key="ref-28">
<unstructured_citation>A theory and methodology of inductive learning. Artificial Intelligence, 20 (1983), 11—116.</unstructured_citation>
</citation>
<citation key="ref-29">
<unstructured_citation>Variable neighbourhood search: Principles and applica- tions. European Journal of Operational Research, 130 (2001), 449—467.</unstructured_citation>
</citation>
<citation key="ref-30">
<unstructured_citation>Automated design of linear tree classifiers. Pattern Recognition, 23 (1990), 1393—1412.</unstructured_citation>
</citation>
<citation key="ref-31">
<unstructured_citation>Multicriteria filtering methods based on concordance and non-discordance principles. Annals of Operations Research, 80 (1998), 137—165.</unstructured_citation>
</citation>
<citation key="ref-32">
<unstructured_citation>Classement et choix en présence de points de vue multiples (la méthode ELECTRE). R.I.R.O. Recherche Opérationnelle, 2 (1968), 57—75.</unstructured_citation>
</citation>
<citation key="ref-33">
<unstructured_citation>Critères multiples et modélisation des préférences: l’apport des relations de surclassement. Revue d’Économie Politique, 1 (1974).</unstructured_citation>
</citation>
<citation key="ref-34">
<unstructured_citation>ELECTRE III: Algorithme de classement basé sur une représentation des préférence en présence de critères mul- tiples. Cahiers du CERO, 21 (1978), 3—24.</unstructured_citation>
</citation>
<citation key="ref-35">
<unstructured_citation>Procédure automatique d’examen de dossiers fondée sur une segmentation trichotomique en présence de critères multiples. RAIRO Recherche Opérationnelle, 11 (1977). 145—173.</unstructured_citation>
</citation>
<citation key="ref-36">
<unstructured_citation>Measuring customer satisfaction using a survey based pref- erence disaggregation model. Journal of Global Optimization, 12 (1998), 175—195.</unstructured_citation>
</citation>
<citation key="ref-37">
<unstructured_citation>and E. Bossé Comparative implementation of two fusion schemes for multiple complementary FLIR imagery classifiers. Information Fusion Journal, 7 (2006), 197—206.</unstructured_citation>
</citation>
<citation key="ref-38">
<unstructured_citation>L’aide multicritère à la décision. Éditions de l’Université de Bruxelles, Belgique, 1989.</unstructured_citation>
</citation>
<citation key="ref-39">
<unstructured_citation>A multicriteria decision aid methodology for sorting deci- sion problems: The case of financial distress. Computational Economics, 14 (1999), 197—218.</unstructured_citation>
</citation>
<citation key="ref-40">
<unstructured_citation>Building additive utilities for multi-group hierarchical dis- crimination: The M.H.DIS method. Optimization Methods and Software, 14 (2000), 219—240.</unstructured_citation>
</citation>
<citation key="ref-41">
<unstructured_citation>Multicriteria classification and sorting methods: A literature review. European Journal of Operational Research, 138 (2002), 229—246.</unstructured_citation>
</citation>
<citation key="ref-42">
<unstructured_citation>Aide Multicritère à la Décision Dans le Cadre de la Problém- atique du Tri: Concepts, Méthodes et Applications. Thèse de doctorat, Université de Paris-Dauphine, France, 1992.</unstructured_citation>
</citation>
<citation key="ref-43">
<unstructured_citation>Multiple Criteria Decision Making. McGraw-Hill, 1982. A GENERALIZED FRAMEWORK FOR MULTI-CRITERIA CLASSIFIERS WITH AUTOMATED LEARNING 91</unstructured_citation>
</citation>
</citation_list>
</journal_article>
</journal>
</body>
</doi_batch>