<doi_batch xmlns="http://www.crossref.org/schema/4.3.7" xmlns:xsi="http://www.w3.org/2001/XMLSchema-instance" version="4.3.7" xsi:schemaLocation="http://www.crossref.org/schema/4.3.7 http://www.crossref.org/schema/deposit/crossref4.3.7.xsd">
<head>
<doi_batch_id></doi_batch_id>
<timestamp>1639242227.3454013</timestamp>
<depositor>
<depositor_name></depositor_name>
<email_address></email_address>
</depositor>
<registrant>WEB-FORM</registrant>
</head>
<body>
<journal>
<journal_metadata>
<full_title>Journal of Advances in Information Fusion</full_title>
<abbrev_title>JAIF</abbrev_title>
<issn media_type="print">1557-6418</issn>
</journal_metadata>
<journal_issue>
<publication_date media_type="print">
<month>December</month>
<day></day>
<year>2009</year>
</publication_date>
<journal_volume>
<volume>4</volume>
</journal_volume>
<issue>2</issue>
</journal_issue>
<journal_article publication_type="full_text">
<titles>
<title>Multitarget Multisensor Tracking in the Presence of Wakes</title>
</titles>
<contributors>
<person_name sequence="first" contributor_role="author">
<given_name>Anders </given_name>
<surname>Rodningsby</surname>
<ORCID></ORCID>
</person_name>
<person_name sequence="first" contributor_role="author">
<given_name>Yaakov </given_name>
<surname>Bar-Shalom</surname>
<ORCID></ORCID>
</person_name>
<person_name sequence="first" contributor_role="author">
<given_name>Oddvar </given_name>
<surname>Hallingstad</surname>
<ORCID></ORCID>
</person_name>
<person_name sequence="first" contributor_role="author">
<given_name>John </given_name>
<surname>Glattetre</surname>
<ORCID></ORCID>
</person_name>
</contributors>
<publication_date media_type="print">
<month>December</month>
<day></day>
<year>2009</year>
</publication_date>
<pages>
<first_page>117</first_page>
<last_page>145</last_page>
</pages>
<citation_list>
<citation key="ref-1">
<unstructured_citation>M. Athans, R. H. Whiting and M. Gruber A suboptimal estimation algorithm with probabilistic edit- ing for false measurements with applications to target track- ing with wake phenomena. IEEE Transactions on Automatic Control, 22, 3 (June 1977), 372—384.</unstructured_citation>
</citation>
<citation key="ref-2">
<unstructured_citation>Tracking of splitting targets in clutter using an interacting multiple model joint probabilistic data association filter. In Proceedings of the 30th IEEE Conference on Decision and Control, Brighton, UK, Dec. 1991, 2043—2048.</unstructured_citation>
</citation>
<citation key="ref-3">
<unstructured_citation>Multitarget-Multisensor Tracking: Principles and Techniques. Storrs, CT: YBS Publishing, 1995.</unstructured_citation>
</citation>
<citation key="ref-4">
<unstructured_citation>Estimation with Application to Tracking and Navigation. New York: Wiley-Interscience, 2001.</unstructured_citation>
</citation>
<citation key="ref-5">
<unstructured_citation>Tracking methods in a multitarget environment. IEEE Transactions on Automatic Control, 23, 4 (1978), 618— 626.</unstructured_citation>
</citation>
<citation key="ref-6">
<unstructured_citation>Modern Radar System Analysis. Norwood, MA: Artech House, 1988.</unstructured_citation>
</citation>
<citation key="ref-7">
<unstructured_citation>A multitarget track-while-scan filter. In Proceedings of the IEE Radar 87 Conference, London, England, Oct. 1987.</unstructured_citation>
</citation>
<citation key="ref-8">
<unstructured_citation>Joint probabilistic data association methods avoiding track coalescence. In Proceedings of the 34th IEEE Conference on Decision and Control, vol. 3, New Orleans, LA, Dec. 1995, 2752—2757.</unstructured_citation>
</citation>
<citation key="ref-9">
<unstructured_citation>Probabilistic data association avoiding track coalescence. IEEE Transactions on Automatic Control, 45, 2 (Feb. 2000), 247—259.</unstructured_citation>
</citation>
<citation key="ref-10">
<unstructured_citation>Comparison of centralized and distributed tracking algo- rithms using air-to-air scenarios. In Proceedings of the SPIE Conference on Signal and Data Processing of Small Targets, vol. 4048, July 2000, 440—451.</unstructured_citation>
</citation>
<citation key="ref-11">
<unstructured_citation>Performance limits of track-to-track fusion versus central-</unstructured_citation>
</citation>
<citation key="ref-12">
<unstructured_citation>IEEE Transactions on Aerospace and Electronic Systems, 39, 2 (Apr. 2003), 386—400.</unstructured_citation>
</citation>
<citation key="ref-13">
<unstructured_citation>Optimal data compression for multisensor target tracking with communication constraints. In Proceedings of the 43rd IEEE Conference on Decision and Control, vol. 3, Dec. 2004, 2650—2655.</unstructured_citation>
</citation>
<citation key="ref-14">
<unstructured_citation>Development of practical PDA logic for multitarget track- ing by microprocessor. In Y. Bar-Shalom (Ed.), Multitarget Multisensor Tracking, Norwood, MA: Artech House, 1990, 1—23.</unstructured_citation>
</citation>
<citation key="ref-15">
<unstructured_citation>Sonar tracking of multiple targets using joint probabilistic data association. IEEE Journal of Oceanic Engineering, 8, 3 (July 1983), 173—184.</unstructured_citation>
</citation>
<citation key="ref-16">
<unstructured_citation>Analysis of CFAR processors in homogeneous background. IEEE Transactions on Aerospace and Electronic Systems, 24, 4 (July 1988), 427—445.</unstructured_citation>
</citation>
<citation key="ref-17">
<unstructured_citation>An Introduction to Underwater Acoustics. New York: Springer, 2002.</unstructured_citation>
</citation>
<citation key="ref-18">
<unstructured_citation>Joint integrated probabilistic data association: JIPDA. IEEE Transactions on Aerospace and Electronic Systems, 40, 3 (July 2004), 1093—1099.</unstructured_citation>
</citation>
<citation key="ref-19">
<unstructured_citation>Integrated probabilistic data association. IEEE Transactions on Automatic Control, 39, 6 (June 1994), 1237—1241.</unstructured_citation>
</citation>
<citation key="ref-20">
<unstructured_citation>A comparison of parallel and sequential implementations of a multisensor multitarget tracking algorithm. In Proceedings of the American Control Conference, vol. 3, Seattle, WA, June 1995, 1683—1687.</unstructured_citation>
</citation>
<citation key="ref-21">
<unstructured_citation>Probability, Random Variables and Stochastic Processes 4th Edition. New York: McGraw-Hill, 2002.</unstructured_citation>
</citation>
<citation key="ref-22">
<unstructured_citation>Tracking of divers using a probabilistic data association filter with a bubble model. IEEE Transactions on Aerospace and Electronic Systems, 2009.</unstructured_citation>
</citation>
<citation key="ref-23">
<unstructured_citation>Multitarget tracking in the presence of wakes. In Proceedings of the 11th International Conference on In- formation Fusion, Cologne, Germany, 2008, 1536—1543.</unstructured_citation>
</citation>
<citation key="ref-24">
<unstructured_citation>Image Analysis and Mathematical Morphology. London, UK: Academic Press, 1982.</unstructured_citation>
</citation>
<citation key="ref-25">
<unstructured_citation>Modern Optical Engineering: The Design of Optical Systems (2nd ed.). New York: McGraw-Hill, 1990.</unstructured_citation>
</citation>
<citation key="ref-26">
<unstructured_citation>Maximum likelihood track-before-detect with fluctuating target amplitude. IEEE Transactions on Aerospace and Electronic Systems, 34, 3 (July 1998), 796—808.</unstructured_citation>
</citation>
<citation key="ref-27">
<unstructured_citation>Principles of Underwater Sound (3rd ed.). New York: McGraw-Hill, 1983. MULTITARGET MULTISENSOR TRACKING IN THE PRESENCE OF WAKES 143 Anders Rødningsby was born on May 19, 1979 in Kongsberg, Norway. He received the B.E. degree from Gjøvik University College, Norway, in electrical engineering and the M.S. degree from the University of Oslo, Norway, in applied mathematics, mechanics and numerical physics, in 2003 and 2005, respectively. He is currently a research scientist at the Norwegian Defence Research Estab- lishment (FFI), and a Ph.D. candidate at the Norwegian University of Science and Technology. His research interests include detection theory, navigation and target tracking.</unstructured_citation>
</citation>
</citation_list>
</journal_article>
</journal>
</body>
</doi_batch>