<doi_batch xmlns="http://www.crossref.org/schema/4.3.7" xmlns:xsi="http://www.w3.org/2001/XMLSchema-instance" version="4.3.7" xsi:schemaLocation="http://www.crossref.org/schema/4.3.7 http://www.crossref.org/schema/deposit/crossref4.3.7.xsd">
<head>
<doi_batch_id></doi_batch_id>
<timestamp>1639242185.9096737</timestamp>
<depositor>
<depositor_name></depositor_name>
<email_address></email_address>
</depositor>
<registrant>WEB-FORM</registrant>
</head>
<body>
<journal>
<journal_metadata>
<full_title>Journal of Advances in Information Fusion</full_title>
<abbrev_title>JAIF</abbrev_title>
<issn media_type="print">1557-6418</issn>
</journal_metadata>
<journal_issue>
<publication_date media_type="print">
<month>December</month>
<day></day>
<year>2012</year>
</publication_date>
<journal_volume>
<volume>7</volume>
</journal_volume>
<issue>2</issue>
</journal_issue>
<journal_article publication_type="full_text">
<titles>
<title>Possibilistic Medical Knowledge Representation Model</title>
</titles>
<contributors>
<person_name sequence="first" contributor_role="author">
<given_name>Mohammad </given_name>
<surname>Alsun</surname>
<ORCID></ORCID>
</person_name>
<person_name sequence="first" contributor_role="author">
<given_name>Laurent </given_name>
<surname>Lecornu</surname>
<ORCID></ORCID>
</person_name>
<person_name sequence="first" contributor_role="author">
<given_name>Basel </given_name>
<surname>Solaiman</surname>
<ORCID></ORCID>
</person_name>
</contributors>
<publication_date media_type="print">
<month>December</month>
<day></day>
<year>2012</year>
</publication_date>
<pages>
<first_page>101</first_page>
<last_page>113</last_page>
</pages>
<citation_list>
<citation key="ref-1">
<unstructured_citation>K. P. Adlassnig Fuzzy set theory in medical diagnosis. IEEE Transactions on Systems, Man and Cybernetics, 16, 2 (1986), 260—265.</unstructured_citation>
</citation>
<citation key="ref-2">
<unstructured_citation>CADIAG-2: Computer-assisted medical diagnosis using fuzzy subsets. M. M. Gupta and E. Sanchez (Eds.), Ap- proximate Reasoning in Decision Analysis, North Holland, Amsterdam, 1982, 495—505.</unstructured_citation>
</citation>
<citation key="ref-3">
<unstructured_citation>Using representation choice methods for a medical diagno- sis problem. International Conference on Knowledge-Based Intelligent Information and Engineering Systems, Bournemouth, UK, 10 (2006), 805—812.</unstructured_citation>
</citation>
<citation key="ref-4">
<unstructured_citation>Clinical Decision Support Systems Theory and Practice. Health Informatics Serie, Springer Science, 2007.</unstructured_citation>
</citation>
<citation key="ref-5">
<unstructured_citation>H. Leitich Knowledge acquisition in the fuzzy knowledge representa- tion framework of a medical consultation system. Artificial Intelligence in Medicine, 30, 1 (2004), 1—26.</unstructured_citation>
</citation>
<citation key="ref-6">
<unstructured_citation>Théorie des Possibilités et Variables Linguistiques. Paris: Addison Wesley, 1995, ch. 2.</unstructured_citation>
</citation>
<citation key="ref-7">
<unstructured_citation>Clinical Decision Support Systems (E. S. Berner, Ed.). Springer-Verlag, New York, 1999, 169—198.</unstructured_citation>
</citation>
<citation key="ref-8">
<unstructured_citation>Computer-assisted diagnosis system in digestive endoscopy. IEEE Transactions on Information Technology in Bio- medicine, 7, 4 (2003), 256—262.</unstructured_citation>
</citation>
<citation key="ref-9">
<unstructured_citation>Digestive database evidential clustering based on possibility theory. WSEAS Transactions on Systems, 5, 9 (Sept. 2008), 239— 248.</unstructured_citation>
</citation>
<citation key="ref-10">
<unstructured_citation>Possibilistic pattern recognition in a digestive database for mining imperfect data. WSEAS Transactions on Systems, 8, 2 (Feb. 2009), 229—240. POSSIBILISTIC MEDICAL KNOWLEDGE REPRESENTATION MODEL 111</unstructured_citation>
</citation>
<citation key="ref-11">
<unstructured_citation>Gastroenterology dataset clustering using possibilistic Kohonen maps. WSEAS Transactions on Info Science and Applications, 7, 4 (Apr. 2010), 508—521.</unstructured_citation>
</citation>
<citation key="ref-12">
<unstructured_citation>Possibility theory in constraint satisfaction problems: Han- dling priority, preference and uncertainty. Applied Intelligence, 6, 4 (1996), 287—309.</unstructured_citation>
</citation>
<citation key="ref-13">
<unstructured_citation>Probability-possibility transformations, triangular fuzzy sets, and probabilistic inequalities. Reliable Computing 10, Kluwer Academic Publishers, printed in the Netherlands, 273—294.</unstructured_citation>
</citation>
<citation key="ref-14">
<unstructured_citation>Possibility theory: an approach to computerized processing of uncertainty. Gen. Sys. International Journal, 15, 2 (June 1989), 168—170.</unstructured_citation>
</citation>
<citation key="ref-15">
<unstructured_citation>On Possibility/Probability Transformations. Proc. 4th Int. Fuz. Sys. Assoc. Conf., 1991, 103—112.</unstructured_citation>
</citation>
<citation key="ref-16">
<unstructured_citation>Iterative projection strategies for the least-squares fitting of tree structures to proximity data. Math. Statist. Psych. Journal, 48, 2 (1995), 281—317.</unstructured_citation>
</citation>
<citation key="ref-17">
<unstructured_citation>A theoretical comparison of disco and CADIAG-II like systems for medical diagnoses. Kybernetika J., 42, 6 (2006), 723—748.</unstructured_citation>
</citation>
<citation key="ref-18">
<unstructured_citation>Clinical decision support systems: A review on knowledge representation and inference under uncertainties. International Journal of Computational Intelligence Systems, 1, 2 (2008), 159—167.</unstructured_citation>
</citation>
<citation key="ref-19">
<unstructured_citation>From Endoscopic Imaging and Knowledge to Semantic For- mal Images. Springer, Computer Science, 4370, (2007), 189—201.</unstructured_citation>
</citation>
<citation key="ref-20">
<unstructured_citation>Reasoning foundations of medical diagnosis. Science, 130, 3366 (1959), 9—21.</unstructured_citation>
</citation>
<citation key="ref-21">
<unstructured_citation>Evaluation of two different models of semi-automatic knowledge acquisition for the medical consultant system CADIAGII/RHEUMA. Artificial Intelligence in Medicine, 25, 3 (2002), 215—225.</unstructured_citation>
</citation>
<citation key="ref-22">
<unstructured_citation>Fuzzy logic and its applications in medicine. International Journal of Medical Informatics, 62, 2 (2001), 165—173.</unstructured_citation>
</citation>
<citation key="ref-23">
<unstructured_citation>Towards a Possibility-Theoretic Approach to Uncertainty in Medical Data Interpretation for Text Generation. D. Riano, A. ten Teije, S. Miksch, and M. Peleg (Eds.), Knowledge Representation for Health-Care: Data, Pro- cesses and Guidelines, Berlin and Heidelberg: Springer (LNAI 5943), 2010.</unstructured_citation>
</citation>
<citation key="ref-24">
<unstructured_citation>Testing the descriptive validity of possibility theory in human judgments of uncertainty. Artificial Intelligence Fuzzy Set and Possibility Theory- Based Methods, Artificial Intelligence, 148, 1—2 (Aug. 2003), 197—218.</unstructured_citation>
</citation>
<citation key="ref-25">
<unstructured_citation>Ternary Algebra: Theorical Aspects and Possible Applica- tions. F. T. Dombal and F. Germy (Eds.), Decision Making and Medical Care: Can Information Science Help?, North- Holland, Amesterdam 1976, 505—513.</unstructured_citation>
</citation>
<citation key="ref-26">
<unstructured_citation>Medical Diagnosis and Composite Fuzzy Relations. M. M. Gupta, R. K. Ragade, and R. R. Yager (Eds.), Advances in Fuzzy Set Theory and Applications, North- Holland, NY, 1979, 437—444.</unstructured_citation>
</citation>
<citation key="ref-27">
<unstructured_citation>Medical knowledge, fuzzy sets and expert systems. Workshop on Intelligent and Adaptive Systems in Medicine, Prague 2003. Homepage: http://cyber.felk.cvut.cz/EUNITE 03-BIO/pdf/Seising.pdf.</unstructured_citation>
</citation>
<citation key="ref-28">
<unstructured_citation>Fuzzy medical diagnosis. E. H. Ruspini, P. P. Bonissone, W. Pedrycz (Eds.), Hand- book of Fuzzy Computation, IOP Publishing, Bristol, G13,1 (1998), 1—14.</unstructured_citation>
</citation>
<citation key="ref-29">
<unstructured_citation>Uncertainty and decision in medical informatics. Methods of Information in Medicine, 34, 1/2 (1995), 111— 121.</unstructured_citation>
</citation>
<citation key="ref-30">
<unstructured_citation>On medical diagnosis using possibility measures. Fuzzy Sets and Systems, 10, 1—3 (1983), 211—222.</unstructured_citation>
</citation>
<citation key="ref-31">
<unstructured_citation>Coherence of rules for defining conditional possibility. Approx. Reason. International Journal, 21, 1 (May 1999), 63—107.</unstructured_citation>
</citation>
<citation key="ref-32">
<unstructured_citation>Medical Decision Support Systems. Lecture Notes in Computer Science, Frankfurt, Springer- LNCS, 1933, 2000.</unstructured_citation>
</citation>
<citation key="ref-33">
<unstructured_citation>Fuzzy sets. Information Control, 8, 3 (1965), 338—353.</unstructured_citation>
</citation>
<citation key="ref-34">
<unstructured_citation>The concept of a linguistic variable and its application to approximate reasoning–I. Information Sciences, 8, 3 (1975), 199—249.</unstructured_citation>
</citation>
<citation key="ref-35">
<unstructured_citation>Fuzzy sets as a basis for a theory of possibility. Fuzzy Sets and Systems, 1, 1 (1978), 3—28. 112 JOURNAL OF ADVANCES IN INFORMATION FUSION VOL. 7, NO. 2 DECEMBER 2012 Mohammad Homam Alsun (S’07–M’95) received the M.Sc. signal and circuit in and the Ph.D. degree in information and communication sciences and technologies from UBO (University, of Western Brittany), France, in 2007 and 2012, respectively.</unstructured_citation>
</citation>
</citation_list>
</journal_article>
</journal>
</body>
</doi_batch>