<doi_batch xmlns="http://www.crossref.org/schema/4.3.7" xmlns:xsi="http://www.w3.org/2001/XMLSchema-instance" version="4.3.7" xsi:schemaLocation="http://www.crossref.org/schema/4.3.7 http://www.crossref.org/schema/deposit/crossref4.3.7.xsd">
<head>
<doi_batch_id></doi_batch_id>
<timestamp>1645533961.381509</timestamp>
<depositor>
<depositor_name></depositor_name>
<email_address></email_address>
</depositor>
<registrant>WEB-FORM</registrant>
</head>
<body>
<journal>
<journal_metadata>
<full_title>Journal of Advances in Information Fusion</full_title>
<abbrev_title>JAIF</abbrev_title>
<issn media_type="print">1557-6418</issn>
</journal_metadata>
<journal_issue>
<publication_date media_type="print">
<month>December</month>
<day></day>
<year>2018</year>
</publication_date>
<journal_volume>
<volume>13</volume>
</journal_volume>
<issue>2</issue>
</journal_issue>
<journal_article publication_type="full_text">
<titles>
<title>Temporal Bayes net information & knowledge entropy</title>
</titles>
<contributors>
<person_name sequence="first" contributor_role="author">
<given_name>Kenneth  J.</given_name>
<surname>Hintz</surname>
<ORCID></ORCID>
</person_name>
<person_name sequence="first" contributor_role="author">
<given_name>Steve </given_name>
<surname>Darcy</surname>
<ORCID></ORCID>
</person_name>
</contributors>
<publication_date media_type="print">
<month>December</month>
<day></day>
<year>2018</year>
</publication_date>
<pages>
<first_page>275</first_page>
<last_page>287</last_page>
</pages>
<citation_list>
<citation key="ref-1">
<unstructured_citation>U. Kjaerulff “A computational scheme for reasoning in dynamic prob- abilistic networks,” in Eighth Conference on Uncertainty in Artificial Intelli- gence, 1992.</unstructured_citation>
</citation>
<citation key="ref-2">
<unstructured_citation>“Performance modeling for dynamic Bayesian networks,” in Signal Processing, Sensor Fusion, and Target Recognition XIII, Orlando, FL, 2004.</unstructured_citation>
</citation>
<citation key="ref-3">
<unstructured_citation>Probabilistic Reasoning in Intelligent Systems: Networks of Plausible Inference, San Francisco, CA: Morgan Kaufmann, 1988.</unstructured_citation>
</citation>
<citation key="ref-4">
<unstructured_citation>“Multi-process constrained estimation,” IEEE Transactions on Systems, Man, and Cybernetics, vol. 21, no. 1, pp. 237—244, 1991.</unstructured_citation>
</citation>
<citation key="ref-5">
<unstructured_citation>“Improving ORM utilizing implicit collaboration & context sensitive fusion,” in Proceedings International Conference on Information Fu- sion, Fusion2015, Washington, DC, 2015.</unstructured_citation>
</citation>
<citation key="ref-6">
<unstructured_citation>“Maximizing quality of information from multiple sensor devices: the exploration vs exploitation tradeoff,” IEEE Journal of Selected Topics in Signal Processing, vol. 7, no. 5, pp. 883—894, 2013.</unstructured_citation>
</citation>
<citation key="ref-7">
<unstructured_citation>“Uncertainty in probabilistic risk assessment,” Reliability Engineering and System Safety, vol. 54, pp. 127— 132, 1996. TEMPORAL BAYES NET INFORMATION & KNOWLEDGE ENTROPY 285</unstructured_citation>
</citation>
<citation key="ref-8">
<unstructured_citation>“Towards Unbiased Evaluation of Uncertainty Reasoning: The URREF Ontology,” in 15th International Conference on Information Fusion, Fusion2012, Singapore, Singapore, 2012.</unstructured_citation>
</citation>
<citation key="ref-9">
<unstructured_citation>A Mathematical Theory of Evidence, Princeton: Princeton University Press, 1976.</unstructured_citation>
</citation>
<citation key="ref-10">
<unstructured_citation>“OED Online,”</unstructured_citation>
</citation>
<citation key="ref-11">
<unstructured_citation></unstructured_citation>
</citation>
<citation key="ref-12">
<unstructured_citation>June 2018].</unstructured_citation>
</citation>
<citation key="ref-13">
<unstructured_citation>“OED Online,”</unstructured_citation>
</citation>
<citation key="ref-14">
<unstructured_citation>view/Entry/63541?rskey=rMvb1N&result=1&isAdvanced</unstructured_citation>
</citation>
<citation key="ref-15">
<unstructured_citation></unstructured_citation>
</citation>
<citation key="ref-16">
<unstructured_citation>“Aleatory or epistemic? Does it matter?,” Structural Safety, vol. 31, pp. 105—112, 2009.</unstructured_citation>
</citation>
<citation key="ref-17">
<unstructured_citation>“5: Aleatory Variability and Epistemic Uncertainty,”</unstructured_citation>
</citation>
<citation key="ref-18">
<unstructured_citation></unstructured_citation>
</citation>
<citation key="ref-19">
<unstructured_citation></unstructured_citation>
</citation>
<citation key="ref-20">
<unstructured_citation>Causality, Models, Reasoning, and Inference, 2nd Edition, New York: Cambridge University Press, 2009.</unstructured_citation>
</citation>
<citation key="ref-21">
<unstructured_citation>Applied Optimal Estimation, Cambridge, Massachusetts: MIT Press, 1974.</unstructured_citation>
</citation>
<citation key="ref-22">
<unstructured_citation>“Interacting multiple model methods in target tracking: a survey,” IEEE Transactions on Aerospace and Electronic Systems, vol. 34, no. 1, pp. 103—123, 1998.</unstructured_citation>
</citation>
<citation key="ref-23">
<unstructured_citation>Knowledge Management in the Intelligence Enterprise, Boston: Artech House, 2003.</unstructured_citation>
</citation>
<citation key="ref-24">
<unstructured_citation>“Dynamic Bayes Net Approach to Multimodal Sensor Fu- sion,” in Sensor Fusion and Decentralized Control in Autonomous Robotic Systems, Pittsburgh, PA, 1997.</unstructured_citation>
</citation>
<citation key="ref-25">
<unstructured_citation>“Valued situation information in IBSM,” in 20th International Conference on Information Fusion, Fusion2017, Xi’an, China.</unstructured_citation>
</citation>
<citation key="ref-26">
<unstructured_citation>“A Mathematical Theory of Communication,” Bell System Technical Journal, vol. 27, pp. 623—657, 1948.</unstructured_citation>
</citation>
<citation key="ref-27">
<unstructured_citation>“An ontological analysis of uncertainty in soft data,” in 16th International Conference on Information Fusion, Fusion2013, Istanbul, Turkey, 2013.</unstructured_citation>
</citation>
<citation key="ref-28">
<unstructured_citation>“OED,”</unstructured_citation>
</citation>
<citation key="ref-29">
<unstructured_citation></unstructured_citation>
</citation>
<citation key="ref-30">
<unstructured_citation></unstructured_citation>
</citation>
<citation key="ref-31">
<unstructured_citation>“Traceable uncertainty,” in 16th International Conference on Information Fusion, Fusion 2013, Istanbul, Turkey, 2013.</unstructured_citation>
</citation>
<citation key="ref-32">
<unstructured_citation>Introduction to Bayesian Networks, Monterey, CA, 1998.</unstructured_citation>
</citation>
<citation key="ref-33">
<unstructured_citation>“Netica Application,”</unstructured_citation>
</citation>
<citation key="ref-34">
<unstructured_citation></unstructured_citation>
</citation>
<citation key="ref-35">
<unstructured_citation></unstructured_citation>
</citation>
<citation key="ref-36">
<unstructured_citation>“Sensitivity Equations, Entropy Reduction,”</unstructured_citation>
</citation>
<citation key="ref-37">
<unstructured_citation></unstructured_citation>
</citation>
<citation key="ref-38">
<unstructured_citation>25 June 2018]. 286 JOURNAL OF ADVANCES IN INFORMATION FUSION VOL. 13, NO. 2 DECEMBER 2018</unstructured_citation>
</citation>
</citation_list>
</journal_article>
</journal>
</body>
</doi_batch>