<doi_batch xmlns="http://www.crossref.org/schema/4.3.7" xmlns:xsi="http://www.w3.org/2001/XMLSchema-instance" version="4.3.7" xsi:schemaLocation="http://www.crossref.org/schema/4.3.7 http://www.crossref.org/schema/deposit/crossref4.3.7.xsd">
<head>
<doi_batch_id></doi_batch_id>
<timestamp>1639242179.75192</timestamp>
<depositor>
<depositor_name></depositor_name>
<email_address></email_address>
</depositor>
<registrant>WEB-FORM</registrant>
</head>
<body>
<journal>
<journal_metadata>
<full_title>Journal of Advances in Information Fusion</full_title>
<abbrev_title>JAIF</abbrev_title>
<issn media_type="print">1557-6418</issn>
</journal_metadata>
<journal_issue>
<publication_date media_type="print">
<month>June</month>
<day></day>
<year>2013</year>
</publication_date>
<journal_volume>
<volume>8</volume>
</journal_volume>
<issue>1</issue>
</journal_issue>
<journal_article publication_type="full_text">
<titles>
<title>Bearings-Only Localization with NLOS Reflected AoAs</title>
</titles>
<contributors>
<person_name sequence="first" contributor_role="author">
<given_name>Xiufeng </given_name>
<surname>Song</surname>
<ORCID></ORCID>
</person_name>
<person_name sequence="first" contributor_role="author">
<given_name>Peter </given_name>
<surname>Willett</surname>
<ORCID></ORCID>
</person_name>
<person_name sequence="first" contributor_role="author">
<given_name>Shengli </given_name>
<surname>Zhou</surname>
<ORCID></ORCID>
</person_name>
</contributors>
<publication_date media_type="print">
<month>June</month>
<day></day>
<year>2013</year>
</publication_date>
<pages>
<first_page>3</first_page>
<last_page>14</last_page>
</pages>
<citation_list>
<citation key="ref-1">
<unstructured_citation>C. R. Berger, S. Choi, S. Zhou, and P. Willett Channel energy based estimation of target trajectories using distributed sensors with low communication rate. IEEE Transactions on Signal Processing, 58, 4 (Apr. 2010), 2339—2350.</unstructured_citation>
</citation>
<citation key="ref-2">
<unstructured_citation>Statistics of monopulse measurements of Rayleigh targets in the presence of specular and diffuse multipath. In Proceedings of the IEEE Radar Conference, Atlanta, GA, May 2001.</unstructured_citation>
</citation>
<citation key="ref-3">
<unstructured_citation>Convex Optimization. Cambridge University Press, Cambridge, U.K., 2004.</unstructured_citation>
</citation>
<citation key="ref-4">
<unstructured_citation>One-dimensional mirrored interferometric aperture synthe- sis. IEEE Geoscience and Remote Sensing Letters, 7, 2 (Apr. 2010), 357—361.</unstructured_citation>
</citation>
<citation key="ref-5">
<unstructured_citation>Over-the-horizon radar surveillance of airfields for coun- terdrug applications. IEEE Aerospace and Electronic Systems Magazine, 13, 1 (Jan. 1998), 31—34.</unstructured_citation>
</citation>
<citation key="ref-6">
<unstructured_citation>On the bias of linear least squares algorithms for passive target localization. Signal Processing, 84, 3 (Mar. 2004), 475—486.</unstructured_citation>
</citation>
<citation key="ref-7">
<unstructured_citation>Bearings-only target localization using total least squares. Signal Processing, 85, 9 (Sept. 2005), 1695—1710.</unstructured_citation>
</citation>
<citation key="ref-8">
<unstructured_citation>Circular billiard. SIAM Review, 40, 2 (1998), 315—323.</unstructured_citation>
</citation>
<citation key="ref-9">
<unstructured_citation>A model for target detection with over-the-horizon radar. IEEE Transactions on Aerospace and Electronic Systems, 26, 1 (Jan. 1990), 68—83.</unstructured_citation>
</citation>
<citation key="ref-10">
<unstructured_citation>Performance analysis of bearing-only target location algo- rithms. IEEE Transactions on Aerospace and Electronic Systems, 28, 3 (Aug. 1992), 817—828.</unstructured_citation>
</citation>
<citation key="ref-11">
<unstructured_citation>Source localization using TDOA and FDOA measurements in the presence of receiver location errors: Analysis and solution. IEEE Transactions on Signal Processing, 55, 2 (Feb. 2007), 684—696.</unstructured_citation>
</citation>
<citation key="ref-12">
<unstructured_citation>Time-dependent circular billiard. Mathematical Problems in Engineering, 1 (2009), 1—10.</unstructured_citation>
</citation>
<citation key="ref-13">
<unstructured_citation>Maximum likelihood methods for bearings-only target lo- calization. In Proceedings of the International Conference on Acoustics, Speech and Signal Processing, Salt Lake City, UT, May 2001.</unstructured_citation>
</citation>
<citation key="ref-14">
<unstructured_citation>The Ionosphere: Communications, Surveillance, and Direc- tion Finding. Malabar, FL: Kreiger, 1991.</unstructured_citation>
</citation>
<citation key="ref-15">
<unstructured_citation>Probability and Statistical Inference. Marcel Dekker Inc., New York, 1st ed., 2000.</unstructured_citation>
</citation>
<citation key="ref-16">
<unstructured_citation>Reflections on reflection in a spherical mirror. American Mathematical Monthly, 105, 6 (1998), 523—528.</unstructured_citation>
</citation>
<citation key="ref-17">
<unstructured_citation>A Canadian perspective on high frequency over-the-horizon radar. Defence R&D Canada, Ottawa, http://cradpdf.drdc.gc.ca/ PDFS/unc64/p527279.pdf.</unstructured_citation>
</citation>
<citation key="ref-18">
<unstructured_citation>Target localization with NLOS circularly reflected AoAs. In Proceedings of the International Conference on Acoustics, Speech and Signal Processing, Prague, Czech, May 2011.</unstructured_citation>
</citation>
<citation key="ref-19">
<unstructured_citation>Statistical theory of DF fixing. Journal of the IEE, 14, 15 (Dec. 1947), 762—770.</unstructured_citation>
</citation>
<citation key="ref-20">
<unstructured_citation>Maximum-likelihood DOA estimation by data-supported grid search. IEEE Signal Processing Letters, 6, 10 (Oct. 1999), 273—275.</unstructured_citation>
</citation>
<citation key="ref-21">
<unstructured_citation>Maximum likelihood localization of multiple sources by alternating projection. IEEE Transactions on Signal Processing, 36, 10 (Oct. 1988), 1553—1560. BEARINGS-ONLY LOCALIZATION WITH NLOS REFLECTED AOAS 13</unstructured_citation>
</citation>
</citation_list>
</journal_article>
</journal>
</body>
</doi_batch>