<doi_batch xmlns="http://www.crossref.org/schema/4.3.7" xmlns:xsi="http://www.w3.org/2001/XMLSchema-instance" version="4.3.7" xsi:schemaLocation="http://www.crossref.org/schema/4.3.7 http://www.crossref.org/schema/deposit/crossref4.3.7.xsd">
<head>
<doi_batch_id></doi_batch_id>
<timestamp>1639242179.753914</timestamp>
<depositor>
<depositor_name></depositor_name>
<email_address></email_address>
</depositor>
<registrant>WEB-FORM</registrant>
</head>
<body>
<journal>
<journal_metadata>
<full_title>Journal of Advances in Information Fusion</full_title>
<abbrev_title>JAIF</abbrev_title>
<issn media_type="print">1557-6418</issn>
</journal_metadata>
<journal_issue>
<publication_date media_type="print">
<month>June</month>
<day></day>
<year>2013</year>
</publication_date>
<journal_volume>
<volume>8</volume>
</journal_volume>
<issue>1</issue>
</journal_issue>
<journal_article publication_type="full_text">
<titles>
<title>Shooter Localization using a Wireless Sensor Network of Soldier-Worn Gunfire Detection Systems</title>
</titles>
<contributors>
<person_name sequence="first" contributor_role="author">
<given_name>Jemin </given_name>
<surname>George</surname>
<ORCID></ORCID>
</person_name>
<person_name sequence="first" contributor_role="author">
<given_name>Lance M.</given_name>
<surname>Kaplan</surname>
<ORCID></ORCID>
</person_name>
</contributors>
<publication_date media_type="print">
<month>June</month>
<day></day>
<year>2013</year>
</publication_date>
<pages>
<first_page>15</first_page>
<last_page>32</last_page>
</pages>
<citation_list>
<citation key="ref-1">
<unstructured_citation>J. Ash, G. Whipps, and R. Kozick Performance of shockwave-based shooter localization un- der model misspecification. In IEEE International Conference on Acoustics Speech and Signal Processing (ICASSP), Dallas, TX, Mar. 2010, pp. 2694—2697.</unstructured_citation>
</citation>
<citation key="ref-2">
<unstructured_citation>Ferret: A small arms’ fire detection system: Localization concepts. In Proceedings of Society of Photo-Optical Instrumentation Engineers (SPIE) Conference, vol. 5071, Orlando, FL, Apr. 2003, pp. 497—509.</unstructured_citation>
</citation>
<citation key="ref-3">
<unstructured_citation>J. George Fusion solution for soldier wearable gunfire detection sys- tems. In Proceedings of SPIE: Defence, Security, and Sensing, Baltimore, MD, Apr. 23—27, 2012.</unstructured_citation>
</citation>
<citation key="ref-4">
<unstructured_citation>Optimal Estimation of Dynamic System. Boca Raton, FL: Chapman & Hall/CRC, 2004, ch. 1.</unstructured_citation>
</citation>
<citation key="ref-5">
<unstructured_citation>Sniper localization using acoustic asynchronous sensors. Sensors Journal, IEEE, 10, 9 (Sept. 2010), 1469—1478.</unstructured_citation>
</citation>
<citation key="ref-6">
<unstructured_citation>The shock wave-based acoustic sniper localization. Nonlinear Analysis: Theory, Methods & Applications, 65, 5 (2006), 956—962.</unstructured_citation>
</citation>
<citation key="ref-7">
<unstructured_citation>Acoustic counter-sniper system. In Proceedings of Society of Photo-Optical Instrumentation Engineers (SPIE) Conference, vol. 2938, Boston, MA, Nov. 1997, pp. 262—275.</unstructured_citation>
</citation>
<citation key="ref-8">
<unstructured_citation>Physics for Scientists and Engineers, (2nd ed.). Upper Saddle River, NJ: Prentice Hall, 1996, vol. 1, ch. 14, pp. 398—399.</unstructured_citation>
</citation>
<citation key="ref-9">
<unstructured_citation>Multi-sensor data fusion using soldier-worn gunfire detec- tion systems. In Proceedings of MSS Battlespace Acoustic and Magnetic Sensors (BAMS), Washington, D.C., Oct. 2011.</unstructured_citation>
</citation>
<citation key="ref-10">
<unstructured_citation>Shooter localization using soldier-worn gunfire detection systems. In Proceedings of the 12th International Conference on In- formation Fusion (FUSION), Chicago, IL, July 2011, pp. 1—8.</unstructured_citation>
</citation>
<citation key="ref-11">
<unstructured_citation>On exploiting propagation delays for passive target local- ization using bearings-only measurements. Journal of the Franklin Institute, 342, 2 (Mar. 2005), 193— 211.</unstructured_citation>
</citation>
<citation key="ref-12">
<unstructured_citation>QoI for passive acoustic gunfire localization. In 5th IEEE International Conference on Mobile Ad Hoc and Sensor Systems (MASS), Atlanta GA, Sept.—Oct. 2008, pp. 754—759.</unstructured_citation>
</citation>
<citation key="ref-13">
<unstructured_citation>Centralized fusion of acoustic sensor data for gunfire lo- calization. In Proceedings of MSS Battlespace Acoustic and Magnetic Sensors (BAMS), Washington, D.C., Oct. 2011.</unstructured_citation>
</citation>
<citation key="ref-14">
<unstructured_citation>Accuracy and tradeoff analysis of sniper localization sys- tems with a network of acoustic sensors. In Proceedings MSS Battlespace Acoustics & Seismic Sens- ing, Magnetic & Electric Field Sensors, Laurel, MD, Aug. 2009.</unstructured_citation>
</citation>
<citation key="ref-15">
<unstructured_citation>Sniper fire localization using wireless sensor networks and genetic algorithm based data fusion. In IEEE Military Communications Conference (MILCOM 2007), Orlando, FL, Oct. 2007, pp. 1—8.</unstructured_citation>
</citation>
<citation key="ref-16">
<unstructured_citation>A. Nadas, B. Kusy, S. Dora, and G. Pap Multiple simultaneous acoustic source localization in urban terrain. In Fourth International Symposium on Information Process- ing in Sensor Networks (IPSN), Los Angeles, CA, Apr. 2005, pp. 491—496.</unstructured_citation>
</citation>
<citation key="ref-17">
<unstructured_citation>J. Sallai, G. Pap, S. Dora, K. Molnar, M. Maroti, and G. Simon Countersniper system for urban warfare. ACM Transactions on Sensor Networks, 1 (Nov. 2005), 153— 177.</unstructured_citation>
</citation>
<citation key="ref-18">
<unstructured_citation>Robust acoustic source localization with tdoa based ransac algorithm. In Emerging Intelligent Computing Technology and Appli- cations, ser. Lecture Notes in Computer Science, Springer Berlin/Heidelberg, 2009, vol. 5754, pp. 222—227.</unstructured_citation>
</citation>
<citation key="ref-19">
<unstructured_citation>Shooter localization in wireless sensor networks. In Proceedings of the 12th International Conference on In- formation Fusion (FUSION), Seattle, WA, July 2009, pp. 404—411.</unstructured_citation>
</citation>
<citation key="ref-20">
<unstructured_citation>Shooter localization in wireless microphone networks. EURASIP Journal on Advances in Signal Processing, 2010, 6 (Feb. 2010), 1—25. 30 JOURNAL OF ADVANCES IN INFORMATION FUSION VOL. 8, NO. 1 JUNE 2013</unstructured_citation>
</citation>
<citation key="ref-21">
<unstructured_citation>Collaborative in-network processing for target tracking. EURASIP Journal on Applied Signal Processing, 2003, 4 (Jan. 2003), 378—391.</unstructured_citation>
</citation>
<citation key="ref-22">
<unstructured_citation>Modeling and signal processing of acoustic gunshot record- ings. In Digital Signal Processing Workshop, 12th-Signal Process- ing Education Workshop, 4th, Teton National Park, WY, Sept. 2006, pp. 257—261.</unstructured_citation>
</citation>
<citation key="ref-23">
<unstructured_citation>Shooter localization and bullet trajectory, caliber, and speed estimation based on detected firing sounds. Applied Acoustics, 71, 10 (2010), 902—913.</unstructured_citation>
</citation>
<citation key="ref-24">
<unstructured_citation>Shooter localization in urban terrain. Computer, 37, 8 (Aug. 2004), 60—61.</unstructured_citation>
</citation>
<citation key="ref-25">
<unstructured_citation>Lessons in Digital Estimation Theory. Englewood Cliffs, NJ: Prentice-Hall, Inc., 1987.</unstructured_citation>
</citation>
<citation key="ref-26">
<unstructured_citation>Latest achievements in gunfire detection systems. In Meeting Proceedings RTO-MP-SET-107, Battlefield Acoustic Sensing for ISR Applications, NeuillysurSeine, France, Oct. 2006, pp. 1—14.</unstructured_citation>
</citation>
<citation key="ref-27">
<unstructured_citation>A simplex method for function minimization. The Computer Journal, 7, 4 (1965), 308—313.</unstructured_citation>
</citation>
<citation key="ref-28">
<unstructured_citation>Measurements of small-caliber ballistic shock waves in air. The Journal of the Acoustical Society of America, 102, 2 (Aug. 1997), 781—787.</unstructured_citation>
</citation>
<citation key="ref-29">
<unstructured_citation>SAIC SENTINEL acoustic counter-sniper system. In Proceedings of Society of Photo-Optical Instrumentation Engineers (SPIE) Conference, vol. 2938, Boston, MA, Nov. 1997, pp. 276—284.</unstructured_citation>
</citation>
<citation key="ref-30">
<unstructured_citation>Statistical efficiency of simultaneous target and sensors location with position dependent noise. In Proceedings of SPIE: Defence, Security, and Sensing, Baltimore, MD, Apr. 23—27, 2012.</unstructured_citation>
</citation>
<citation key="ref-31">
<unstructured_citation>Fast adaptive acoustic localization for sensor networks. IEEE Transactions on Instrumentation and Measurement, 60, 5 (May 2011), 1820—1829.</unstructured_citation>
</citation>
<citation key="ref-32">
<unstructured_citation>Shooter localization and weapon classification with soldier- wearable networked sensors. In Proceedings of the 5th International Conference on Mobile Systems, Applications and Services, New York, NY, June 2007, pp. 113—126. SHOOTER LOCALIZATION USING SOLDIER-WORN GUNFIRE DETECTION SYSTEMS 31</unstructured_citation>
</citation>
</citation_list>
</journal_article>
</journal>
</body>
</doi_batch>