<doi_batch xmlns="http://www.crossref.org/schema/4.3.7" xmlns:xsi="http://www.w3.org/2001/XMLSchema-instance" version="4.3.7" xsi:schemaLocation="http://www.crossref.org/schema/4.3.7 http://www.crossref.org/schema/deposit/crossref4.3.7.xsd">
<head>
<doi_batch_id></doi_batch_id>
<timestamp>1645534127.5985377</timestamp>
<depositor>
<depositor_name></depositor_name>
<email_address></email_address>
</depositor>
<registrant>WEB-FORM</registrant>
</head>
<body>
<journal>
<journal_metadata>
<full_title>Journal of Advances in Information Fusion</full_title>
<abbrev_title>JAIF</abbrev_title>
<issn media_type="print">1557-6418</issn>
</journal_metadata>
<journal_issue>
<publication_date media_type="print">
<month>June</month>
<day></day>
<year>2007</year>
</publication_date>
<journal_volume>
<volume>2</volume>
</journal_volume>
<issue>1</issue>
</journal_issue>
<journal_article publication_type="full_text">
<titles>
<title>Game Theoretic Approach to Threat Prediction and Situation Awareness</title>
</titles>
<contributors>
<person_name sequence="first" contributor_role="author">
<given_name>G. </given_name>
<surname>Chen</surname>
<ORCID></ORCID>
</person_name>
<person_name sequence="first" contributor_role="author">
<given_name>D. </given_name>
<surname>Shen</surname>
<ORCID></ORCID>
</person_name>
<person_name sequence="first" contributor_role="author">
<given_name>C. </given_name>
<surname>Kwan</surname>
<ORCID></ORCID>
</person_name>
<person_name sequence="first" contributor_role="author">
<given_name>J.  Cruz,</given_name>
<surname>Jr.</surname>
<ORCID></ORCID>
</person_name>
<person_name sequence="first" contributor_role="author">
<given_name>M. </given_name>
<surname>Kruger</surname>
<ORCID></ORCID>
</person_name>
<person_name sequence="first" contributor_role="author">
<given_name>E. </given_name>
<surname>Blasch</surname>
<ORCID></ORCID>
</person_name>
</contributors>
<publication_date media_type="print">
<month>June</month>
<day></day>
<year>2007</year>
</publication_date>
<pages>
<first_page>35</first_page>
<last_page>48</last_page>
</pages>
<citation_list>
<citation key="ref-1">
<unstructured_citation>A. Agah, S. K. Das and K. Basu A non-cooperative game approach for intrusion detection in sensor networks. Vehicular Technology Conference, VTC2004-Fall, 2004, 2902—2906.</unstructured_citation>
</citation>
<citation key="ref-2">
<unstructured_citation>A game theoretic application to decision and analysis in Network Intrusion Detection. In Proceedings of 42nd IEEE Conference on Decision and Control, Maui, HI, 2003, 2595—2600.</unstructured_citation>
</citation>
<citation key="ref-3">
<unstructured_citation>COOLCAT: An entropy-based algorithm for categorical clustering. In Proceedings of the 7th International Conference on In- formation and Knowledge Management, McLean, VA, Nov. 04—09, 2002.</unstructured_citation>
</citation>
<citation key="ref-4">
<unstructured_citation>Dynamic Noncooperative Game Theory. SIAM Series in Classics in Applied Mathematics, Philadel- phia, PA, (2nd ed.), Jan. 1999.</unstructured_citation>
</citation>
<citation key="ref-5">
<unstructured_citation>Homepage: http://openmap.bbn.com/. 44 JOURNAL OF ADVANCES IN INFORMATION FUSION VOL. 2, NO. 1 JUNE 2007</unstructured_citation>
</citation>
</citation_list>
</journal_article>
</journal>
</body>
</doi_batch>