<doi_batch xmlns="http://www.crossref.org/schema/4.3.7" xmlns:xsi="http://www.w3.org/2001/XMLSchema-instance" version="4.3.7" xsi:schemaLocation="http://www.crossref.org/schema/4.3.7 http://www.crossref.org/schema/deposit/crossref4.3.7.xsd">
<head>
<doi_batch_id></doi_batch_id>
<timestamp>1639242106.0479386</timestamp>
<depositor>
<depositor_name></depositor_name>
<email_address></email_address>
</depositor>
<registrant>WEB-FORM</registrant>
</head>
<body>
<journal>
<journal_metadata>
<full_title>Journal of Advances in Information Fusion</full_title>
<abbrev_title>JAIF</abbrev_title>
<issn media_type="print">1557-6418</issn>
</journal_metadata>
<journal_issue>
<publication_date media_type="print">
<month>June</month>
<day></day>
<year>2018</year>
</publication_date>
<journal_volume>
<volume>13</volume>
</journal_volume>
<issue>1</issue>
</journal_issue>
<journal_article publication_type="full_text">
<titles>
<title>Approaches to Obtain a Large Number of Ranked Solutions to 3-Dimensional Assignment Problems</title>
</titles>
<contributors>
<person_name sequence="first" contributor_role="author">
<given_name>Lingyi </given_name>
<surname>Zhang</surname>
<ORCID></ORCID>
</person_name>
<person_name sequence="first" contributor_role="author">
<given_name>David </given_name>
<surname>Sidoti</surname>
<ORCID></ORCID>
</person_name>
<person_name sequence="first" contributor_role="author">
<given_name>Spandana </given_name>
<surname>Vallabhaneni</surname>
<ORCID></ORCID>
</person_name>
<person_name sequence="first" contributor_role="author">
<given_name>Krishna R. </given_name>
<surname>Pattipati</surname>
<ORCID></ORCID>
</person_name>
<person_name sequence="first" contributor_role="author">
<given_name>David A.  </given_name>
<surname>Castanon</surname>
<ORCID></ORCID>
</person_name>
</contributors>
<publication_date media_type="print">
<month>June</month>
<day></day>
<year>2018</year>
</publication_date>
<pages>
<first_page>50</first_page>
<last_page>67</last_page>
</pages>
<citation_list>
<citation key="ref-1">
<unstructured_citation>W. P. Pierskalla “The tri-substitution method for the three-dimensional as- signment problem,” CORS Journal, vol. 5, pp. 71—81, 1967.</unstructured_citation>
</citation>
<citation key="ref-2">
<unstructured_citation>“An Algorithm for Solving 3-Dimensional Assignment Problems with Application to Scheduling a Teaching Prac- tice,” Palgrave Macmillan Journal, vol. 32, no. 11, pp. 989—995, 1981. APPROACHES TO OBTAIN A LARGE NUMBER OF RANKED SOLUTIONS TO 3-DIMENSIONAL ASSIGNMENT PROBLEMS 63</unstructured_citation>
</citation>
<citation key="ref-3">
<unstructured_citation>“A generalized s-d assignment algorithm for multisensor- multitarget state estimation,” IEEE Transactions on Aerospace and Electronic Systems, vol. 33, no. 2 PART 1, pp. 523—538, 1997.</unstructured_citation>
</citation>
<citation key="ref-4">
<unstructured_citation>“Reducibility among combinatorial problems,” in Complexity of computer computations. Springer, 1972, pp. 85—103.</unstructured_citation>
</citation>
<citation key="ref-5">
<unstructured_citation>“Complexity of a 3-dimensional assignment problem,” European Journal of Operational Research, vol. 13, no. 2, pp. 161—164, 1983.</unstructured_citation>
</citation>
<citation key="ref-6">
<unstructured_citation>Combinatorial optimization: algorithms and complexity. Courier Corporation, 1982.</unstructured_citation>
</citation>
<citation key="ref-7">
<unstructured_citation>http://www.world-nuclear-news.org/NN-Fuel-loading- completed-at-Fangchenggang-2-2505164.html, accessed: 2016-09-22.</unstructured_citation>
</citation>
<citation key="ref-8">
<unstructured_citation>“An Algorithm for Ranking all the Assignments in Order of Increasing Cost,” Operations Research, vol. 16, no. 3, pp. 682—687, 1968.</unstructured_citation>
</citation>
<citation key="ref-9">
<unstructured_citation>“The hungarian method for the assignment problem,” Naval research logistics quarterly, vol. 2, no. 1—2, pp. 83— 97, 1955.</unstructured_citation>
</citation>
<citation key="ref-10">
<unstructured_citation>“A shortest augmenting path algorithm for dense and sparse linear assignment problems,” Computing, vol. 38, no. 4, pp. 325—340, 1987.</unstructured_citation>
</citation>
<citation key="ref-11">
<unstructured_citation>“Comparison of 2-d assignment algorithms for sparse, rect- angular, floating point, cost matrices,” in Proceedings of the SDI Panels on Tracking, vol. 4, 1990, pp. 4—81.</unstructured_citation>
</citation>
<citation key="ref-12">
<unstructured_citation>“The auction algorithm: A distributed relaxation method for the assignment problem,” Annals of operations research, vol. 14, no. 1, pp. 105—123, 1988.</unstructured_citation>
</citation>
<citation key="ref-13">
<unstructured_citation>“Signature methods for the assignment problem,” Operations research, vol. 33, no. 3, pp. 527—536, 1985.</unstructured_citation>
</citation>
<citation key="ref-14">
<unstructured_citation>“A primal-dual algorithm for the three-dimensional assign- ment problem,” Cahiers du CERO, vol. 15, pp. 327—336, 1973.</unstructured_citation>
</citation>
<citation key="ref-15">
<unstructured_citation>“An algorithm for the three-index assignment problem,” Operations Research, vol. 39, no. 1, pp. 150—161, 1991.</unstructured_citation>
</citation>
<citation key="ref-16">
<unstructured_citation>“Computational investigations on 3-dimensional axial as- signment problems,” Belgian Journal of Operations Research, Statistics and Com- puter Science, vol. 32, pp. 85—98, 1992.</unstructured_citation>
</citation>
<citation key="ref-17">
<unstructured_citation>“Resource-constrained assignment scheduling,” Operations Research, vol. 34, no. 4, pp. 560—572, 1986.</unstructured_citation>
</citation>
<citation key="ref-18">
<unstructured_citation>“A new relaxation algorithm and passive sensor data asso- ciation,” IEEE Transactions on Automatic Control, vol. 37, no. 2, pp. 198—213, 1992.</unstructured_citation>
</citation>
<citation key="ref-19">
<unstructured_citation>“A lagrangian relaxation algorithm for multidimensional assignment problems arising from multitarget tracking,” SIAM Journal on Optimization, vol. 3, no. 3, pp. 544—563, 1993.</unstructured_citation>
</citation>
<citation key="ref-20">
<unstructured_citation>“K-near optimal solutions to improve data association in multiframe processing,” in SPIE’s International Symposium on Optical Science, Engi- neering, and Instrumentation. International Society for Op- tics and Photonics, 1999, pp. 435—443.</unstructured_citation>
</citation>
<citation key="ref-21">
<unstructured_citation>“A method for the solution of the n th best path problem,” Journal of the ACM (JACM), vol. 6, no. 4, pp. 506—514, 1959.</unstructured_citation>
</citation>
<citation key="ref-22">
<unstructured_citation>Santos “Deviation algorithms for ranking shortest paths,” International Journal of Foundations of Computer Science, vol. 10, no. 03, pp. 247—261, 1999.</unstructured_citation>
</citation>
<citation key="ref-23">
<unstructured_citation>“Solving the k-shortest path problem with time windows in a time varying network,” Operations Research Letters, vol. 36, no. 6, pp. 692—695, 2008.</unstructured_citation>
</citation>
<citation key="ref-24">
<unstructured_citation>“Two algorithms for generating weighted spanning trees in order,” SIAM Journal on Computing, vol. 6, no. 1, pp. 139—150, 1977.</unstructured_citation>
</citation>
<citation key="ref-25">
<unstructured_citation>“On spanning tree problems with multiple objectives,” Annals of Operations Research, vol. 52, no. 4, pp. 209—230, 1994.</unstructured_citation>
</citation>
<citation key="ref-26">
<unstructured_citation>“K-best spanning tree dependency parsing with verb va- lency lexicon reranking,” in 24th International Conference on Computational Linguis- tics (COLING 2012), 2012.</unstructured_citation>
</citation>
<citation key="ref-27">
<unstructured_citation>Veen “Solving the k-best traveling salesman problem,” Computers & operations research, vol. 26, no. 4, pp. 409— 425, 1999.</unstructured_citation>
</citation>
<citation key="ref-28">
<unstructured_citation>“The k best spanning arborescences of a network,” Networks, vol. 10, no. 2, pp. 91—109, 1980.</unstructured_citation>
</citation>
<citation key="ref-29">
<unstructured_citation>“On Finding Ranked Assignments with Application to Mul- titarget Tracking and Motion Correspondence,” IEEE Transactions on Aerospace and Electronic Systems, vol. 31, no. 1, pp. 486—489, 1995.</unstructured_citation>
</citation>
<citation key="ref-30">
<unstructured_citation>“A comparison of two algorithms for determining ranked assignments with application to multitarget tracking and motion correspondence,” IEEE Transactions on Aerospace and Electronic Systems, vol. 33, no. 1, pp. 295—301, 1997.</unstructured_citation>
</citation>
<citation key="ref-31">
<unstructured_citation>“Dynamically adaptable m-best 2-d assignment algorithm and multilevel parallelization,” IEEE Transactions on Aerospace and Electronic Systems, vol. 35, no. 4, pp. 1145—1160, 1999.</unstructured_citation>
</citation>
<citation key="ref-32">
<unstructured_citation>“Multiple object tracking using k-shortest paths optimiza- tion,” IEEE transactions on pattern analysis and machine intelli- gence, vol. 33, no. 9, pp. 1806—1819, 2011. 64 JOURNAL OF ADVANCES IN INFORMATION FUSION VOL. 13, NO. 1 JUNE 2018</unstructured_citation>
</citation>
<citation key="ref-33">
<unstructured_citation>“m-best S-D assignment algorithm with application to mul- titarget tracking,” IEEE Transactions on Aerospace and Electronic Systems, vol. 37, no. 1, pp. 22—39, 2001.</unstructured_citation>
</citation>
<citation key="ref-34">
<unstructured_citation>“A procedure for computing the k best solutions to discrete optimization problems and its application to the shortest path problem,” Management science, vol. 18, no. 7, pp. 401—405, 1972.</unstructured_citation>
</citation>
<citation key="ref-35">
<unstructured_citation>“A note on a new variant of murty’s ranking assignments algorithm,” Quarterly Journal of the Belgian, French and Italian Opera- tions Research Societies, vol. 1, no. 3, pp. 243—255, 2003.</unstructured_citation>
</citation>
<citation key="ref-36">
<unstructured_citation>“Optimizing Murty’s ranked assignment method,” IEEE Transactions on Aerospace and Electronic Systems, vol. 33, no. 3, pp. 851—862, 1997.</unstructured_citation>
</citation>
<citation key="ref-37">
<unstructured_citation>“K best solutions to combinatorial optimization problems,” Annals of Operations Research, vol. 4, no. 1, pp. 123—143, 1985.</unstructured_citation>
</citation>
<citation key="ref-38">
<unstructured_citation>“A binary enumeration tree to find k shortest paths,” in Proc. 7th Symp. operations research, 1983, pp. 177—188.</unstructured_citation>
</citation>
<citation key="ref-39">
<unstructured_citation>“Algorithms for finding k-best perfect matchings,” Discrete applied mathematics, vol. 18, no. 2, pp. 155—165, 1987.</unstructured_citation>
</citation>
<citation key="ref-40">
<unstructured_citation>“Shortlisting top-k assignments,” in Proceedings of the 25th International Conference on Sci- entific and Statistical Database Management. ACM, 2013, p. 21.</unstructured_citation>
</citation>
</citation_list>
</journal_article>
</journal>
</body>
</doi_batch>