<doi_batch xmlns="http://www.crossref.org/schema/4.3.7" xmlns:xsi="http://www.w3.org/2001/XMLSchema-instance" version="4.3.7" xsi:schemaLocation="http://www.crossref.org/schema/4.3.7 http://www.crossref.org/schema/deposit/crossref4.3.7.xsd">
<head>
<doi_batch_id></doi_batch_id>
<timestamp>1645533972.102939</timestamp>
<depositor>
<depositor_name></depositor_name>
<email_address></email_address>
</depositor>
<registrant>WEB-FORM</registrant>
</head>
<body>
<journal>
<journal_metadata>
<full_title>Journal of Advances in Information Fusion</full_title>
<abbrev_title>JAIF</abbrev_title>
<issn media_type="print">1557-6418</issn>
</journal_metadata>
<journal_issue>
<publication_date media_type="print">
<month>June</month>
<day></day>
<year>2018</year>
</publication_date>
<journal_volume>
<volume>13</volume>
</journal_volume>
<issue>1</issue>
</journal_issue>
<journal_article publication_type="full_text">
<titles>
<title>Distributed Fusion Algorithm for Passive Localization of Multiple Transient Emitters</title>
</titles>
<contributors>
<person_name sequence="first" contributor_role="author">
<given_name>Wenbo </given_name>
<surname>Dou</surname>
<ORCID></ORCID>
</person_name>
<person_name sequence="first" contributor_role="author">
<given_name>Yaakov </given_name>
<surname>Bar-Shalom</surname>
<ORCID></ORCID>
</person_name>
<person_name sequence="first" contributor_role="author">
<given_name>Lance </given_name>
<surname>Kaplan</surname>
<ORCID></ORCID>
</person_name>
<person_name sequence="first" contributor_role="author">
<given_name>Jemin </given_name>
<surname>George</surname>
<ORCID></ORCID>
</person_name>
</contributors>
<publication_date media_type="print">
<month>June</month>
<day></day>
<year>2018</year>
</publication_date>
<pages>
<first_page>15</first_page>
<last_page>35</last_page>
</pages>
<citation_list>
<citation key="ref-1">
<unstructured_citation>J. Areta, Y. Bar-Shalom, M. Levedahl, and K. Pattipati Hierarchical track association and fusion for a networked surveillance system. Journal of Advances in Information Fusion, 1, 2 (Dec. 2006), 140—157.</unstructured_citation>
</citation>
<citation key="ref-2">
<unstructured_citation>Estimation with Applications to Tracking and Navigation: Theory, Algorithms and Software. Wiley, 2001.</unstructured_citation>
</citation>
<citation key="ref-3">
<unstructured_citation>Tracking and Data Fusion. YBS Publishing, 2011.</unstructured_citation>
</citation>
<citation key="ref-4">
<unstructured_citation>Pattern Recognition and Machine Learning. Springer-Verlag, 2006.</unstructured_citation>
</citation>
<citation key="ref-5">
<unstructured_citation>Distributed optimization and statistical learning via the alternating direction method of multipliers. Foundations and Trends in Machine Learning, 3, 1 (Jan. 2011), 1—222.</unstructured_citation>
</citation>
<citation key="ref-6">
<unstructured_citation>Hierarchical estimation. In 2nd MIT/ONR Workshop on Distributed Information and Decision Systems Motivated by Naval Command-Control- Communication (C3) Problems, July 1979.</unstructured_citation>
</citation>
<citation key="ref-7">
<unstructured_citation>Comparison of optimal distributed estimation and consen- sus filtering. In Proceedings of 19th International Conference on Informa- tion Fusion, Heidelberg, July 2016.</unstructured_citation>
</citation>
<citation key="ref-8">
<unstructured_citation>Distributed Multitarget Multisensor Tracking. Multitarget-Multisensor Tracking: Applications and</unstructured_citation>
</citation>
</citation_list>
</journal_article>
</journal>
</body>
</doi_batch>