<doi_batch xmlns="http://www.crossref.org/schema/4.3.7" xmlns:xsi="http://www.w3.org/2001/XMLSchema-instance" version="4.3.7" xsi:schemaLocation="http://www.crossref.org/schema/4.3.7 http://www.crossref.org/schema/deposit/crossref4.3.7.xsd">
<head>
<doi_batch_id></doi_batch_id>
<timestamp>1645534110.1021855</timestamp>
<depositor>
<depositor_name></depositor_name>
<email_address></email_address>
</depositor>
<registrant>WEB-FORM</registrant>
</head>
<body>
<journal>
<journal_metadata>
<full_title>Journal of Advances in Information Fusion</full_title>
<abbrev_title>JAIF</abbrev_title>
<issn media_type="print">1557-6418</issn>
</journal_metadata>
<journal_issue>
<publication_date media_type="print">
<month>December</month>
<day></day>
<year>2008</year>
</publication_date>
<journal_volume>
<volume>3</volume>
</journal_volume>
<issue>2</issue>
</journal_issue>
<journal_article publication_type="full_text">
<titles>
<title>General Combination Rules for Qualitative and Quantitative Beliefs</title>
</titles>
<contributors>
<person_name sequence="first" contributor_role="author">
<given_name>Arnaud </given_name>
<surname>Martin</surname>
<ORCID></ORCID>
</person_name>
<person_name sequence="first" contributor_role="author">
<given_name>Christophe </given_name>
<surname>Osswald</surname>
<ORCID></ORCID>
</person_name>
<person_name sequence="first" contributor_role="author">
<given_name>Jean </given_name>
<surname>Dezert</surname>
<ORCID></ORCID>
</person_name>
<person_name sequence="first" contributor_role="author">
<given_name>Florentin </given_name>
<surname>Smarandache</surname>
<ORCID></ORCID>
</person_name>
</contributors>
<publication_date media_type="print">
<month>December</month>
<day></day>
<year>2008</year>
</publication_date>
<pages>
<first_page>67</first_page>
<last_page>89</last_page>
</pages>
<citation_list>
<citation key="ref-1">
<unstructured_citation>A. Appriou Approche générique de la gestion de l’incertain dans les processus de fusion multisenseur. Traitement du Signal, 22, 4 (2005), 307—319.</unstructured_citation>
</citation>
<citation key="ref-2">
<unstructured_citation>Upper and Lower probabilities induced by a multivalued mapping. Annals of Mathematical Statistics, 83 (1967), 325—339.</unstructured_citation>
</citation>
<citation key="ref-3">
<unstructured_citation>A generalization of Bayesian inference. Journal of the Royal Statistical Society, Serie B, 30 (1968), 205—245.</unstructured_citation>
</citation>
<citation key="ref-4">
<unstructured_citation>The cautious rule of combination for belief functions and some extensions. International Conference on Information Fusion, Florence, Italy, July 10—13, 2006.</unstructured_citation>
</citation>
<citation key="ref-5">
<unstructured_citation>Representation and combination of uncertainty with belief functions and possibility measures. Computational Intelligence, 4 (1988), 244—264.</unstructured_citation>
</citation>
<citation key="ref-6">
<unstructured_citation>Possibility Theory: An Approach to Computerized Processing of Uncertainty. New York: Plenum Press, 1988.</unstructured_citation>
</citation>
<citation key="ref-7">
<unstructured_citation>Jousselme Adaptative combination rule and proportional conflict re- distribution rule for information fusion. COGnitive systems with Interactive Sensors, Paris, France, Mar. 2006.</unstructured_citation>
</citation>
<citation key="ref-8">
<unstructured_citation>Independence between safety-control policy and multiple- sensors schemes via Dempster-Shafer theory. IEEE Transaction on Reliability, 40, 2 (1991), 182—188.</unstructured_citation>
</citation>
<citation key="ref-9">
<unstructured_citation>Strategies for combining conflicting dogmatic belief. International Conference on Information Fusion, Cairns, Australia, July 7—10, 2003.</unstructured_citation>
</citation>
<citation key="ref-10">
<unstructured_citation>A new distance between two bodies of evidence. Information Fusion, 2 (2001), 91—101.</unstructured_citation>
</citation>
<citation key="ref-11">
<unstructured_citation>Application of majority voting to pattern recognition: An analysis of its behavior and performance. IEEE Transactions on Systems, Man Cybernetics–Part A: Systems and Humans, 27, 5 (Sept. 1997), 553—568.</unstructured_citation>
</citation>
<citation key="ref-12">
<unstructured_citation>Belief function combination and conflict management. Information Fusion, 3 (2002), 149—162. 86 JOURNAL OF ADVANCES IN INFORMATION FUSION VOL. 3, NO. 2 DECEMBER 2008</unstructured_citation>
</citation>
<citation key="ref-13">
<unstructured_citation>Enrichment of qualitative belief for reasoning under uncer- tainty. International Conference on Information Fusion, Québec City, Canada, July 9—12, 2007.</unstructured_citation>
</citation>
<citation key="ref-14">
<unstructured_citation>A new generalization of the proportional conflict redistri- bution rule stable in terms of decision. Applications and Advances of DSmT for Information Fusion, Book 2, American Research Press, Rehoboth, F. Smaran- dache and J. Dezert (Eds.), 2006, 69—88.</unstructured_citation>
</citation>
<citation key="ref-15">
<unstructured_citation>Toward a combination rule to deal with partial conflict and specificity in belief functions theory. International Conference on Information Fusion, Québec, Canada, July 9—12, 2007.</unstructured_citation>
</citation>
<citation key="ref-16">
<unstructured_citation>Understanding the large family of Dempster-Shafer the- ory’s fusion operators–a decision-based measure. International Conference on Information Fusion, Florence, Italy, July 10—13, 2006.</unstructured_citation>
</citation>
<citation key="ref-17">
<unstructured_citation>A Mathematical Theory of Evidence. Princeton University Press, 1976.</unstructured_citation>
</citation>
<citation key="ref-18">
<unstructured_citation>Applications and Advances of DSmT for Information Fusion (Collected works). American Research Press, Rehoboth, 2004. http://www. gallup.unm.edu/»smarandache/DSmT-book1.pdf.</unstructured_citation>
</citation>
<citation key="ref-19">
<unstructured_citation>Applications and Advances of DSmT for Information Fusion (Collected works, vol. 2.) American Research Press, Rehoboth, 2006. http://www. gallup.unm.edu/»smarandache/DSmT-book2.pdf.</unstructured_citation>
</citation>
<citation key="ref-20">
<unstructured_citation>Applications and Advantages of DSmT for Information Fu- sion (Collected works, vol. 3). American Research Press, Rehoboth, 2009, http://www. gallup.unm.edu/»smarandache/DSmT-book3.pdf.</unstructured_citation>
</citation>
<citation key="ref-21">
<unstructured_citation>Information fusion based on new proportional conflict re- distribution rules. International Conference on Information Fusion, Philadel- phia, PA, July 25—29, 2005.</unstructured_citation>
</citation>
<citation key="ref-22">
<unstructured_citation>Proportional conflict redistribution rules for information fusion. Applications and Advances of DSmT for Information Fusion, Book 2, American Research Press, Rehoboth, F. Smaran- dache and J. Dezert (Eds.), 2006, 3—68.</unstructured_citation>
</citation>
<citation key="ref-23">
<unstructured_citation>An in-depth look at quantitative information fusion rules. In Applications and Advances of DSmT for Information Fusion, Book 2, American Research Press, Rehoboth, F. Smarandache and J. Dezert (Eds.), 2006, 205—235 (origi- nally presented at NASA Langley Research Center, Hamp- ton, VA, on Nov. 5, 2005).</unstructured_citation>
</citation>
<citation key="ref-24">
<unstructured_citation>Qualitative belief conditioning rules (QBCR). International Conference on Information Fusion, Québec City, Canada, July 9—12, 2007.</unstructured_citation>
</citation>
<citation key="ref-25">
<unstructured_citation>Constructing the pignistic probability function in a context of uncertainty. Uncertainty in Artificial Intelligence, 5 (1990), 29—39.</unstructured_citation>
</citation>
<citation key="ref-26">
<unstructured_citation>The combination of evidence in the transferable belief model. IEEE Transactions on Pattern Analysis and Machine Intelli- gence, 12, 5 (1990), 447—458.</unstructured_citation>
</citation>
<citation key="ref-27">
<unstructured_citation>Belief functions: The disjunctive rule of combination and the generalized Bayesian theorem. International Journal of Approximate Reasoning, 9 (1993), 1—35.</unstructured_citation>
</citation>
<citation key="ref-28">
<unstructured_citation>The transferable belief model. Artificial Intelligent, 66 (1994), 191—234.</unstructured_citation>
</citation>
<citation key="ref-29">
<unstructured_citation>The ®-junctions: The commutative and associative non in- teractive combination operators applicable to belief func- tions. Qualitative and Quantitative Practical Reasoning, Springer Verlag, D. Gabbay and R. Kruse and A. Nonnengart and H. J. Ohlbacg, Berlin, 1997, 131—153.</unstructured_citation>
</citation>
<citation key="ref-30">
<unstructured_citation>Combination of Evidence in Dempster-Shafer Theory. SANDIA Tech. Report, SAND2002-0835, Apr. 2002. 96 pages.</unstructured_citation>
</citation>
<citation key="ref-31">
<unstructured_citation>Methods of combining multiple classifiers and their appli- cation to handwriting recognition. IEEE Transactions on Systems, Man Cybernetics, 22, 3 (May 1992), 418—435.</unstructured_citation>
</citation>
<citation key="ref-32">
<unstructured_citation>Hedging in the combination of evidence. Journal of Information and Optimization Science, 4, 1 (1983), 73—81.</unstructured_citation>
</citation>
<citation key="ref-33">
<unstructured_citation>On the relationships of methods of aggregation of evidence in expert systems. Cybernetics and Systems, 16 (1985), 1—21.</unstructured_citation>
</citation>
<citation key="ref-34">
<unstructured_citation>On the Dempster-Shafer framework and new combination rules. Informations Sciences, 41 (1987), 93—137.</unstructured_citation>
</citation>
<citation key="ref-35">
<unstructured_citation>Fuzzy sets as a basis for a theory of possibility. Fuzzy Sets and Systems, 1, 3 (1978), 3—28.</unstructured_citation>
</citation>
<citation key="ref-36">
<unstructured_citation>On the validity of Dempster’s rule of combination. Memo M 79/24, Univ. of California, Berkeley, 1979. MARTIN & OSSWALD: GENERAL COMBINATION RULES FOR QUALITATIVE AND QUANTITATIVE BELIEFS 87</unstructured_citation>
</citation>
</citation_list>
</journal_article>
</journal>
</body>
</doi_batch>