<doi_batch xmlns="http://www.crossref.org/schema/4.3.7" xmlns:xsi="http://www.w3.org/2001/XMLSchema-instance" version="4.3.7" xsi:schemaLocation="http://www.crossref.org/schema/4.3.7 http://www.crossref.org/schema/deposit/crossref4.3.7.xsd">
<head>
<doi_batch_id></doi_batch_id>
<timestamp>1639242239.5479052</timestamp>
<depositor>
<depositor_name></depositor_name>
<email_address></email_address>
</depositor>
<registrant>WEB-FORM</registrant>
</head>
<body>
<journal>
<journal_metadata>
<full_title>Journal of Advances in Information Fusion</full_title>
<abbrev_title>JAIF</abbrev_title>
<issn media_type="print">1557-6418</issn>
</journal_metadata>
<journal_issue>
<publication_date media_type="print">
<month>December</month>
<day></day>
<year>2008</year>
</publication_date>
<journal_volume>
<volume>3</volume>
</journal_volume>
<issue>2</issue>
</journal_issue>
<journal_article publication_type="full_text">
<titles>
<title>Hierarchical Higher Level Data Fusion using Fuzzy Hamming and Hypercube Clustering</title>
</titles>
<contributors>
<person_name sequence="first" contributor_role="author">
<given_name>Kedar </given_name>
<surname>Sambhoos</surname>
<ORCID></ORCID>
</person_name>
<person_name sequence="first" contributor_role="author">
<given_name>Moises </given_name>
<surname>Sudit</surname>
<ORCID></ORCID>
</person_name>
<person_name sequence="first" contributor_role="author">
<given_name>Terry </given_name>
<surname>Rickard</surname>
<ORCID></ORCID>
</person_name>
</contributors>
<publication_date media_type="print">
<month>December</month>
<day></day>
<year>2008</year>
</publication_date>
<pages>
<first_page>90</first_page>
<last_page>106</last_page>
</pages>
<citation_list>
<citation key="ref-1">
<unstructured_citation>M. Balazinska, A. Deshpande, M. Franklin, P. Gibbons, J. Gray, S. Nath, M. Hansen, M. Liebhold, A. Szalay and V. Tao Data management in the worldwide sensor web. Pervasive Computing, IEEE, 6, 2 (Apr.—June 2007), 30—40.</unstructured_citation>
</citation>
<citation key="ref-2">
<unstructured_citation>A knowledge-based decision aid for enhanced situational awareness. In IEEE/AIAA 13th Digital Avionics Systems Conference, 1994, 340—347.</unstructured_citation>
</citation>
<citation key="ref-3">
<unstructured_citation>Pilot’s associate: A cooperative, knowledge-based system application. IEEE Intelligent Systems and Their Applications, 6, 3 (1991), 18—29.</unstructured_citation>
</citation>
<citation key="ref-4">
<unstructured_citation>Estimation of distribution algorithms: A new evolutionary computation approach for graph matching problems. In EMMCVPR ’01: Proceedings of the Third International Workshop on Energy Minimization Methods in Computer Vision and Pattern Recognition, London, UK: Springer- Verlag, 2001, 454—468.</unstructured_citation>
</citation>
<citation key="ref-5">
<unstructured_citation>C. Boeres Inexact graph matching using learning and simulation of bayesian networks. In Proceedings of CaNew workshop, ECAI, 2000.</unstructured_citation>
</citation>
<citation key="ref-6">
<unstructured_citation>C. Boeres Inexact graph matching by means of estimation of distri- bution algorithms. Pattern Recognition, 35, 12 (2002), 2867.</unstructured_citation>
</citation>
<citation key="ref-7">
<unstructured_citation>Fuzzy hamming distance: A new dissimilarity measure. In CPM ’01: Proceedings of the 12th Annual Symposium on Combinatorial Pattern Matching, London, UK: Springer- Verlag, 2001, 86—97.</unstructured_citation>
</citation>
<citation key="ref-8">
<unstructured_citation>A graph distance metric based on the maximal common subgraph. Pattern Recognition Letters, 19, 3—4 (1998), 255.</unstructured_citation>
</citation>
<citation key="ref-9">
<unstructured_citation>Edge rotation and distance between graphs. Cas. Pest. Mat. (Mathematica Bohemica), 110 (1985), 87— 91.</unstructured_citation>
</citation>
<citation key="ref-10">
<unstructured_citation>Reinforcement structure/parameter learning for neural- network-based fuzzy logic control systems. IEEE Transactions on Fuzzy Systems, 2, 1 (1994), 46—63.</unstructured_citation>
</citation>
<citation key="ref-11">
<unstructured_citation>Graph-based technologies for intelligence analysis. Communications of the ACM, 47, 3 (Mar. 2004), 45—47.</unstructured_citation>
</citation>
<citation key="ref-12">
<unstructured_citation>Thirty years of graph matching in pattern recognition. International Journal of Pattern Recognition & Artificial Intelligence, 18, 3 (May 2004), 265—298.</unstructured_citation>
</citation>
<citation key="ref-13">
<unstructured_citation>Pepresenting uncertainties using Bayesian networks. DSTO Electronics and Surveillance Research Laboratory (dsto-tr-0918), Salisbury South Australia, Australia, 199.</unstructured_citation>
</citation>
<citation key="ref-14">
<unstructured_citation>Spatio-temporal pattern detection using dynamic Bayesian networks. In 42nd IEEE Conference on Decision and Control, vol. 5, 2003, 4533—4538.</unstructured_citation>
</citation>
<citation key="ref-15">
<unstructured_citation>A graph distance metric combining maximum common subgraph and minimum common supergraph. Pattern Recognition Letters, 22, 6—7 (2001), 753.</unstructured_citation>
</citation>
<citation key="ref-16">
<unstructured_citation>Neighborhood information dissemination in the star graph. IEEE Transactions on Computers, 49, 12 (2000), 1366— 1370.</unstructured_citation>
</citation>
<citation key="ref-17">
<unstructured_citation>An introduction to multisensor data fusion. Proceedings of the IEEE, 85, 1 (1997), 6.</unstructured_citation>
</citation>
<citation key="ref-18">
<unstructured_citation>A new algorithm for inexact graph matching. In Proceedings of 16th International Conference on Pattern Recognition, vol. 4, 2002, 180—183.</unstructured_citation>
</citation>
<citation key="ref-19">
<unstructured_citation>Fuzzy hamming distance as image similarity measure. In Proceedings of IPMU-2004, Perugia, Italy, 2004, 1517— 1523.</unstructured_citation>
</citation>
<citation key="ref-20">
<unstructured_citation>Fuzzy hamming distance in a content-based image retrieval system. In IEEE International Conference on Fuzzy Systems, vol. 3, 2004, 1721. HIERARCHICAL HIGHER LEVEL DATA FUSION USING FUZZY HAMMING AND HYPERCUBE CLUSTERING 103</unstructured_citation>
</citation>
<citation key="ref-21">
<unstructured_citation>The impact of image partition granularity using fuzzy ham- ming distance as image similarity measure. In Fifteenth Midwest Artificial Intelligence and Cognitive Sciences Conference, Chicago IL, 2004, 111—118.</unstructured_citation>
</citation>
<citation key="ref-22">
<unstructured_citation>Fuzzy hamming distance based banknote validator. In The 14th IEEE International Conference on Fuzzy Systems, 2005, 300—305.</unstructured_citation>
</citation>
<citation key="ref-23">
<unstructured_citation>R. Silverman, and A. Y. Wu An efficient k-means clustering algorithm: analysis and implementation. IEEE Transactions on Pattern Analysis and Machine Intelli- gence, 24, 7 (2002), 881.</unstructured_citation>
</citation>
<citation key="ref-24">
<unstructured_citation>Hybrid fuzzy connectionist rule-based systems and the role of fuzzy rules extraction. In International Joint Conference of the Fourth IEEE Inter- national Conference on Fuzzy Systems and The Second Inter- national Fuzzy Engineering Symposium, vol. 1, 1995, 49—56.</unstructured_citation>
</citation>
<citation key="ref-25">
<unstructured_citation>Using graph distance in object recognition. ACM Eighteenth Annual Computer Science Conference (CSC90), New York, NY, 1990, 43—48.</unstructured_citation>
</citation>
<citation key="ref-26">
<unstructured_citation>Improvements in virtual sensors: Using spatial information to estimate remote sensing spectra. In International Geoscience and Remote Sensing Symposium (IGARSS), vol. 8, Seoul, South Korea, 2005, 5606—5609.</unstructured_citation>
</citation>
<citation key="ref-27">
<unstructured_citation>A method of threat assessment using multiple attribute decision making. In 6th International Conference on Signal Processing, vol. 2, 2002, 1091—1095.</unstructured_citation>
</citation>
<citation key="ref-28">
<unstructured_citation>Fuzzy Logic with Engineering Applications. New York: Wiley, 2nd ed., Aug. 1, 2004.</unstructured_citation>
</citation>
<citation key="ref-29">
<unstructured_citation>Silhouettes: A graphical aid to the interpretation and vali- dation of cluster analysis. Journal of Computational and Applied Mathematics, 1987, 53—65.</unstructured_citation>
</citation>
<citation key="ref-30">
<unstructured_citation>Building a framework for situation awareness. Proceedings of the Seventh International Conference on In- formation Fusion, FUSION 2004, vol. 1, 2004, 219—226.</unstructured_citation>
</citation>
<citation key="ref-31">
<unstructured_citation>Enhancements to high level data fusion using graph match- ing and state space search. Submitted to Information Fusion, 2008.</unstructured_citation>
</citation>
<citation key="ref-32">
<unstructured_citation>Classification of web documents using graph matching. International Journal of Pattern Recognition and Artificial Intelligence, 18, 3 (2004), 475—496.</unstructured_citation>
</citation>
<citation key="ref-33">
<unstructured_citation>K-means-type algorithms: A generalized convergence the- orem and characterization of local optimality. IEEE Transactions on Pattern Analysis and Machine Intelli- gence, 6, 1 (Jan. 1984), 81—87.</unstructured_citation>
</citation>
<citation key="ref-34">
<unstructured_citation>k-neighborhood-covering and -independence problems for chordal graphs. Society for Industrial and Applied Mathematics, 11, 4 (1998), 633—643.</unstructured_citation>
</citation>
<citation key="ref-35">
<unstructured_citation>Virtual sensors: Using data mining to efficiently estimate spectra. IEEE Transactions on Geosciences and Remote Sensing, Special Issue on Advances in Techniques for Analysis of Remotely Sensed Data, 43, 3 (2005), 590—600.</unstructured_citation>
</citation>
<citation key="ref-36">
<unstructured_citation>Revisions to the JDL data fusion model. In Proceedings of the SPIE–The International Society for Optical Engineering, vol. 3719, 1999, 430—41.</unstructured_citation>
</citation>
<citation key="ref-37">
<unstructured_citation>Data association for multiple sensor types using fuzzy logic. In Proceedings of the IEEE Instrumentation and Measure- ment Technology Conference., vol. 3, 2005, 2154—2159.</unstructured_citation>
</citation>
<citation key="ref-38">
<unstructured_citation>Graph distances using graph union. Pattern Recognition Letters, 22, 6—7 (2001), 701.</unstructured_citation>
</citation>
<citation key="ref-39">
<unstructured_citation>Depth-first branch-and-bound versus local search: A case study. In In Proceedings of the 17th National Conference on Artifi- cial Intelligence, 2000, 930—935. 104 JOURNAL OF ADVANCES IN INFORMATION FUSION VOL. 3, NO. 2 DECEMBER 2008</unstructured_citation>
</citation>
</citation_list>
</journal_article>
</journal>
</body>
</doi_batch>