<doi_batch xmlns="http://www.crossref.org/schema/4.3.7" xmlns:xsi="http://www.w3.org/2001/XMLSchema-instance" version="4.3.7" xsi:schemaLocation="http://www.crossref.org/schema/4.3.7 http://www.crossref.org/schema/deposit/crossref4.3.7.xsd">
<head>
<doi_batch_id></doi_batch_id>
<timestamp>1639242245.1959076</timestamp>
<depositor>
<depositor_name></depositor_name>
<email_address></email_address>
</depositor>
<registrant>WEB-FORM</registrant>
</head>
<body>
<journal>
<journal_metadata>
<full_title>Journal of Advances in Information Fusion</full_title>
<abbrev_title>JAIF</abbrev_title>
<issn media_type="print">1557-6418</issn>
</journal_metadata>
<journal_issue>
<publication_date media_type="print">
<month>June</month>
<day></day>
<year>2008</year>
</publication_date>
<journal_volume>
<volume>3</volume>
</journal_volume>
<issue>1</issue>
</journal_issue>
<journal_article publication_type="full_text">
<titles>
<title>Correction of Selection Bias in Traffic Data by Bayesian Network Data Fusion</title>
</titles>
<contributors>
<person_name sequence="first" contributor_role="author">
<given_name>M. </given_name>
<surname>Junghans</surname>
<ORCID></ORCID>
</person_name>
<person_name sequence="first" contributor_role="author">
<given_name>H. </given_name>
<surname>Jentschel</surname>
<ORCID></ORCID>
</person_name>
</contributors>
<publication_date media_type="print">
<month>June</month>
<day></day>
<year>2008</year>
</publication_date>
<pages>
<first_page>50</first_page>
<last_page>62</last_page>
</pages>
<citation_list>
<citation key="ref-1">
<unstructured_citation>Bundesanstalt für Straenwesen (BAST) Technische Lieferbedingungen für Streckenstationen. Abschnitt IV: Prüfungen Verkehrserfassungsgerẗte, 2002.</unstructured_citation>
</citation>
<citation key="ref-2">
<unstructured_citation>Robust techniques for background subtraction in urban traffic video. In Video Communications and Image Processing, SPIE Elec- tronic Imaging, 2004.</unstructured_citation>
</citation>
<citation key="ref-3">
<unstructured_citation>Adaptive online learning of bayesian network parameters. http://www.hpl.hp.com/techreports/2001/HPL-2001-156. html, 2001.</unstructured_citation>
</citation>
<citation key="ref-4">
<unstructured_citation>halter Probabilistic Networks and Expert Systems. New York: Springer, 1999.</unstructured_citation>
</citation>
<citation key="ref-5">
<unstructured_citation>Demining sensor modeling and feature-level fusion by Bayesian networks. IEEE Sensors Journal, 6, 2 (Apr. 2006), 471—483.</unstructured_citation>
</citation>
<citation key="ref-6">
<unstructured_citation>Evaluation of selected video detection systems at signalized intersections. Final Report, FHWA/IN/JTRP-2001/22 (West Lafayette. IN: Indiana Department of Transportation, Division of Re- search, and Purdue University, Nov. 2001).</unstructured_citation>
</citation>
<citation key="ref-7">
<unstructured_citation>Mathematical Techniques in Multisensor Data Fusion. Massachusetts: Artech House, 1992.</unstructured_citation>
</citation>
<citation key="ref-8">
<unstructured_citation>A tutorial on learning with Bayesian networks. Technical Report MSR-TR-95-06, Redmond, 1995. 60 JOURNAL OF ADVANCES IN INFORMATION FUSION VOL. 3, NO. 1 JUNE 2008</unstructured_citation>
</citation>
</citation_list>
</journal_article>
</journal>
</body>
</doi_batch>