<doi_batch xmlns="http://www.crossref.org/schema/4.3.7" xmlns:xsi="http://www.w3.org/2001/XMLSchema-instance" version="4.3.7" xsi:schemaLocation="http://www.crossref.org/schema/4.3.7 http://www.crossref.org/schema/deposit/crossref4.3.7.xsd">
<head>
<doi_batch_id></doi_batch_id>
<timestamp>1645534115.8800373</timestamp>
<depositor>
<depositor_name></depositor_name>
<email_address></email_address>
</depositor>
<registrant>WEB-FORM</registrant>
</head>
<body>
<journal>
<journal_metadata>
<full_title>Journal of Advances in Information Fusion</full_title>
<abbrev_title>JAIF</abbrev_title>
<issn media_type="print">1557-6418</issn>
</journal_metadata>
<journal_issue>
<publication_date media_type="print">
<month>June</month>
<day></day>
<year>2008</year>
</publication_date>
<journal_volume>
<volume>3</volume>
</journal_volume>
<issue>1</issue>
</journal_issue>
<journal_article publication_type="full_text">
<titles>
<title>Dynamic Scheduling of Multiple Hidden Markov Model-Based Sensors</title>
</titles>
<contributors>
<person_name sequence="first" contributor_role="author">
<given_name>W. </given_name>
<surname>An</surname>
<ORCID></ORCID>
</person_name>
<person_name sequence="first" contributor_role="author">
<given_name>S. </given_name>
<surname>Singh</surname>
<ORCID></ORCID>
</person_name>
<person_name sequence="first" contributor_role="author">
<given_name>K. </given_name>
<surname>Pattipati</surname>
<ORCID></ORCID>
</person_name>
<person_name sequence="first" contributor_role="author">
<given_name>D. </given_name>
<surname>Kleinman</surname>
<ORCID></ORCID>
</person_name>
<person_name sequence="first" contributor_role="author">
<given_name>S. </given_name>
<surname>Gokhale</surname>
<ORCID></ORCID>
</person_name>
</contributors>
<publication_date media_type="print">
<month>June</month>
<day></day>
<year>2008</year>
</publication_date>
<pages>
<first_page>33</first_page>
<last_page>49</last_page>
</pages>
<citation_list>
<citation key="ref-1">
<unstructured_citation>L. E. Baum, T. Petrie, G. Soules and N. Weiss A maximization technique occurring in the statistical anal- ysis of probabilistic functions of Markov chains. Ann. of Math. Stat, 41 (1970), 164—171.</unstructured_citation>
</citation>
<citation key="ref-2">
<unstructured_citation>An auction algorithm for shortest paths. SIAM Journal on Optimization, 1 (1991), 425—447.</unstructured_citation>
</citation>
<citation key="ref-3">
<unstructured_citation>Auction algorithms for network flow problems: A tutorial introduction. Computational Optimization and Application, 1 (1992), 7— 66.</unstructured_citation>
</citation>
<citation key="ref-4">
<unstructured_citation>Network optimization: Continuous and discrete models. Athena Scientific, Belmont MA, 1998.</unstructured_citation>
</citation>
<citation key="ref-5">
<unstructured_citation>Rollout algorithms for stochastic scheduling problems. Journal of Heuristics, 5 (1999), 89—108.</unstructured_citation>
</citation>
<citation key="ref-6">
<unstructured_citation>Rollout algorithms for combinatorial optimization. Journal of Heuristics, 3 (1997), 245—262.</unstructured_citation>
</citation>
<citation key="ref-7">
<unstructured_citation>Coupled hidden Markov models for complex action recog- nition. In Proceedings of IEEE Conference on Computer Vision and Pattern Recognition, San Juan, Puerto Rico, 1997, 994—999.</unstructured_citation>
</citation>
<citation key="ref-8">
<unstructured_citation>Sensor scheduling and efficient algorithm implementation for target tracking. Ph. D. Dissertation, Arizona State University, 2006.</unstructured_citation>
</citation>
<citation key="ref-9">
<unstructured_citation>Scalable information-driven sensor querying and routing for Ad Hoc heterogeneous sensor networks. International Journal of High Performance Computing Ap- plications, 16 (2002), 293—313.</unstructured_citation>
</citation>
<citation key="ref-10">
<unstructured_citation>On finding ranked assignments with application to multi- target tracking and motion correspondence. IEEE Transactions on Aerospace and Electronic Systems, 31 (1995), 486—489.</unstructured_citation>
</citation>
<citation key="ref-11">
<unstructured_citation>A note on two problems in connexion with graphs. Numerische Mathematik, 1 (1959), 296—271.</unstructured_citation>
</citation>
<citation key="ref-12">
<unstructured_citation>The hierarchical hidden Markov model: Analysis and ap- plications. Machine Learning, 32 (1997), 41—62.</unstructured_citation>
</citation>
<citation key="ref-13">
<unstructured_citation>Factorial hidden Markov models. Machine Learning, 29 (1997), 245—273.</unstructured_citation>
</citation>
<citation key="ref-14">
<unstructured_citation>W. G. Kemple, K. Pfeiffer, D. Kennedy, H. Oonk, G. Averett and E. E. Entin An investigation of ISR coordination and information pre- sentation strategies to support expeditionary strike groups. 12th ICCRTS, Newport, RI, 2007.</unstructured_citation>
</citation>
<citation key="ref-15">
<unstructured_citation>A shortest augmenting path algorithm for dense and sparse linear assignment problems. Computing, 38 (1987), 325—340.</unstructured_citation>
</citation>
<citation key="ref-16">
<unstructured_citation>Algorithms for optimal scheduling and management of hidden Markov model sensors. IEEE Transactions on Signal Processing, 50 (2002), 1382— 1397.</unstructured_citation>
</citation>
<citation key="ref-17">
<unstructured_citation>On sensor scheduling via information theoretic criteria. IEEE American Control Conference, San Diego, CA, vol. 4, 1999, 2402—2406.</unstructured_citation>
</citation>
<citation key="ref-18">
<unstructured_citation>Optimal control of measurement subsystems. IEEE Transactions on Automatic Control, 12 (1967), 528— 536. 46 JOURNAL OF ADVANCES IN INFORMATION FUSION VOL. 3, NO. 1 JUNE 2008</unstructured_citation>
</citation>
<citation key="ref-19">
<unstructured_citation>Optimizing Murty’s ranked assignment method. IEEE Transactions on Aerospace and Electronic Systems, 33 (1997), 851—862.</unstructured_citation>
</citation>
<citation key="ref-20">
<unstructured_citation>Algorithm for ranking all the assignments in order of increasing cost. Operations Research, 16 (1968), 682—687.</unstructured_citation>
</citation>
<citation key="ref-21">
<unstructured_citation>Dynamically adaptable M-Best 2D assignment and multi- level parallelization. IEEE Transactions on Aerospace and Electronic Systems, 35 (1999), 1145—1160.</unstructured_citation>
</citation>
<citation key="ref-22">
<unstructured_citation>A tutorial on hidden Markov models and selected applica- tions in speech recognition. Proceedings of the IEEE, 77 (1989), 257—286.</unstructured_citation>
</citation>
<citation key="ref-23">
<unstructured_citation>A rollout algorithm to coordinate multiple sensor resources to track and discriminate targets. In Proceeding of SPIE, vol. 6235, Orlando, FL, 2006, 62350E.</unstructured_citation>
</citation>
<citation key="ref-24">
<unstructured_citation>Optimal measurement scheduling for state estimation. IEEE Transactions on Aerospace and Electronic System, 31 (1995), 716—729. Woosun An is currently a Ph.D. student in electrical and computer engineering at the University of Connecticut (UConn). He received his B.S. degree in electrical engineering from the University of Chung Ang, South Korea in 2001. He received his M.S. degree in electrical engineering from the University of Florida in 2005. He received UConn engineering summer fellowship award in 2007 and 2008. His research interests include dynamic sensor scheduling, graphical models, and optimization theory. Satnam Singh is currently a Ph.D. student in electrical and computer engineering at the University of Connecticut (UConn). He received his B.S. degree in chemical engineering from the Indian Institute of Technology (IIT) Rookree, India in 1996. He received his M.S. degree in electrical engineering from the University of Wyoming in 2003. Prior to his graduate studies, he worked as a design engineer in Engineers India Limited, New Delhi, India for 4 years. He is a reviewer for IEEE Potentials magazine for the past three years and he has also served as the President of IEEE Student Branch at UConn during 2003—04. He received UConn engineering summer fellowship award in 2006. His research interests include data mining, graphical models, pattern recognition, fault detection and diagnosis, and optimization theory.</unstructured_citation>
</citation>
</citation_list>
</journal_article>
</journal>
</body>
</doi_batch>