<doi_batch xmlns="http://www.crossref.org/schema/4.3.7" xmlns:xsi="http://www.w3.org/2001/XMLSchema-instance" version="4.3.7" xsi:schemaLocation="http://www.crossref.org/schema/4.3.7 http://www.crossref.org/schema/deposit/crossref4.3.7.xsd">
<head>
<doi_batch_id></doi_batch_id>
<timestamp>1645534115.8595667</timestamp>
<depositor>
<depositor_name></depositor_name>
<email_address></email_address>
</depositor>
<registrant>WEB-FORM</registrant>
</head>
<body>
<journal>
<journal_metadata>
<full_title>Journal of Advances in Information Fusion</full_title>
<abbrev_title>JAIF</abbrev_title>
<issn media_type="print">1557-6418</issn>
</journal_metadata>
<journal_issue>
<publication_date media_type="print">
<month>June</month>
<day></day>
<year>2008</year>
</publication_date>
<journal_volume>
<volume>3</volume>
</journal_volume>
<issue>1</issue>
</journal_issue>
<journal_article publication_type="full_text">
<titles>
<title>From the Editor-in-Chief: June 2008</title>
</titles>
<contributors>
<person_name sequence="first" contributor_role="author">
<given_name>William Dale</given_name>
<surname>Blair</surname>
<ORCID></ORCID>
</person_name>
</contributors>
<publication_date media_type="print">
<month>June</month>
<day></day>
<year>2008</year>
</publication_date>
<pages>
<first_page>1</first_page>
<last_page>2</last_page>
</pages>
<citation_list>
<citation key="ref-1">
<unstructured_citation></unstructured_citation>
</citation>
</citation_list>
</journal_article>
</journal>
</body>
</doi_batch>