<doi_batch xmlns="http://www.crossref.org/schema/4.3.7" xmlns:xsi="http://www.w3.org/2001/XMLSchema-instance" version="4.3.7" xsi:schemaLocation="http://www.crossref.org/schema/4.3.7 http://www.crossref.org/schema/deposit/crossref4.3.7.xsd">
<head>
<doi_batch_id></doi_batch_id>
<timestamp>1645534115.872542</timestamp>
<depositor>
<depositor_name></depositor_name>
<email_address></email_address>
</depositor>
<registrant>WEB-FORM</registrant>
</head>
<body>
<journal>
<journal_metadata>
<full_title>Journal of Advances in Information Fusion</full_title>
<abbrev_title>JAIF</abbrev_title>
<issn media_type="print">1557-6418</issn>
</journal_metadata>
<journal_issue>
<publication_date media_type="print">
<month>June</month>
<day></day>
<year>2008</year>
</publication_date>
<journal_volume>
<volume>3</volume>
</journal_volume>
<issue>1</issue>
</journal_issue>
<journal_article publication_type="full_text">
<titles>
<title>Fusion of Tracks with Road Constraints</title>
</titles>
<contributors>
<person_name sequence="first" contributor_role="author">
<given_name>C. </given_name>
<surname>Yang</surname>
<ORCID></ORCID>
</person_name>
<person_name sequence="first" contributor_role="author">
<given_name>E. </given_name>
<surname>Blasch</surname>
<ORCID></ORCID>
</person_name>
</contributors>
<publication_date media_type="print">
<month>June</month>
<day></day>
<year>2008</year>
</publication_date>
<pages>
<first_page>14</first_page>
<last_page>32</last_page>
</pages>
<citation_list>
<citation key="ref-1">
<unstructured_citation>Y. I. Abromovich and M. B. Sverdlik Synthesis of a filter response which maximizes the signal to noise ratio under additional quadratic constraints. Radio Eng. and Electron. Phys., 5 (Nov. 1970), 1977—1984.</unstructured_citation>
</citation>
<citation key="ref-2">
<unstructured_citation>Road-constraint target tracking and identification using a particle filter. In O. E. Drummond (Ed.), SPIE Proceedings of Signal and Data Processing of Small Targets, vol. 5204, 2003, 532—543.</unstructured_citation>
</citation>
<citation key="ref-3">
<unstructured_citation>Optimal Filtering. Englewood Cliffs, NJ: Prentice-Hall, 1979.</unstructured_citation>
</citation>
<citation key="ref-4">
<unstructured_citation>A variable structure multiple model particle filter for GMTI tracking. In Proceedings of the 5th International Conference on Infor- mation Fusion, Annapolis, MD, July 2002, 927—934.</unstructured_citation>
</citation>
<citation key="ref-5">
<unstructured_citation>Multitarget-Multisensor Tracking: Principles and Techniques. Storrs, CT: YBS Publishing, 1995.</unstructured_citation>
</citation>
<citation key="ref-6">
<unstructured_citation>Design and Analysis of Modern Tracking Systems. Boston, MA: Artrch House, 1999.</unstructured_citation>
</citation>
</citation_list>
</journal_article>
</journal>
</body>
</doi_batch>