<doi_batch xmlns="http://www.crossref.org/schema/4.3.7" xmlns:xsi="http://www.w3.org/2001/XMLSchema-instance" version="4.3.7" xsi:schemaLocation="http://www.crossref.org/schema/4.3.7 http://www.crossref.org/schema/deposit/crossref4.3.7.xsd">
<head>
<doi_batch_id></doi_batch_id>
<timestamp>1645533950.4224076</timestamp>
<depositor>
<depositor_name></depositor_name>
<email_address></email_address>
</depositor>
<registrant>WEB-FORM</registrant>
</head>
<body>
<journal>
<journal_metadata>
<full_title>Journal of Advances in Information Fusion</full_title>
<abbrev_title>JAIF</abbrev_title>
<issn media_type="print">1557-6418</issn>
</journal_metadata>
<journal_issue>
<publication_date media_type="print">
<month>June</month>
<day></day>
<year>2019</year>
</publication_date>
<journal_volume>
<volume>14</volume>
</journal_volume>
<issue>1</issue>
</journal_issue>
<journal_article publication_type="full_text">
<titles>
<title>Game-Theoretic Defense of Adversarial Distributed Support Vector Machines</title>
</titles>
<contributors>
<person_name sequence="first" contributor_role="author">
<given_name>Rui </given_name>
<surname>Zhang</surname>
<ORCID></ORCID>
</person_name>
<person_name sequence="first" contributor_role="author">
<given_name>Quanyan </given_name>
<surname>Zhu</surname>
<ORCID></ORCID>
</person_name>
</contributors>
<publication_date media_type="print">
<month>June</month>
<day></day>
<year>2019</year>
</publication_date>
<pages>
<first_page>3</first_page>
<last_page>21</last_page>
</pages>
<citation_list>
<citation key="ref-1">
<unstructured_citation>T. P. Banerjee and S. Das Multi-sensor data fusion using support vector machine for motor fault detection Information Sciences, 217 (Dec. 2012), pp. 96—107.</unstructured_citation>
</citation>
<citation key="ref-2">
<unstructured_citation>Can machine learning be secure? in Proceedings of the 2006 ACM Symposium on Informa- tion, computer and communications security, ACM, Mar. 2006, pp. 16—25.</unstructured_citation>
</citation>
<citation key="ref-3">
<unstructured_citation>P. Laskov, G. Giacinto, and F. Roli Evasion attacks against machine learning at test time in Machine Learning and Knowledge Discovery in Data- bases, Springer, Sep. 2013, pp. 387—402.</unstructured_citation>
</citation>
<citation key="ref-4">
<unstructured_citation>Distributed optimization and statistical learning via the al- ternating direction method of multipliers Foundations and Trends® in Machine Learning, 3 (July 2011), pp. 1—122.</unstructured_citation>
</citation>
<citation key="ref-5">
<unstructured_citation>Security and privacy in sensor networks Computer, 36 (Oct. 2003), pp. 103—105.</unstructured_citation>
</citation>
<citation key="ref-6">
<unstructured_citation>Robust distributed spectrum sensing in cognitive radio net- works in INFOCOM 2008. The 27th Conference on Computer Communications. IEEE, IEEE, Apr. 2008.</unstructured_citation>
</citation>
<citation key="ref-7">
<unstructured_citation>Sensor network security: a survey IEEECommunications Surveys& Tutorials, 11 (Apr. 2009).</unstructured_citation>
</citation>
<citation key="ref-8">
<unstructured_citation>Modeling the spread of active worms in INFOCOM 2003. Twenty-Second Annual Joint Confer- ence of the IEEE Computer and Communications. IEEE Societies, vol. 3, IEEE, Mar. 2003, pp. 1890—1900.</unstructured_citation>
</citation>
<citation key="ref-9">
<unstructured_citation>Fusion of hyperspectral and lidar remote sensing data for classification of complex forest areas IEEE Transactions on Geoscience and Remote Sensing, 46 (May 2008), pp. 1416—1427.</unstructured_citation>
</citation>
<citation key="ref-10">
<unstructured_citation>Fast svm training algorithm with decomposition on very large data sets IEEE transactions on pattern analysis and machine intelli- gence, 27 (Apr. 2005), pp. 603—618.</unstructured_citation>
</citation>
<citation key="ref-11">
<unstructured_citation>Toward a fully decentralized architecture for multi-sensor data fusion in Robotics and Automation, 1990. Proceedings, 1990 IEEE International Conference on, IEEE, May 1990, pp. 1331—1336.</unstructured_citation>
</citation>
<citation key="ref-12">
<unstructured_citation>Augmented lagrangian and alternating direction methods for convex optimization: A tutorial and some illustrative computational results RUTCOR Research Reports, 32 (Dec. 2012), p. 3.</unstructured_citation>
</citation>
<citation key="ref-13">
<unstructured_citation>Consensus-based distributed support vector machines Journal of Machine Learning Research, 11 (2010), pp. 1663—1707.</unstructured_citation>
</citation>
<citation key="ref-14">
<unstructured_citation></unstructured_citation>
</citation>
<citation key="ref-15">
<unstructured_citation>edu/ml]. irvine, ca: University of california School of Information and Computer Science, 213 (2010).</unstructured_citation>
</citation>
<citation key="ref-16">
<unstructured_citation>On non-ergodic convergence rate of douglas-rachford alter- nating direction method of multipliers Numerische Mathematik, 130 (July 2012), pp. 567—577.</unstructured_citation>
</citation>
<citation key="ref-17">
<unstructured_citation>coby, and A. Schuffenhauer New methods for ligand-based virtual screening: use of data fusion and machine learning to enhance the effectiveness of similarity searching Journal of chemical information and modeling, 46 (Mar. 2006), pp. 462—470.</unstructured_citation>
</citation>
<citation key="ref-18">
<unstructured_citation>J. Tygar Adversarial machine learning in Proceedings of the 4th ACM workshop on Security and artificial intelligence, ACM, Oct. 2011, pp. 43—58.</unstructured_citation>
</citation>
<citation key="ref-19">
<unstructured_citation>A stochastic game theoretic approach to attack prediction and optimal active defense strategy decision in Networking, Sensing and Control, 2008. ICNSC 2008. IEEE International Conference on, IEEE, Apr. 2008, pp. 648—653.</unstructured_citation>
</citation>
<citation key="ref-20">
<unstructured_citation>A game theoretical framework for adversarial learning in CERIAS 9th Annual Information Security Symposium, Citeseer, 2008.</unstructured_citation>
</citation>
<citation key="ref-21">
<unstructured_citation>A wireless sensor network air pollution monitoring system arXiv preprint arXiv:1005.1737, (May 2010). GAME-THEORETIC DEFENSE OF ADVERSARIAL DISTRIBUTED SUPPORT VECTOR MACHINES 19</unstructured_citation>
</citation>
<citation key="ref-22">
<unstructured_citation>A game theoretical model for adversarial learning in Data Mining Workshops, 2009. ICDMW’09. IEEE In- ternational Conference on, IEEE, Dec. 2009, pp. 25—30.</unstructured_citation>
</citation>
<citation key="ref-23">
<unstructured_citation>Hubaux Game theory meets network security and privacy ACM Computing Surveys (CSUR), 45 (June 2013), p. 25.</unstructured_citation>
</citation>
<citation key="ref-24">
<unstructured_citation>Distributed support vector machines IEEE Transactions on Neural Networks, 17 (July 2006), pp. 1091—1097.</unstructured_citation>
</citation>
<citation key="ref-25">
<unstructured_citation>Distributed learning in wireless sensor networks John Wiley & Sons: Chichester, UK, Oct. 2007.</unstructured_citation>
</citation>
<citation key="ref-26">
<unstructured_citation>Communication theory of secrecy systems Bell Labs Technical Journal, 28 (Oct. 1949), pp. 656—715.</unstructured_citation>
</citation>
<citation key="ref-27">
<unstructured_citation>Adaptive markov game theoretic data fusion approach for cyber network defense in Military Communications Conference, 2007. MILCOM 2007. IEEE, IEEE, Oct. 2007, pp. 1—7.</unstructured_citation>
</citation>
<citation key="ref-28">
<unstructured_citation>Modeling node capture attacks in wireless sensor networks in Communication, Control, and Computing, 2008 46th Annual Allerton Conference on, IEEE, Sep. 2008, pp. 1221—1224.</unstructured_citation>
</citation>
<citation key="ref-29">
<unstructured_citation>Core vector machines: Fast svm training on very large data sets Journal of Machine Learning Research, 6 (2005), pp. 363— 392.</unstructured_citation>
</citation>
<citation key="ref-30">
<unstructured_citation>Distributed support vector machines: An overview in Control and Decision Conference (CCDC), 2012 24th Chinese, IEEE, May 2012, pp. 3897—3901.</unstructured_citation>
</citation>
<citation key="ref-31">
<unstructured_citation>Fusion of support vector machines for classification of mul- tisensor data IEEE Transactions on Geoscience and Remote Sensing, 45 (Dec. 2007), pp. 3858—3866.</unstructured_citation>
</citation>
<citation key="ref-32">
<unstructured_citation>Multi-camera spatio-temporal fusion and biased sequence- data learning for security surveillance in Proceedings of the eleventh ACM international confer- ence on Multimedia, ACM, Nov. 2003, pp. 528—538.</unstructured_citation>
</citation>
<citation key="ref-33">
<unstructured_citation>Robustness and regularization of support vector machines Journal of Machine Learning Research, 10 (2009), pp. 1485—1510.</unstructured_citation>
</citation>
<citation key="ref-34">
<unstructured_citation>A game-theoretic defense against data poisoning attacks in distributed support vector machines in Decision and Control (CDC), 2017 IEEE 56th Annual Conference on, IEEE, Dec. 2017, pp. 4582—4587.</unstructured_citation>
</citation>
<citation key="ref-35">
<unstructured_citation>Secure and resilient distributed machine learning under ad- versarial environments in Information Fusion (Fusion), 2015 18th International Conference on, IEEE, July 2015, pp. 644—651.</unstructured_citation>
</citation>
<citation key="ref-36">
<unstructured_citation>Student research highlight: Secure and resilient distributed machine learning under adversarial environments IEEE Aerospace and Electronic Systems Magazine, 31 (Mar. 2016), pp. 34—36.</unstructured_citation>
</citation>
<citation key="ref-37">
<unstructured_citation>A game-theoretic analysis of label flipping attacks on dis- tributed support vector machines in Information Sciences and Systems (CISS), 2017 51st Annual Conference on, IEEE, Mar. 2017, pp. 1—6.</unstructured_citation>
</citation>
<citation key="ref-38">
<unstructured_citation>A game-theoretic approach to design secure and resilient distributed support vector machines IEEE Transactions on Neural Networks and Learning Sys- tems, (Mar. 2018).</unstructured_citation>
</citation>
<citation key="ref-39">
<unstructured_citation>A bi-level game approach to attack-aware cyber insurance of computer networks IEEE Journal on Selected Areas in Communications, 35 (Mar. 2017), pp. 779—794.</unstructured_citation>
</citation>
<citation key="ref-40">
<unstructured_citation>On-line least squares support vector machine algorithm in gas prediction Mining Science and Technology (China), 19 (Mar. 2009), pp. 194—198.</unstructured_citation>
</citation>
<citation key="ref-41">
<unstructured_citation>Game-theoretic methods for robustness, security, and re- silience of cyberphysical control systems: games-in-games principle for optimal cross-layer resilient control systems IEEE control systems, 35 (Feb. 2015), pp. 46—65.</unstructured_citation>
</citation>
<citation key="ref-42">
<unstructured_citation>Game-theoretic approach to feedback-driven multi-stage mov- ing target defense in International Conference on Decision and Game Theory for Security, Springer, Nov. 2013, pp. 246—263.</unstructured_citation>
</citation>
<citation key="ref-43">
<unstructured_citation>Heterogeneous learning in zero-sum stochastic games with incomplete information in Decision and Control (CDC), 2010 49th IEEE Confer- ence on, IEEE, Dec. 2010, pp. 219—224.</unstructured_citation>
</citation>
<citation key="ref-44">
<unstructured_citation>Distributed strategic learning with application to network security in American Control Conference (ACC), 2011, IEEE, June 2011, pp. 4057—4062. 20 JOURNAL OF ADVANCES IN INFORMATION FUSION VOL. 14, NO. 1 JUNE 2019</unstructured_citation>
</citation>
</citation_list>
</journal_article>
</journal>
</body>
</doi_batch>