<doi_batch xmlns="http://www.crossref.org/schema/4.3.7" xmlns:xsi="http://www.w3.org/2001/XMLSchema-instance" version="4.3.7" xsi:schemaLocation="http://www.crossref.org/schema/4.3.7 http://www.crossref.org/schema/deposit/crossref4.3.7.xsd">
<head>
<doi_batch_id></doi_batch_id>
<timestamp>1645533950.4823194</timestamp>
<depositor>
<depositor_name></depositor_name>
<email_address></email_address>
</depositor>
<registrant>WEB-FORM</registrant>
</head>
<body>
<journal>
<journal_metadata>
<full_title>Journal of Advances in Information Fusion</full_title>
<abbrev_title>JAIF</abbrev_title>
<issn media_type="print">1557-6418</issn>
</journal_metadata>
<journal_issue>
<publication_date media_type="print">
<month>June</month>
<day></day>
<year>2019</year>
</publication_date>
<journal_volume>
<volume>14</volume>
</journal_volume>
<issue>1</issue>
</journal_issue>
<journal_article publication_type="full_text">
<titles>
<title>Performance Improvement of Measurement Association Using a System with two 2D Sensors and one 3D Sensor</title>
</titles>
<contributors>
<person_name sequence="first" contributor_role="author">
<given_name>Cesar </given_name>
<surname>Contreras</surname>
<ORCID></ORCID>
</person_name>
<person_name sequence="first" contributor_role="author">
<given_name>John </given_name>
<surname>Langford</surname>
<ORCID></ORCID>
</person_name>
<person_name sequence="first" contributor_role="author">
<given_name>Larry </given_name>
<surname>Ammann</surname>
<ORCID></ORCID>
</person_name>
<person_name sequence="first" contributor_role="author">
<given_name>John </given_name>
<surname>Zweck</surname>
<ORCID></ORCID>
</person_name>
<person_name sequence="first" contributor_role="author">
<given_name>Brian </given_name>
<surname>Marks</surname>
<ORCID></ORCID>
</person_name>
</contributors>
<publication_date media_type="print">
<month>June</month>
<day></day>
<year>2019</year>
</publication_date>
<pages>
<first_page>112</first_page>
<last_page>128</last_page>
</pages>
<citation_list>
<citation key="ref-1">
<unstructured_citation>Y. Bar-Shalom and W.D. Blair Multitarget–Multisensor Tracking: Applications and Advances, vol. III. Norwood,MA:Artech House, 2000.</unstructured_citation>
</citation>
<citation key="ref-2">
<unstructured_citation>Multitarget–Multisensor Tracking: Principles and Techniques. Storrs, CT: YBS Publishing, 1995.</unstructured_citation>
</citation>
<citation key="ref-3">
<unstructured_citation>“Data association,” in Encyclopedia of Systems and Control, J. Baillieul and T. Samad Eds. Berlin, Germany: Springer, 2015, pp. 251–259.</unstructured_citation>
</citation>
<citation key="ref-4">
<unstructured_citation>Tracking and Data Fusion. Storrs, CT: YBS Publishing, 2011.</unstructured_citation>
</citation>
<citation key="ref-5">
<unstructured_citation>“Auction algorithms for network flow problems: A tutorial introduction,” Comput. Optim. Appl., vol. 1, no. 1, pp. 7–66, 1992.</unstructured_citation>
</citation>
<citation key="ref-6">
<unstructured_citation>Design and Analysis ofModern Tracking Systems.Norwood, MA:Artech House, 1999.</unstructured_citation>
</citation>
<citation key="ref-7">
<unstructured_citation>“A multisensor–multitarget data association algorithm for heterogeneous sensors,” IEEE Trans. Aerosp. Electron. Syst., vol. 29, no. 2, pp. 560–568, Apr. 1993.</unstructured_citation>
</citation>
<citation key="ref-8">
<unstructured_citation>“A generalized S-D assignment algorithm for multisensor–multitarget state estimation,” IEEE Trans. Aerosp. Electron. Syst., vol. 33, no. 2, pp. 523–538, Apr. 1997.</unstructured_citation>
</citation>
<citation key="ref-9">
<unstructured_citation>“Nonlinear least-squares estimation for sensor and navigation biases,” in Signal and Data Processing of Small Targets 2006, vol. 6236. Bellingham,WA: International Society for Optics and Photonics, 2006, p. 623617.</unstructured_citation>
</citation>
<citation key="ref-10">
<unstructured_citation>“A shortest augmenting path algorithm for dense and sparse linear assignment problems,” Computing, vol. 38, no. 4, pp. 325–340, 1987.</unstructured_citation>
</citation>
<citation key="ref-11">
<unstructured_citation>Tracking and Sensor Data Fusion: Methodological Framework and Selected Applications. Berlin, Germany: Springer, 2016.</unstructured_citation>
</citation>
<citation key="ref-12">
<unstructured_citation>“Message passing algorithms for scalable multitarget tracking,” Proc. IEEE, vol. 106, no. 2, pp. 221–259, Feb. 2018.</unstructured_citation>
</citation>
<citation key="ref-13">
<unstructured_citation>“Algorithms for the assignment and transportation problems,” J. Soc. Ind. Appl. Math., vol. 5, no. 1, pp. 32–38, 1957.</unstructured_citation>
</citation>
<citation key="ref-14">
<unstructured_citation>Combinatorial Optimization: Algorithms and Complexity. Chelmsford,MA: Courier Corporation, 1982.</unstructured_citation>
</citation>
<citation key="ref-15">
<unstructured_citation>“Model based vehicle detection and tracking for autonomous urban driving,” Auton. Robots, vol. 26, no. 2–3, pp. 123–139, 2009.</unstructured_citation>
</citation>
<citation key="ref-16">
<unstructured_citation>“Multidimensional assignment formulation of data association problems arising from multitarget and multisensor tracking,” Comput. Optim. Appl., vol. 3, no. 1, pp. 27–57, 1994.</unstructured_citation>
</citation>
<citation key="ref-17">
<unstructured_citation>“A new Lagrangian relaxation based algorithm for a class of multidimensional assignment problems,” Comput. Optim. Appl., vol. 8, no. 2, pp. 129–150, 1997.</unstructured_citation>
</citation>
<citation key="ref-18">
<unstructured_citation>“Approaches to multisensor data fusion in target tracking: A survey,” IEEE Trans.Knowl.Data Eng., vol. 18, no. 12, pp. 1696–1710, Dec. 2006.</unstructured_citation>
</citation>
<citation key="ref-19">
<unstructured_citation>and A. Amditis “Multiple hypothesis tracking for automated vehicle perception,” in Proc. Intell. Veh. Symp. Piscataway, NJ: IEEE, 2010, pp. 1122–1127.</unstructured_citation>
</citation>
<citation key="ref-20">
<unstructured_citation>“Tracking-reconstruction or reconstruction-tracking? Comparison of two multiple hypothesis tracking approaches to interpret 3D object motion from several camera views,” in Proc. Workshop Motion Video Comput. Piscataway, NJ: IEEE, 2009, pp. 1–8. 126 JOURNAL OF ADVANCES IN INFORMATION FUSION VOL. 14, NO. 1 JUNE 2019 César Contreras received the Bachelor’s degree and theMaster’s degree in electron- ics engineering fromNuevo Laredo Institute of Technology,Nuevo Laredo,Tamauli- pas, Mexico, in 2000 and 2004, respectively, and the Master’s degree in mathemat- ics from Texas A&M International University, Laredo, TX, USA, in 2014. He held several positions in the industry and is currently working toward the Ph.D. degree in applied mathematics from The University of Texas at Dallas. His research inter- ests include control theory,nonlinear dynamical systems,electromagnetic theory,and semiconductor physics.</unstructured_citation>
</citation>
</citation_list>
</journal_article>
</journal>
</body>
</doi_batch>