<doi_batch xmlns="http://www.crossref.org/schema/4.3.7" xmlns:xsi="http://www.w3.org/2001/XMLSchema-instance" version="4.3.7" xsi:schemaLocation="http://www.crossref.org/schema/4.3.7 http://www.crossref.org/schema/deposit/crossref4.3.7.xsd">
<head>
<doi_batch_id></doi_batch_id>
<timestamp>1645533950.4626374</timestamp>
<depositor>
<depositor_name></depositor_name>
<email_address></email_address>
</depositor>
<registrant>WEB-FORM</registrant>
</head>
<body>
<journal>
<journal_metadata>
<full_title>Journal of Advances in Information Fusion</full_title>
<abbrev_title>JAIF</abbrev_title>
<issn media_type="print">1557-6418</issn>
</journal_metadata>
<journal_issue>
<publication_date media_type="print">
<month>June</month>
<day></day>
<year>2019</year>
</publication_date>
<journal_volume>
<volume>14</volume>
</journal_volume>
<issue>1</issue>
</journal_issue>
<journal_article publication_type="full_text">
<titles>
<title>Tensor Decomposition-Based Multitarget Tracking in Cluttered Environments</title>
</titles>
<contributors>
<person_name sequence="first" contributor_role="author">
<given_name>Felix </given_name>
<surname>Govaers</surname>
<ORCID></ORCID>
</person_name>
<person_name sequence="first" contributor_role="author">
<given_name>Bruno </given_name>
<surname>Demissie</surname>
<ORCID></ORCID>
</person_name>
<person_name sequence="first" contributor_role="author">
<given_name>Altamash </given_name>
<surname>Khan</surname>
<ORCID></ORCID>
</person_name>
<person_name sequence="first" contributor_role="author">
<given_name>Martin </given_name>
<surname>Ulmke</surname>
<ORCID></ORCID>
</person_name>
<person_name sequence="first" contributor_role="author">
<given_name>Wolfgang </given_name>
<surname>Koch</surname>
<ORCID></ORCID>
</person_name>
</contributors>
<publication_date media_type="print">
<month>June</month>
<day></day>
<year>2019</year>
</publication_date>
<pages>
<first_page>86</first_page>
<last_page>97</last_page>
</pages>
<citation_list>
<citation key="ref-1">
<unstructured_citation>Y. Bar-Shalom, X. Li, and T. Kirubarajan Estimation with Applications to Tracking and Navigation. Wiley-Interscience, New York, NY, 2001.</unstructured_citation>
</citation>
<citation key="ref-2">
<unstructured_citation>Tracking and Sensor Data Fusion: Methodological Framework and Selected Applications. Springer, Heidelberg, Germany, 2014.</unstructured_citation>
</citation>
<citation key="ref-3">
<unstructured_citation>“A New Approach to Linear Filtering and Prediction Problems,” Transactions of the ASME—Journal of Basic Engineering, vol. 82, no. Series D, pp. 35–45, 1960.</unstructured_citation>
</citation>
<citation key="ref-4">
<unstructured_citation>“New Extension of the Kalman Filter to Nonlinear Systems,” in Signal Processing, Sensor Fusion, and Target Recognition VI, I. Kadar Ed., vol. 3068, Jul. 1997, pp. 182–193.</unstructured_citation>
</citation>
<citation key="ref-5">
<unstructured_citation>Beyond the Kalman Filter: Particle Filters for Tracking Applications. Artech House, Boston,MA, 2004.</unstructured_citation>
</citation>
<citation key="ref-6">
<unstructured_citation>“Novel Approach to Nonlinear/Non-Gaussian Bayesian State Estimation,” Radar and Signal Processing, IEE Proceedings F, vol. 140, no. 2, pp. 107–113, Apr. 1993.</unstructured_citation>
</citation>
<citation key="ref-7">
<unstructured_citation>“Particle Flow for Nonlinear Filters, Bayesian Decisions and Transport,” in 2013 16th International Conference on Information Fusion (Fusion), Jul. 2013, pp. 1072–1079.</unstructured_citation>
</citation>
<citation key="ref-8">
<unstructured_citation>“Non-Linear and Non-Gaussian State Estimation using log-Homotopy Based Particle Flow Filters,” in Sensor Data Fusion: Trends, Solutions, Applications (SDF), 2014, Oct. 2014, pp. 1–6.</unstructured_citation>
</citation>
<citation key="ref-9">
<unstructured_citation>“Pgf 42: Progressive Gaussian Filtering with a Twist,” in 2013 16th International Conference on Information Fusion (Fusion) Jul. 2013, pp. 1103–1110.</unstructured_citation>
</citation>
<citation key="ref-10">
<unstructured_citation>“Feedback Particle Filter,” IEEE Transactions on Automatic Control, vol. 58, no. 10, pp. 2465–2480, Oct. 2013.</unstructured_citation>
</citation>
<citation key="ref-11">
<unstructured_citation>“Sequential Data Assimilation with a Nonlinear Quasi-Geostrophic Model using Monte Carlo Methods to Forecast Error Statistics,” Journal of Geophysical Research, vol. 99, pp. 10143–10162, 1994.</unstructured_citation>
</citation>
<citation key="ref-12">
<unstructured_citation>“A Gaussian-Mixture Ensemble Transform Filter,” Quarterly Journal of the Royal Meteorological Society, vol. 138, pp. 222–233, Jan. 2012.</unstructured_citation>
</citation>
<citation key="ref-13">
<unstructured_citation>“Ensemble Gaussian Mixture Models for Probability Density Estimation (report),” Computational Statistics, vol. 28, no. 1, p. 127(12), Feb. 2013.</unstructured_citation>
</citation>
<citation key="ref-14">
<unstructured_citation>“Nonlinear Filter Design using Fokker Planck Kolmogorov Probability Density Evolutions,” IEEE Transactions on AeroSpace and Electronic Systems, vol. 36, no. 1, pp. 309–315, Jan. 2000.</unstructured_citation>
</citation>
<citation key="ref-15">
<unstructured_citation>“Algorithms for Numerical Analysis in High Dimensions,” SIAM Journal on Scientific Computing, vol. 26, pp. 2133–2159, 2005.</unstructured_citation>
</citation>
<citation key="ref-16">
<unstructured_citation>“Tensors-Structured Numerical Methods in Scientific Computing: Survey on Recent Advances,” Chemometrics and Intelligent Laboratory Systems, vol. 110, no. 1, pp. 1–19, 2012.</unstructured_citation>
</citation>
<citation key="ref-17">
<unstructured_citation>“Nonlinear Bayesian Filtering Based on Fokker Planck Equation and Tensor Decomposition,” in 2015 18th International Conference on Information Fusion (Fusion), July 2015, pp. 1483–1488.</unstructured_citation>
</citation>
<citation key="ref-18">
<unstructured_citation>“Combining Log-Homotopy Flow with Tensor Decomposition Based Solution for Fokker Planck Equation,” in Proceedings of the 19th International Conference on Information Fusion, Istanbul, Turkey, July 2016.</unstructured_citation>
</citation>
<citation key="ref-19">
<unstructured_citation>“Nonlinear Filter Design using Fokker-Planck Propagator in Kronecker Tensor Format,” in Proceedings of the 19th International Conference on Information Fusion, 2016.</unstructured_citation>
</citation>
<citation key="ref-20">
<unstructured_citation>“The Expression of a Tensor or a Polyadic as a Sum of Products,” Journal of Mathematics and Physics, vol. 6, no.</unstructured_citation>
</citation>
<citation key="ref-21">
<unstructured_citation>dx.doi.org/10.1002/sapm192761164.</unstructured_citation>
</citation>
<citation key="ref-22">
<unstructured_citation>“Tensor Deflation for CANDECOMP/PARAFAC. Part 1: Alternating SubSpace Update Algorithm,” IEEE Transactions on Signal Processing, vol. 63, no. 22, pp. 5924–5938, Nov. 2015. TENSOR DECOMPOSITION-BASED MULTITARGET TRACKING IN CLUTTERED ENVIRONMENTS 95 http://dx.doi.org/10.1002/sapm192761164</unstructured_citation>
</citation>
<citation key="ref-23">
<unstructured_citation>“Most Tensor Problems are NP-Hard,” Journal of the ACM, vol. 60, no. 6, pp. 45:1–45:39, Nov. 2013</unstructured_citation>
</citation>
<citation key="ref-24">
<unstructured_citation></unstructured_citation>
</citation>
<citation key="ref-25">
<unstructured_citation>“Foundations of the PARAFAC Procedure: Models and Conditions for an ‘Explanatory’ Multimodal Factor Analysis,” UCLAWorking Papers in Phonetics, 1970.</unstructured_citation>
</citation>
<citation key="ref-26">
<unstructured_citation>in Signal Processing Handbook, S. Stergiopoulos Ed. CRC Press, Boca Raton, FL, 2000.</unstructured_citation>
</citation>
<citation key="ref-27">
<unstructured_citation>“Multitarget Bayes Filtering via First-Order Multitarget Moments,” IEEE Transactions on Aeropace and Electronic Systems, vol. 39, no. 4, pp. 1152–1178, Nov. 2003.</unstructured_citation>
</citation>
<citation key="ref-28">
<unstructured_citation>Poisson Point Processes: Imaging, Tracking, and Sensing. Springer, 2010.</unstructured_citation>
</citation>
<citation key="ref-29">
<unstructured_citation>Stochastic Methods. Springer, 2009.</unstructured_citation>
</citation>
<citation key="ref-30">
<unstructured_citation>“Multitarget Bayes Filtering via First-Order Multitarget Moments,” IEEE Transactions on Aeropace and Electronic Systems, vol. 39, no. 4, pp. 1152–1178, Oct. 2003.</unstructured_citation>
</citation>
<citation key="ref-31">
<unstructured_citation>“Bayes Derivation of Multitarget Intensity Filters,” in 2008 11th International Conference on Information Fusion, June 2008, pp. 1–8.</unstructured_citation>
</citation>
<citation key="ref-32">
<unstructured_citation>A. Scheel “A Generalised Labelled Multi-Bernoulli Filter for Extended Multi-Target Tracking,” in 2015 18th International Conference on Information Fusion (Fusion), July 2015, pp. 991–998.</unstructured_citation>
</citation>
<citation key="ref-33">
<unstructured_citation>“Particle Filter SLAM with High Dimensional Vehicle Model,” Journal of Intelligent and Robotic Systems, vol.</unstructured_citation>
</citation>
<citation key="ref-34">
<unstructured_citation>http://dx.doi.org/10.1007/s10846-008-9301-y.</unstructured_citation>
</citation>
</citation_list>
</journal_article>
</journal>
</body>
</doi_batch>