<doi_batch xmlns="http://www.crossref.org/schema/4.3.7" xmlns:xsi="http://www.w3.org/2001/XMLSchema-instance" version="4.3.7" xsi:schemaLocation="http://www.crossref.org/schema/4.3.7 http://www.crossref.org/schema/deposit/crossref4.3.7.xsd">
<head>
<doi_batch_id></doi_batch_id>
<timestamp>1645534029.4846096</timestamp>
<depositor>
<depositor_name></depositor_name>
<email_address></email_address>
</depositor>
<registrant>WEB-FORM</registrant>
</head>
<body>
<journal>
<journal_metadata>
<full_title>Journal of Advances in Information Fusion</full_title>
<abbrev_title>JAIF</abbrev_title>
<issn media_type="print">1557-6418</issn>
</journal_metadata>
<journal_issue>
<publication_date media_type="print">
<month>December</month>
<day></day>
<year>2014</year>
</publication_date>
<journal_volume>
<volume>9</volume>
</journal_volume>
<issue>2</issue>
</journal_issue>
<journal_article publication_type="full_text">
<titles>
<title>Bias Estimation and Observability for Optical Sensor Measurements with Targets of Opportunity</title>
</titles>
<contributors>
<person_name sequence="first" contributor_role="author">
<given_name>Djedjiga </given_name>
<surname>Belfadel</surname>
<ORCID></ORCID>
</person_name>
<person_name sequence="first" contributor_role="author">
<given_name>Richard W. Osborne,</given_name>
<surname>III</surname>
<ORCID></ORCID>
</person_name>
<person_name sequence="first" contributor_role="author">
<given_name>Yaakov </given_name>
<surname>Bar-Shalom</surname>
<ORCID></ORCID>
</person_name>
</contributors>
<publication_date media_type="print">
<month>December</month>
<day></day>
<year>2014</year>
</publication_date>
<pages>
<first_page>59</first_page>
<last_page>74</last_page>
</pages>
<citation_list>
<citation key="ref-1">
<unstructured_citation>Y. Bar-Shalom, X.-R. Li, and T. Kirubarajan Estimation with Applications to Tracking and Navigation: Theory, Algorithms and Software. J. Wiley and Sons, 2001.</unstructured_citation>
</citation>
<citation key="ref-2">
<unstructured_citation>Tracking and Data Fusion. YBS Publishing, 2011.</unstructured_citation>
</citation>
<citation key="ref-3">
<unstructured_citation>“A Minimalist Approach to Bias Estimation for Passive Sensor Measurements with Targets of Opportunity,” in Proc. SPIE Conf. Signal and Data Processing of Small Targets, #8857-13, San Diego, California, Aug. 2013.</unstructured_citation>
</citation>
<citation key="ref-4">
<unstructured_citation>“Bias Estimation for Optical Sensor Measurements with Targets of Opportunity,” in Proc. 16th International Conference on Information Fu- sion, Istanbul, Turkey, Jul. 2013.</unstructured_citation>
</citation>
<citation key="ref-5">
<unstructured_citation>“Biased Bearings-Only Parameter Estimation for Bistatic System,” Journal of Electronics (China), vol. 24, no. 3, May 2007.</unstructured_citation>
</citation>
<citation key="ref-6">
<unstructured_citation>“Tracking with Converted Position and Doppler Measure- ments,” in Proc. SPIE Conf. Signal and Data Processing of Small Targets, #8137-12, San Diego, CA, Aug. 2011.</unstructured_citation>
</citation>
<citation key="ref-7">
<unstructured_citation>“Consistent Linear Tracker with Position and Range Rate Measurements,” in Proc. Asilomar Conf., Asilomar, CA, Nov. 2012.</unstructured_citation>
</citation>
<citation key="ref-8">
<unstructured_citation>“Unbiased Tracking with Converted Measurements,” in Proc. 2012 IEEE Radar Conf., Atlanta, GA, May 2012.</unstructured_citation>
</citation>
<citation key="ref-9">
<unstructured_citation>“Unbiased Tracking with Converted Measurements,” in Proc. 51st IEEE Conf. on Decision and Control, Maui, HI, Dec. 2012.</unstructured_citation>
</citation>
<citation key="ref-10">
<unstructured_citation>Y. Bar-Shalom “2D Location Estimation of Angle-Only Sensor Arrays Using Targets of Opportunity,” in Proc. 13th International Conference on Information Fu- sion, Edinburgh, Scotland, Jul. 2010.</unstructured_citation>
</citation>
<citation key="ref-11">
<unstructured_citation>“Bias Estimation Using Targets of Opportunity,” Proc. SPIE Conf. on Signal and Data Processing of Small Targets, #6699, Aug. 2007.</unstructured_citation>
</citation>
<citation key="ref-12">
<unstructured_citation>“Joint MAP Bias Estimation and Data Association: Algo- rithms,” Proc. SPIE Conf. on Signal and Data Processing of Small Targets, #6699-1E, Aug. 2007.</unstructured_citation>
</citation>
<citation key="ref-13">
<unstructured_citation>“Concurrent MAP Data Association and Absolute Bias Estimation with an Arbitrary Number of Sensors,” Proc. SPIE Conf. on Signal and Data Processing of Small Targets, #6969-50, May 2008.</unstructured_citation>
</citation>
<citation key="ref-14">
<unstructured_citation>“Exact Multisensor Dynamic Bias Estimation with Local Tracks,” IEEE Trans. on Aerospace and Electronic Systems, vol. 40, no. 2, pp. 576—590, Apr. 2004.</unstructured_citation>
</citation>
<citation key="ref-15">
<unstructured_citation>“Statistical Efficiency of Composite Position Measurements from Passive Sensors,” in Proc. SPIE Conf. on Signal Proc., Sensor Fusion, and Target Recognition, #8050-07, Orlando, FL, Apr. 2011.</unstructured_citation>
</citation>
<citation key="ref-16">
<unstructured_citation>“Statistical Efficiency of Composite Position Measurements from Passive Sensors,” IEEE Trans. on Aerospace and Electronic Systems, vol. 49, no. 4, Oct. 2013. 72 JOURNAL OF ADVANCES IN INFORMATION FUSION VOL. 9, NO. 2 DECEMBER 2014</unstructured_citation>
</citation>
</citation_list>
</journal_article>
</journal>
</body>
</doi_batch>