<doi_batch xmlns="http://www.crossref.org/schema/4.3.7" xmlns:xsi="http://www.w3.org/2001/XMLSchema-instance" version="4.3.7" xsi:schemaLocation="http://www.crossref.org/schema/4.3.7 http://www.crossref.org/schema/deposit/crossref4.3.7.xsd">
<head>
<doi_batch_id></doi_batch_id>
<timestamp>1639242233.0359678</timestamp>
<depositor>
<depositor_name></depositor_name>
<email_address></email_address>
</depositor>
<registrant>WEB-FORM</registrant>
</head>
<body>
<journal>
<journal_metadata>
<full_title>Journal of Advances in Information Fusion</full_title>
<abbrev_title>JAIF</abbrev_title>
<issn media_type="print">1557-6418</issn>
</journal_metadata>
<journal_issue>
<publication_date media_type="print">
<month>June</month>
<day></day>
<year>2009</year>
</publication_date>
<journal_volume>
<volume>4</volume>
</journal_volume>
<issue>1</issue>
</journal_issue>
<journal_article publication_type="full_text">
<titles>
<title>A Market-based Approach to Sensor Management</title>
</titles>
<contributors>
<person_name sequence="first" contributor_role="author">
<given_name>Viswanath </given_name>
<surname>Avasarala</surname>
<ORCID></ORCID>
</person_name>
<person_name sequence="first" contributor_role="author">
<given_name>Tracy </given_name>
<surname>Mullen</surname>
<ORCID></ORCID>
</person_name>
<person_name sequence="first" contributor_role="author">
<given_name>David </given_name>
<surname>Hall</surname>
<ORCID></ORCID>
</person_name>
</contributors>
<publication_date media_type="print">
<month>June</month>
<day></day>
<year>2009</year>
</publication_date>
<pages>
<first_page>52</first_page>
<last_page>71</last_page>
</pages>
<citation_list>
<citation key="ref-1">
<unstructured_citation>A. Andersson and F. Ygge Managing large scale computational markets. In Proceedings of the Thirty-first Hawaiian International Conference on System Sciences, Software Technology Track, Jan. 1998, 4—13.</unstructured_citation>
</citation>
<citation key="ref-2">
<unstructured_citation>MASM: A market architecture for sensor management in distributed sensor networks. In Proceedings of the SPIE Defense and Security Symposium, Mar. 2005, 5813—30.</unstructured_citation>
</citation>
<citation key="ref-3">
<unstructured_citation>SGA: An approximate combinatorial auction winner deter- mination algorithm for environments with strict real-time constraints. In Proceedings of the IEEE-WIC/Association for Computing Machinery (ACM) International Conference on Intelligent Agent Technology (IAT-06), 571—578.</unstructured_citation>
</citation>
<citation key="ref-4">
<unstructured_citation>Behavioral Game Theory. Princeton, NJ: Princeton University Press, 2003.</unstructured_citation>
</citation>
<citation key="ref-5">
<unstructured_citation>Optimal search strategies for dynamic hypothesis testing. IEEE Transactions on Systems, Man and Cybernetics, 25 (July 1995), 1130—1138.</unstructured_citation>
</citation>
<citation key="ref-6">
<unstructured_citation>Approximate dynamic programming for sensor manage- ment. In Proceedings of the Thirty-sixth Conference on Decision and Control, Dec. 1997, 1202—1207. 68 JOURNAL OF ADVANCES IN INFORMATION FUSION VOL. 4, NO. 1 JUNE 2009</unstructured_citation>
</citation>
<citation key="ref-7">
<unstructured_citation>J. Schvartzman and M. Wellman Walverine: A Walrasian trading agent. Decision Support Systems, 39, 2 (Apr. 2005), 169—184.</unstructured_citation>
</citation>
<citation key="ref-8">
<unstructured_citation>Towards modern sensor management systems. In Proceedings of the Sixth Joint Service Data Fusion Sym- posium, June 14—18, 1993, 659—678.</unstructured_citation>
</citation>
<citation key="ref-9">
<unstructured_citation>Taming the computational complexity of combinatorial auctions: Optimal and approximate approaches. In Proceedings of the 16th International Joint Conference on Artificial Intelligence (IJCAI), 548—553.</unstructured_citation>
</citation>
<citation key="ref-10">
<unstructured_citation>Envy-free auctions for digital goods. In Proceedings of the Fourth Association for Computing (ACM) Conference on Electronic Commerce (EC-03), 29—35.</unstructured_citation>
</citation>
<citation key="ref-11">
<unstructured_citation>Handbook of Multisensor Data Fusion. Boca Raton, FL: CRC Press LLC, 2001.</unstructured_citation>
</citation>
<citation key="ref-12">
<unstructured_citation>Mathematical Techniques in Multisensor Data Fusion (2nd ed.). Norwood, MA: Artech House, 2004.</unstructured_citation>
</citation>
<citation key="ref-13">
<unstructured_citation>Multi-process constrained estimation. IEEE Transaction on Systems, Man, and Cybernetics, 21, 1 (Jan./Feb. 1991), 434—442.</unstructured_citation>
</citation>
<citation key="ref-14">
<unstructured_citation>Goal lattices for sensor management. In Proceedings of the Signal Processing, Sensor Fusion and Target Recognition VIII: SPIE International Symposium on Aerospace/Defense Sensing and Control, Apr. 1999, 249— 255.</unstructured_citation>
</citation>
<citation key="ref-15">
<unstructured_citation>Dynamic goal instantiation in goal lattices for sensor man- agement. In Proceedings of the SPIE, May 2005, 93—99.</unstructured_citation>
</citation>
<citation key="ref-16">
<unstructured_citation>The competitive allocation process is informationally effi- cient uniquely. Journal of Economic Theory, 28, 1 (1982), 1—18.</unstructured_citation>
</citation>
<citation key="ref-17">
<unstructured_citation>Covariance control for multisensor systems. IEEE Transactions on Aerospace Electronic Systems, 38, 4 (Oct. 2002), 1138—1157.</unstructured_citation>
</citation>
<citation key="ref-18">
<unstructured_citation>Discrimination gain for sensor management in multitarget detection and tracking. In Proceedings of the IEEE–Systems, Man and Cybernetics (SMC)/International Association for Mathematics and Com- puters in Simulation (IMACS) Multi-Conference on Computa- tional Engineering in Systems Applications (CESA’96), July 1996, 167—172.</unstructured_citation>
</citation>
<citation key="ref-19">
<unstructured_citation>A solution of the multi-weapon, multi-target assignment problem. WP-26597, The MITRE Corporation, Bedford, MA, 1986.</unstructured_citation>
</citation>
<citation key="ref-20">
<unstructured_citation>Information based sensor management in the presence of uncertainty. IEEE Transactions on Signal Processing, 55, 6 (June 2007), 2731—2735.</unstructured_citation>
</citation>
<citation key="ref-21">
<unstructured_citation>Elements of Pure Economics. Homewood, IL: Irwin, 1954.</unstructured_citation>
</citation>
<citation key="ref-22">
<unstructured_citation>Distributed Sensor Networks: A Multiagent Perspective. Boston, MA: Kluwer Academic Publishers, 2003.</unstructured_citation>
</citation>
<citation key="ref-23">
<unstructured_citation>Amazon.com recommendations: Item-to-item collaborative filtering. IEEE Internet Computing, 7, 1 (Jan. 2003), 76—80.</unstructured_citation>
</citation>
<citation key="ref-24">
<unstructured_citation>Decentralized, adaptive resource allocation for sensor net- works. In Proceedings of the Second The Advanced Computing Systems Association (USENIX)/Association for Computing Machinery (ACM) Symposium on Networked Systems Design & Implementation (NSDI’05), Apr. 2005, pp. 7—13.</unstructured_citation>
</citation>
<citation key="ref-25">
<unstructured_citation>An information-theoretic approach to sensor scheduling. In Proceedings of the SPIE: Signal Processing, Sensor Fu- sion, and Target Recognition V, Apr. 1996, 304—312.</unstructured_citation>
</citation>
<citation key="ref-26">
<unstructured_citation>Sensor management simulation and comparative study. In Proceedings of the SPIE International Symposium on Aerospace/Defense Sensing & Control: Signal Processing, Sensor Fusion, and Target Recognition VI, Apr. 1997.</unstructured_citation>
</citation>
<citation key="ref-27">
<unstructured_citation>Complexity Theory and Network Centric Warfare. CCRP Publication Series, 2003.</unstructured_citation>
</citation>
<citation key="ref-28">
<unstructured_citation>Bringing the market to level 4 fusion: Investigation of auction methods for sensor resource allocation. In Proceedings of the Military Sensing Symposia (MSS) National Symposium on Sensors and Data Fusion (NSSDF), May 2005.</unstructured_citation>
</citation>
<citation key="ref-29">
<unstructured_citation>Customer-driven sensor management. IEEE Intelligent Systems, 21, 2 (2006), 41—49.</unstructured_citation>
</citation>
<citation key="ref-30">
<unstructured_citation>Decision in a building access system using swarm intelli- gence and posets. In Proceedings of the Conference on Information Sciences and Systems, Mar. 2004, 414—419.</unstructured_citation>
</citation>
<citation key="ref-31">
<unstructured_citation>Optimal allocation of tracking resources. In Proceedings of the IEEE Conference on Decision and Control, Dec. 1977, 1177—1180.</unstructured_citation>
</citation>
<citation key="ref-32">
<unstructured_citation>Combinatorial auction for resource allocation in a dis- tributed sensor network. In Proceedings of the The 26th IEEE International Real-Time Systems Symposium (RTSS’05), Dec. 2005, pp. 266—274.</unstructured_citation>
</citation>
<citation key="ref-33">
<unstructured_citation>A utility-based sensing and communication model for a glacial sensor network. In Proceedings of the Fifth International Joint Conference on Autonomous Agents and Multiagent Systems (AAMAS’06), May 2006, 1353—60.</unstructured_citation>
</citation>
<citation key="ref-34">
<unstructured_citation>Foundations of Economic Analysis. Cambridge, MA: Harvard University Press, 1947.</unstructured_citation>
</citation>
<citation key="ref-35">
<unstructured_citation>Algorithm for optimal winner determination in combinato- rial auctions. Artificial Intelligence, 135, 1—2 (Feb. 2002), 1—54.</unstructured_citation>
</citation>
<citation key="ref-36">
<unstructured_citation>Information-based sensor management. In Proceedings of the SPIE: Signal Processing, Sensor Fu- sion, and Target Recognition II, Apr. 1993, 156—64.</unstructured_citation>
</citation>
<citation key="ref-37">
<unstructured_citation>A rollout algorithm to coordinate multiple sensor resources to track and discriminate targets. In Proceedings of the SPIE Conference on Signal Processing, Sensor Fusion and Target Recognition, Apr. 2006. A MARKET-BASED APPROACH TO SENSOR MANAGEMENT 69</unstructured_citation>
</citation>
<citation key="ref-38">
<unstructured_citation>Applying General Equilibrium. New York: Cambridge University Press, 1992.</unstructured_citation>
</citation>
<citation key="ref-39">
<unstructured_citation>Generalized Vickrey auctions. Department of Economics, University of Michigan, 1994.</unstructured_citation>
</citation>
<citation key="ref-40">
<unstructured_citation>and S. Stornetta Spawn: A distributed computational economy. IEEE Transactions on Software Engineering, 18, 103—117.</unstructured_citation>
</citation>
<citation key="ref-41">
<unstructured_citation>Combinatorial auctions for supply chain formation. In Proceedings of the Association for Computing Machinery (ACM) Conference on Electronic Commerce (EC’00), Oct. 2000, 260—269.</unstructured_citation>
</citation>
<citation key="ref-42">
<unstructured_citation>Mason Some economics of market-based distributed scheduling. In Proceedings of the International Conference on Dis- tributed Computing Systems, May 1998, 612—621.</unstructured_citation>
</citation>
<citation key="ref-43">
<unstructured_citation>Stochastic dynamic programming based approaches to sen- sor resource management. In Proceedings of the Fifth International Conference on Information Fusion, 608—615.</unstructured_citation>
</citation>
<citation key="ref-44">
<unstructured_citation>An approximate dynamic programming approach to a com- munication constrained sensor management problem. In Proceedings of the Eighth International Conference on Information Fusion, July 2005.</unstructured_citation>
</citation>
<citation key="ref-45">
<unstructured_citation>Market-Oriented Programming and its Application to Power Load Management. Ph.D. thesis, Department of Computer Science, Lund Uni- versity, ISBN 91-628-3055-4, CODEN LUNDFD6/(NFCS- 1012)/1-224/(1998). 70 JOURNAL OF ADVANCES IN INFORMATION FUSION VOL. 4, NO. 1 JUNE 2009</unstructured_citation>
</citation>
</citation_list>
</journal_article>
</journal>
</body>
</doi_batch>