<doi_batch xmlns="http://www.crossref.org/schema/4.3.7" xmlns:xsi="http://www.w3.org/2001/XMLSchema-instance" version="4.3.7" xsi:schemaLocation="http://www.crossref.org/schema/4.3.7 http://www.crossref.org/schema/deposit/crossref4.3.7.xsd">
<head>
<doi_batch_id></doi_batch_id>
<timestamp>1645534104.6171467</timestamp>
<depositor>
<depositor_name></depositor_name>
<email_address></email_address>
</depositor>
<registrant>WEB-FORM</registrant>
</head>
<body>
<journal>
<journal_metadata>
<full_title>Journal of Advances in Information Fusion</full_title>
<abbrev_title>JAIF</abbrev_title>
<issn media_type="print">1557-6418</issn>
</journal_metadata>
<journal_issue>
<publication_date media_type="print">
<month>June</month>
<day></day>
<year>2009</year>
</publication_date>
<journal_volume>
<volume>4</volume>
</journal_volume>
<issue>1</issue>
</journal_issue>
<journal_article publication_type="full_text">
<titles>
<title>T2T and M2T Association with Combined Hypotheses </title>
</titles>
<contributors>
<person_name sequence="first" contributor_role="author">
<given_name>Javier </given_name>
<surname>Areta</surname>
<ORCID></ORCID>
</person_name>
<person_name sequence="first" contributor_role="author">
<given_name>Yaakov </given_name>
<surname>Bar-Shalom</surname>
<ORCID></ORCID>
</person_name>
<person_name sequence="first" contributor_role="author">
<given_name>Krishna R.</given_name>
<surname>Pattipati</surname>
<ORCID></ORCID>
</person_name>
</contributors>
<publication_date media_type="print">
<month>June</month>
<day></day>
<year>2009</year>
</publication_date>
<pages>
<first_page>40</first_page>
<last_page>51</last_page>
</pages>
<citation_list>
<citation key="ref-1">
<unstructured_citation>J. Areta, Y. Bar-Shalom, M. Levedahl and K. Pattipati Hierarchical track association and fusion for a networked surveillance system. Journal of Advances in Information Fusion, 1, 2 (Dec. 2006), 140—157.</unstructured_citation>
</citation>
<citation key="ref-2">
<unstructured_citation>The dimensionless score function for measurement to track association. IEEE Transactions on Aerospace and Electronic Systems, 43, 1 (Jan. 2007), 392—400.</unstructured_citation>
</citation>
<citation key="ref-3">
<unstructured_citation>Multisensor track-to-track association for tracks with de- pendent errors. Journal of Advances in Information Fusion, 1, 1 (July 2006), 3—14.</unstructured_citation>
</citation>
<citation key="ref-4">
<unstructured_citation>Estimation with Applications to Tracking and Navigation: Theory, Algorithms and Software. New York: Wiley, 2001.</unstructured_citation>
</citation>
<citation key="ref-5">
<unstructured_citation>Coordinated presentation of multiple hypotheses in multi- target tracking. In Proceedings of SPIE Conference on Small Target Tracking, #1096-1, 1989, 152—157.</unstructured_citation>
</citation>
<citation key="ref-6">
<unstructured_citation>A. Poore and M. Levedahl Short-term ambiguity assessment to augment tracking data association information. In Proceedings of 8th Intenational Conference on Information Fusion, Philadelphia, PA, 2005.</unstructured_citation>
</citation>
<citation key="ref-7">
<unstructured_citation>Passive multisensor data association using a new relaxation algorithm. In Y. Bar-Shalom (Ed.), Multitarget-Multisensor Track- ing: Advanced Applications, Artech House, 1990, ch. 7. Reprinted by YBS Publishing, 1998.</unstructured_citation>
</citation>
<citation key="ref-8">
<unstructured_citation>An m-best multidimensional data association algorithm for multisensor multitarget tracking. IEEE Transactions on Aerospace and Electronic Systems, 37, 1 (Jan. 2001), 22—39. 48 JOURNAL OF ADVANCES IN INFORMATION FUSION VOL. 4, NO. 1 JUNE 2009</unstructured_citation>
</citation>
</citation_list>
</journal_article>
</journal>
</body>
</doi_batch>