<doi_batch xmlns="http://www.crossref.org/schema/4.3.7" xmlns:xsi="http://www.w3.org/2001/XMLSchema-instance" version="4.3.7" xsi:schemaLocation="http://www.crossref.org/schema/4.3.7 http://www.crossref.org/schema/deposit/crossref4.3.7.xsd">
<head>
<doi_batch_id></doi_batch_id>
<timestamp>1645534141.6700218</timestamp>
<depositor>
<depositor_name></depositor_name>
<email_address></email_address>
</depositor>
<registrant>WEB-FORM</registrant>
</head>
<body>
<journal>
<journal_metadata>
<full_title>Journal of Advances in Information Fusion</full_title>
<abbrev_title>JAIF</abbrev_title>
<issn media_type="print">1557-6418</issn>
</journal_metadata>
<journal_issue>
<publication_date media_type="print">
<month>June</month>
<day></day>
<year>2006</year>
</publication_date>
<journal_volume>
<volume>1</volume>
</journal_volume>
<issue>1</issue>
</journal_issue>
<journal_article publication_type="full_text">
<titles>
<title>Augmented State Integrated Probabilistic Data Association Smoothing for Automatic Track Initiation in Clutter</title>
</titles>
<contributors>
<person_name sequence="first" contributor_role="author">
<given_name>Rajib </given_name>
<surname>Chakravorty</surname>
<ORCID></ORCID>
</person_name>
<person_name sequence="first" contributor_role="author">
<given_name>Subhash </given_name>
<surname>Challa</surname>
<ORCID></ORCID>
</person_name>
</contributors>
<publication_date media_type="print">
<month>June</month>
<day></day>
<year>2006</year>
</publication_date>
<pages>
<first_page>63</first_page>
<last_page>74</last_page>
</pages>
<citation_list>
<citation key="ref-1">
<unstructured_citation>Y. Bar-Shalom Tracking methods in a multitarget environment. IEEE Transactions on Automatic Control, 4 (1978), 618— 626. 72 JOURNAL OF ADVANCES IN INFORMATION FUSION VOL. 1, NO. 1 JULY 2006</unstructured_citation>
</citation>
<citation key="ref-2">
<unstructured_citation>Automatic track formation in clutter with a recursive algo- rithm. In Proceedings of the 28th IEEE Conference on Decision and Control, vol. 2, 1989, 1402—1408.</unstructured_citation>
</citation>
<citation key="ref-3">
<unstructured_citation>Estimation and Tracking: Principle and Software. Boston: Artech House, 1993.</unstructured_citation>
</citation>
<citation key="ref-4">
<unstructured_citation>Multitarget-Multisensor Tracking: Principles and Techniques. Storrs, CT: 1995.</unstructured_citation>
</citation>
<citation key="ref-5">
<unstructured_citation>Tracking in a cluttered environment with probabilistic data association. Automatica, 11 (1975), 451—460.</unstructured_citation>
</citation>
<citation key="ref-6">
<unstructured_citation>Sliding window detection probabilities. IEEE Transactions of Aerospace and Electronic Systems, AES-12 (1976), 815—819.</unstructured_citation>
</citation>
<citation key="ref-7">
<unstructured_citation>A single lag smoothing technique for track maintenance in clutter. In Proceedings of IEEE conference of Cybernetics and Intel- ligent Systems, vol. 2, Dec. 1—3, 2004, 1265—1269.</unstructured_citation>
</citation>
<citation key="ref-8">
<unstructured_citation>Fixed lag smoothing technique for track maintenance in clutter. In Proceedings of International Conference on Intelligent Sensors, Sensor Networks and Information Processing, Dec. 14—17, 2004, 119—124.</unstructured_citation>
</citation>
<citation key="ref-9">
<unstructured_citation>Smoothing framework for automatic track initiation in clut- ter. In Proceedings of 7th International Conference on Informa- tion Fusion, vol. 1, July 25—28, 2005, 54—61.</unstructured_citation>
</citation>
<citation key="ref-10">
<unstructured_citation>Target tracking–A Bayesian perspective. In Fourteenth International Conference on Digital Signal Processing, vol. 1, 2002, 437—440.</unstructured_citation>
</citation>
<citation key="ref-11">
<unstructured_citation>A Bayesian solution and its approximations to out-of- sequence measurement problems. Information Fusion, vol. 4, 2003, 185—199.</unstructured_citation>
</citation>
<citation key="ref-12">
<unstructured_citation>Multisensor tracking of a maneuvering target in clutter using IMMPDA fixed-lag smoothing. IEEE Transactions on Aerospace and Electronic Systems, 36, 3 (2000), 983—991.</unstructured_citation>
</citation>
<citation key="ref-13">
<unstructured_citation>Interacting multiple-model approach to fixed interval smoothing. In Proceedings of the 32nd IEEE Conference on Decision and Control, vol. 4, Dec. 15—17, 1993, 3052—3057.</unstructured_citation>
</citation>
<citation key="ref-14">
<unstructured_citation>One step fixed-lag smoothers for Markovian switching systems. IEEE Transactions on Automatic Control, 41, 7 (July 1996), 1051—1056.</unstructured_citation>
</citation>
<citation key="ref-15">
<unstructured_citation>A new approach to linear filtering and prediction problems. Transactions on ASME, Journal of Engineering, 82 (Mar. 1960), 34—45.</unstructured_citation>
</citation>
<citation key="ref-16">
<unstructured_citation>New results in linear filtering and prediction theory. Transactions on ASME, Journal of Engineering, 83 (Mar. 1961), 95—108.</unstructured_citation>
</citation>
<citation key="ref-17">
<unstructured_citation>Improved multi-target tracking in clutter by PDA smooth- ing. IEEE Transactions on Aerospace and Electronic Systems, 26, 1 (1990), 113—121.</unstructured_citation>
</citation>
<citation key="ref-18">
<unstructured_citation>Joint integrated probabilistic data association: JIPDA. In Proceedings of the Fifth International Conference on Information Fusion, vol. 2, July 8—11, 2002, 1120—1125.</unstructured_citation>
</citation>
<citation key="ref-19">
<unstructured_citation>Tracking in clutter using probabilistic data association. In Proceedings of International Conference on Radar, Oct. 12—13, 1992, 82—85.</unstructured_citation>
</citation>
<citation key="ref-20">
<unstructured_citation>Linear joint integrated probabilistic data association: JIPDA. In Proceedings of the 41st IEEE Conference on Decision and Control, vol. 3, Dec. 10—13, 2002, 2415—2420.</unstructured_citation>
</citation>
<citation key="ref-21">
<unstructured_citation>Joint integrated probabilistic data association: JIPDA. IEEE Transactions on Aerospace and Electronic Systems, 40, 3 (July 2004), 1093—1099.</unstructured_citation>
</citation>
<citation key="ref-22">
<unstructured_citation>Integrated probabilistic data association (IPDA). In Proceedings of the 31st IEEE Conference on Decision and Control, vol. 4, Dec. 16—18, 1992, 3796—3798.</unstructured_citation>
</citation>
<citation key="ref-23">
<unstructured_citation>Integrated probabilistic data association. IEEE Transactions on Automatic Control, 39, 6 (June 1994), 1237—1241.</unstructured_citation>
</citation>
<citation key="ref-24">
<unstructured_citation>Performance enhancement of the IMM estimation by smoothing. In Proceedings of 5th International conference on Informa- tion Fusion, Annapolis, MD, 713—720.</unstructured_citation>
</citation>
<citation key="ref-25">
<unstructured_citation>Augmented state IMM-PDA for OOSM solution to maneu- vering target tracking in clutter. In Proceedings of International Radar Conference, 2003, 479—485. CHAKRAVORTY & CHALLA: AUGMENTED STATE INTEGRATED PROBABILISTIC DATA ASSOCIATION SMOOTHING 73</unstructured_citation>
</citation>
</citation_list>
</journal_article>
</journal>
</body>
</doi_batch>