<doi_batch xmlns="http://www.crossref.org/schema/4.3.7" xmlns:xsi="http://www.w3.org/2001/XMLSchema-instance" version="4.3.7" xsi:schemaLocation="http://www.crossref.org/schema/4.3.7 http://www.crossref.org/schema/deposit/crossref4.3.7.xsd">
<head>
<doi_batch_id></doi_batch_id>
<timestamp>1639242270.3551464</timestamp>
<depositor>
<depositor_name></depositor_name>
<email_address></email_address>
</depositor>
<registrant>WEB-FORM</registrant>
</head>
<body>
<journal>
<journal_metadata>
<full_title>Journal of Advances in Information Fusion</full_title>
<abbrev_title>JAIF</abbrev_title>
<issn media_type="print">1557-6418</issn>
</journal_metadata>
<journal_issue>
<publication_date media_type="print">
<month>June</month>
<day></day>
<year>2006</year>
</publication_date>
<journal_volume>
<volume>1</volume>
</journal_volume>
<issue>1</issue>
</journal_issue>
<journal_article publication_type="full_text">
<titles>
<title>From the Editor-in-Chief: June 2006</title>
</titles>
<contributors>
<person_name sequence="first" contributor_role="author">
<given_name>William Dale</given_name>
<surname>Blair</surname>
<ORCID></ORCID>
</person_name>
</contributors>
<publication_date media_type="print">
<month>June</month>
<day></day>
<year>2006</year>
</publication_date>
<pages>
<first_page>1</first_page>
<last_page>2</last_page>
</pages>
<citation_list>
<citation key="ref-1">
<unstructured_citation>R. Schaller Moore's law: Past, present, and future. IEEE Spectrum, June 1997, 53—59.</unstructured_citation>
</citation>
<citation key="ref-2">
<unstructured_citation>www.wikipedia.org. Jan. 31, 2007. high standards for the peer review process through an editorial board with strong academic and indus- trial backgrounds. Prior to publication, each manuscript will require a review from at least three referees and manuscript corrections that address any shortcoming identified by the referees and editors. The inside of the front cover gives the scope of JAIF and the editorial board and their associated technical areas. Additional information on the editorial process and board is avail- able at http://www.isif.org.</unstructured_citation>
</citation>
</citation_list>
</journal_article>
</journal>
</body>
</doi_batch>