<doi_batch xmlns="http://www.crossref.org/schema/4.3.7" xmlns:xsi="http://www.w3.org/2001/XMLSchema-instance" version="4.3.7" xsi:schemaLocation="http://www.crossref.org/schema/4.3.7 http://www.crossref.org/schema/deposit/crossref4.3.7.xsd">
<head>
<doi_batch_id></doi_batch_id>
<timestamp>1645534141.6326356</timestamp>
<depositor>
<depositor_name></depositor_name>
<email_address></email_address>
</depositor>
<registrant>WEB-FORM</registrant>
</head>
<body>
<journal>
<journal_metadata>
<full_title>Journal of Advances in Information Fusion</full_title>
<abbrev_title>JAIF</abbrev_title>
<issn media_type="print">1557-6418</issn>
</journal_metadata>
<journal_issue>
<publication_date media_type="print">
<month>June</month>
<day></day>
<year>2006</year>
</publication_date>
<journal_volume>
<volume>1</volume>
</journal_volume>
<issue>1</issue>
</journal_issue>
<journal_article publication_type="full_text">
<titles>
<title>Multisensor Track-to-Track Association for Tracks with Dependent Errors</title>
</titles>
<contributors>
<person_name sequence="first" contributor_role="author">
<given_name>Yaakov </given_name>
<surname>Bar-Shalom</surname>
<ORCID></ORCID>
</person_name>
<person_name sequence="first" contributor_role="author">
<given_name>Huimin </given_name>
<surname>Chen</surname>
<ORCID></ORCID>
</person_name>
</contributors>
<publication_date media_type="print">
<month>June</month>
<day></day>
<year>2006</year>
</publication_date>
<pages>
<first_page>3</first_page>
<last_page>14</last_page>
</pages>
<citation_list>
<citation key="ref-1">
<unstructured_citation>J. Areta, Y. Bar-Shalom and M. Levedahl A hierarchical benchmark association problem in missile defense. In Proceedings of SPIE Conference on Signal and Data Processing of Small Targets, #5913-38, San Diego, CA, Aug. 2005.</unstructured_citation>
</citation>
<citation key="ref-2">
<unstructured_citation>Multitarget-Multisensor Tracking: Principles and Techniques. Storrs, CT: YBS Publishing, 1995.</unstructured_citation>
</citation>
<citation key="ref-3">
<unstructured_citation>Multitarget-Multisensor Tracking: Applications and Advances, vol. III. Dedham, MA: Artech House, 2000.</unstructured_citation>
</citation>
<citation key="ref-4">
<unstructured_citation>Estimation with Applications to Tracking and Navigation: Algorithms and Software for Information Extraction. New York: Wiley, 2001.</unstructured_citation>
</citation>
<citation key="ref-5">
<unstructured_citation>Hierarchical tracking for the real world. In Proceedings of SPIE Conference on Signal Process- ing, Sensor Fusion and Target Recognition, #5429-65, Or- lando, FL, Apr. 2004. To appear in IEEE Transactions on Aerospace and Electronic Systems, 42, 3 (July 2006).</unstructured_citation>
</citation>
<citation key="ref-6">
<unstructured_citation>Multisensor track-to-track association for tracks with de- pendent errors. In Proceedings of the 43rd IEEE Conference on Decision and Control, Nassau, Bahamas, Dec. 2004.</unstructured_citation>
</citation>
<citation key="ref-7">
<unstructured_citation>The dimensionless score function for measurement to track association. In Proceedings of SPIE Conference on Signal and Data Processing of Small Targets, #5913-50, San Diego, CA, Aug. 2005. To appear in IEEE Transactions on Aerospace and Electronic Systems, 2006.</unstructured_citation>
</citation>
<citation key="ref-8">
<unstructured_citation>An essay towards solving a problem in the doctrine of chances. Phil. Trans., 52, 1764, 370—418.</unstructured_citation>
</citation>
<citation key="ref-9">
<unstructured_citation>Design and Analysis of Modern Tracking Systems. Dedham, MA: Artech House, 1999.</unstructured_citation>
</citation>
<citation key="ref-10">
<unstructured_citation>The Innovative Ideas of Bayes. Private Communication, 2005.</unstructured_citation>
</citation>
<citation key="ref-11">
<unstructured_citation>Performance limits of track-to-track fusion vs. centralized estimation: theory and application. IEEE Transactions on Aerospace and Electronic Systems, 39, 2 (Apr. 2003), 386—400.</unstructured_citation>
</citation>
<citation key="ref-12">
<unstructured_citation>Data association with possibly unresolved measurements using linear programming. In Proceedings of the 5th ONR/GTRI Workshop on Target Tracking, Newport, RI, June 2002.</unstructured_citation>
</citation>
<citation key="ref-13">
<unstructured_citation>Distributed multitarget multisensor tracking. Y. Bar-Shalom (Ed.), Multitarget-Multisensor Tracking: Ad- vanced Applications, vol. I, Dedham, MA: Artech House, 1990.</unstructured_citation>
</citation>
<citation key="ref-14">
<unstructured_citation>Assignment costs for multiple sensor track-to-track associ- ation. In Proceedings of International Conference on Information Fusion, Stockholm, Sweden, July 2004.</unstructured_citation>
</citation>
<citation key="ref-15">
<unstructured_citation>Simulation studies of multisensor track association and fusion methods. In Proceedings of 2006 IEEE/AIAA Aerospace Conference, Big Sky, MT, Mar. 2006.</unstructured_citation>
</citation>
<citation key="ref-16">
<unstructured_citation>Choosing a track association method. Information Fusion, 3, 2 (2002), 119—133.</unstructured_citation>
</citation>
<citation key="ref-17">
<unstructured_citation>Multisensor bias estimation using local tracks without a priori association. In Proceedings of SPIE Conference on Signal and Data Processing of Small Targets, #5204-70, San Diego, CA, Aug. 2003. 12 JOURNAL OF ADVANCES IN INFORMATION FUSION VOL. 1, NO. 1 JULY 2006</unstructured_citation>
</citation>
<citation key="ref-18">
<unstructured_citation>Probability, Random Variables and Stochastic Processes. New York: McGraw Hill, 2002.</unstructured_citation>
</citation>
<citation key="ref-19">
<unstructured_citation>Survey of assignment techniques for multitarget tracking. Y. Bar-Shalom and W. Dale Blair (Eds.), Multitarget- Multisensor Tracking: Applications and Advances, vol. III, Dedham, MA: Artech House, 2000, Ch. 2.</unstructured_citation>
</citation>
</citation_list>
</journal_article>
</journal>
</body>
</doi_batch>