<doi_batch xmlns="http://www.crossref.org/schema/4.3.7" xmlns:xsi="http://www.w3.org/2001/XMLSchema-instance" version="4.3.7" xsi:schemaLocation="http://www.crossref.org/schema/4.3.7 http://www.crossref.org/schema/deposit/crossref4.3.7.xsd">
<head>
<doi_batch_id></doi_batch_id>
<timestamp>1639242217.0909193</timestamp>
<depositor>
<depositor_name></depositor_name>
<email_address></email_address>
</depositor>
<registrant>WEB-FORM</registrant>
</head>
<body>
<journal>
<journal_metadata>
<full_title>Journal of Advances in Information Fusion</full_title>
<abbrev_title>JAIF</abbrev_title>
<issn media_type="print">1557-6418</issn>
</journal_metadata>
<journal_issue>
<publication_date media_type="print">
<month>December</month>
<day></day>
<year>2010</year>
</publication_date>
<journal_volume>
<volume>5</volume>
</journal_volume>
<issue>2</issue>
</journal_issue>
<journal_article publication_type="full_text">
<titles>
<title>A Decision-Centric Framework for Density Forecasting</title>
</titles>
<contributors>
<person_name sequence="first" contributor_role="author">
<given_name>Gabriel </given_name>
<surname>Terejanu</surname>
<ORCID></ORCID>
</person_name>
<person_name sequence="first" contributor_role="author">
<given_name>Puneet </given_name>
<surname>Singla</surname>
<ORCID></ORCID>
</person_name>
<person_name sequence="first" contributor_role="author">
<given_name>Tarunraj </given_name>
<surname>Singh</surname>
<ORCID></ORCID>
</person_name>
<person_name sequence="first" contributor_role="author">
<given_name>Peter D.</given_name>
<surname>Scott</surname>
<ORCID></ORCID>
</person_name>
</contributors>
<publication_date media_type="print">
<month>December</month>
<day></day>
<year>2010</year>
</publication_date>
<pages>
<first_page>75</first_page>
<last_page>87</last_page>
</pages>
<citation_list>
<citation key="ref-1">
<unstructured_citation>R. Ababou and A. C. Bagtzoglou Bigflow: A numerical code for simulating flow in variably saturated, heterogeneous geologic media. Theory and user’s manual, version 1.1. Technical report, Nuclear Regulatory Commission, Wash- ington, D.C. (United States). Div. of Regulatory Applica- tions, NUREG/CR-6028, 1993.</unstructured_citation>
</citation>
<citation key="ref-2">
<unstructured_citation>Nonlinear Bayesian estimation using Gaussian sum approx- imations. IEEE Transactions on Automatic Control, 17, 4 (1972), 439— 448.</unstructured_citation>
</citation>
<citation key="ref-3">
<unstructured_citation>Near real-time atmospheric contamination source identifi- cation by an optimization-based inverse method. Inverse Problems in Science and Engineering, 13 (2005), 241—259.</unstructured_citation>
</citation>
<citation key="ref-4">
<unstructured_citation>Properties of risk-sensitive filters/estimators. IEE Proceedings of Control Theory and Applications, 145 (1998), 106—112.</unstructured_citation>
</citation>
<citation key="ref-5">
<unstructured_citation>A quasi-Gaussian Kalman filter. American Control Conference, 2006, June 2006, 6 pp.</unstructured_citation>
</citation>
<citation key="ref-6">
<unstructured_citation>Source term estimation using convex optimization. In The 11th International Conference on Information Fusion, Cologne, Germany, July 1—3, 2008.</unstructured_citation>
</citation>
<citation key="ref-7">
<unstructured_citation>Curse of dimensionality and particle filters. In Proceedings of IEEE Aerospace Conference, vol. 4, 2003, 8—15.</unstructured_citation>
</citation>
<citation key="ref-8">
<unstructured_citation>Sequential Monte-Carlo methods in practice. Springer-Verlag, Apr. 2001.</unstructured_citation>
</citation>
<citation key="ref-9">
<unstructured_citation>Analysis of nonlinear stochastic systems by means of the Fokker-Planck equation. International Journal of Control, 9, 6 (1969).</unstructured_citation>
</citation>
<citation key="ref-10">
<unstructured_citation>An approach for nonlinear uncertainty propagation: Appli- cation to orbital mechanics. In AIAA Guidance Navigation and Control Conference, 2009.</unstructured_citation>
</citation>
<citation key="ref-11">
<unstructured_citation>A description of the fifth generation Penn State/NCAR Mesoscale Model (MM5). Technical report, NCAR/TN-398+STR, NCAR Technical Note, Mesoscale and Microscale Meteorology Division, National Center for Atmospheric Research, Boulder, CO, 1995.</unstructured_citation>
</citation>
<citation key="ref-12">
<unstructured_citation>Study of the random vibration of nonlinear systems by the Gaussian closure technique. Journal of Applied Mechanics, 45 (1978), 393—399.</unstructured_citation>
</citation>
<citation key="ref-13">
<unstructured_citation>Unscented filtering and nonlinear estimation. Proceedings of the IEEE, 92, 3 (2004), 401—422.</unstructured_citation>
</citation>
<citation key="ref-14">
<unstructured_citation>Economic value of weather and climate forecasts. Cambridge University Press, 1997.</unstructured_citation>
</citation>
<citation key="ref-15">
<unstructured_citation>A multi-resolution approach for steady state uncertainty determination in nonlinear dynamical systems. In 38th Southeastern Symposium on System Theory, 2006.</unstructured_citation>
</citation>
<citation key="ref-16">
<unstructured_citation>The partition of unity finite element approach to the sta- tionary Fokker-Planck equation. In 2006 AIAA/AAS Astrodynamics Specialist Conference and Exhibit, Keystone, CO, Aug. 21—24, 2006.</unstructured_citation>
</citation>
<citation key="ref-17">
<unstructured_citation>A split-step solution of the Fokker-Planck equation for the conditional density. Fortieth Asilomar Conference on Signals, Systems and Com- puters, 2006., Oct.—Nov. 2006, 2014—2018.</unstructured_citation>
</citation>
<citation key="ref-18">
<unstructured_citation>Comment on a new method for the nonlinear transforma- tions of means and covariances in filters and estimators. IEEE Transactions on Automatic Control, 47, 8 (2002).</unstructured_citation>
</citation>
<citation key="ref-19">
<unstructured_citation>Kalman filters of non-linear systems: A comparison of performance. International Journal of Control, 77, 7 (2004), 639—653.</unstructured_citation>
</citation>
<citation key="ref-20">
<unstructured_citation>Stationary and non-stationary probability density function for non-linear oscillators. International Journal of Non-Linear Mechanics, 32 (1997), 1051—1064. A DECISION-CENTRIC FRAMEWORK FOR DENSITY FORECASTING 85</unstructured_citation>
</citation>
<citation key="ref-21">
<unstructured_citation>Improving regularized particle filters. In A. Doucet, N. de Freitas, and N. Gordon, (Eds.), Se- quential Monte Carlo Methods in Practice, Statistics for En- gineering and Information Science, New York, 12 (2001), 247—271.</unstructured_citation>
</citation>
<citation key="ref-22">
<unstructured_citation>Description of the atmospheric dispersion module RIM- PUFF. Technical Report RODOS(WG2)-TN(98)-02, Riso National Laboratory, P.O. Box 49, DK-4000 Roskilde, Denmark, 1999.</unstructured_citation>
</citation>
<citation key="ref-23">
<unstructured_citation>Approximate solution of the Fokker-Planck-Kolmogorov equation. Probabilistic Engineering Mechanics, 17 (2002), 369—384.</unstructured_citation>
</citation>
<citation key="ref-24">
<unstructured_citation>Decision Theory: Principles and Approaches. John Wiley & Sons, 2009.</unstructured_citation>
</citation>
<citation key="ref-25">
<unstructured_citation>Decision-based methods for forecast evaluation. In M. P. Clements and D. F. Hendry, (Eds.), A Companion to Economic Forecasting, Blackwell Publishers, 11 (2002), 241—267.</unstructured_citation>
</citation>
<citation key="ref-26">
<unstructured_citation>Data assimilation in variable dimension dispersion models using particle filters. In The 10th International Conference on Information Fusion, Quebec City, Canada, 2007.</unstructured_citation>
</citation>
<citation key="ref-27">
<unstructured_citation>The Fokker-Planck Equation: Methods of Solution and Ap- plications. Springer, 1989.</unstructured_citation>
</citation>
<citation key="ref-28">
<unstructured_citation>Random Vibration and Statistical Linearization. Wiley, 1990.</unstructured_citation>
</citation>
<citation key="ref-29">
<unstructured_citation>Particle-method-based formulation of risk-sensitive filter. Signal Processing, 89, 3 (2009), 314—319.</unstructured_citation>
</citation>
<citation key="ref-30">
<unstructured_citation>A Gaussian function network for uncertainty propagation through nonlinear dynamical system. 18th AAS/AIAA Spaceflight Mechanics Meeting, Galveston, TX, Jan. 27—31, 2008.</unstructured_citation>
</citation>
</citation_list>
</journal_article>
</journal>
</body>
</doi_batch>