<doi_batch xmlns="http://www.crossref.org/schema/4.3.7" xmlns:xsi="http://www.w3.org/2001/XMLSchema-instance" version="4.3.7" xsi:schemaLocation="http://www.crossref.org/schema/4.3.7 http://www.crossref.org/schema/deposit/crossref4.3.7.xsd">
<head>
<doi_batch_id></doi_batch_id>
<timestamp>1639242217.0998948</timestamp>
<depositor>
<depositor_name></depositor_name>
<email_address></email_address>
</depositor>
<registrant>WEB-FORM</registrant>
</head>
<body>
<journal>
<journal_metadata>
<full_title>Journal of Advances in Information Fusion</full_title>
<abbrev_title>JAIF</abbrev_title>
<issn media_type="print">1557-6418</issn>
</journal_metadata>
<journal_issue>
<publication_date media_type="print">
<month>December</month>
<day></day>
<year>2010</year>
</publication_date>
<journal_volume>
<volume>5</volume>
</journal_volume>
<issue>2</issue>
</journal_issue>
<journal_article publication_type="full_text">
<titles>
<title>Algorithms for Asynchronous Track-to-Track Fusion</title>
</titles>
<contributors>
<person_name sequence="first" contributor_role="author">
<given_name>Xin </given_name>
<surname>Tian</surname>
<ORCID></ORCID>
</person_name>
<person_name sequence="first" contributor_role="author">
<given_name>Yaakov </given_name>
<surname>Bar-Shalom</surname>
<ORCID></ORCID>
</person_name>
</contributors>
<publication_date media_type="print">
<month>December</month>
<day></day>
<year>2010</year>
</publication_date>
<pages>
<first_page>128</first_page>
<last_page>138</last_page>
</pages>
<citation_list>
<citation key="ref-1">
<unstructured_citation>Y. Bar-Shalom, X. R. Li, and T. Kirubarajan Estimation with Applications to Tracking and Navigation: Algorithms and Software for Information Extraction. New York: Wiley, 2001.</unstructured_citation>
</citation>
<citation key="ref-2">
<unstructured_citation>Handbook of Algorithms for Target Tracking and Data Fusion. YBS publishing, 2011.</unstructured_citation>
</citation>
<citation key="ref-3">
<unstructured_citation>The effect of the common process noise on the two-sensor fused-track covariance. IEEE Transactions on Aerospace and Electronic Systems, 22, 6 (Nov. 1986), 803—804.</unstructured_citation>
</citation>
<citation key="ref-4">
<unstructured_citation>Update with out-of-sequence measurements in tracking. IEEE Transacations on Aerospace and Electronic Systems, 38, 3 (July 2002), 769—778.</unstructured_citation>
</citation>
<citation key="ref-5">
<unstructured_citation>Track-to-track fusion of out-of-sequence tracks. In Proceedings of the 5th International Conference on Infor- mation Fusion, July 2002, 919—926.</unstructured_citation>
</citation>
<citation key="ref-6">
<unstructured_citation>On optimal track-to-track fusion. IEEE Transactions on Aerospace and Electronic Systems, 33, 4 (Oct. 1997), 1271—1276.</unstructured_citation>
</citation>
<citation key="ref-7">
<unstructured_citation>Performance evaluation of track fusion with information matrix filter. IEEE Transactions on Aerospace and Electronic Systems, 38, 2 (Apr. 2002), 455—466.</unstructured_citation>
</citation>
<citation key="ref-8">
<unstructured_citation>Distributed multitarget multisensor tracking. Multitarget-Multisensor Tracking: Advanced Applications, edited by Y. Bar-Shalom, MA: Artech House, 1990, ch. 8. Reprinted by YBS publishing, 1998.</unstructured_citation>
</citation>
<citation key="ref-9">
<unstructured_citation>Hierarchical estimation. In Proceedings of MIT/ONR Workshop on C3, 1979.</unstructured_citation>
</citation>
<citation key="ref-10">
<unstructured_citation>Bar-Shalom, R. L. Cooperman, and W. H. Barker Performance assessment and comparison of various tracklet methods for maneuvering targets. In Proceedings of SPIE Conference on Signal Processing, Sensor Fusion, and Target Recognition XII, vol. 5096, 2003.</unstructured_citation>
</citation>
<citation key="ref-11">
<unstructured_citation>Unified optimal linear estimation fusion–partI: Unified model and fusion rules. IEEE Transactions on Information Theory, 49, 9 (Sept. 2003), 2192—2207.</unstructured_citation>
</citation>
<citation key="ref-12">
<unstructured_citation>Out-of-sequence track filtering using the decorrelated pseudo measurement approach. In Proceedings of SPIE Conference on Signal and Data Processing for Small Targets, Apr. 2004, 154—166.</unstructured_citation>
</citation>
<citation key="ref-13">
<unstructured_citation>Track to track fusion using out-of-sequence track informa- tion. In Proceedings of the 10th International Conference on In- formation Fusion, July 2007.</unstructured_citation>
</citation>
<citation key="ref-14">
<unstructured_citation>Computation and transmission requirements for a decen- tralized linear-quadratic-Gaussian control problem. IEEE Transactions on Automatic Control, 2, 2 (Apr. 1979), 54—57.</unstructured_citation>
</citation>
<citation key="ref-15">
<unstructured_citation>Track-to-Track Fusion Configurations and Association in a Sliding Window. Journal of Advances in Information Fusion, 4, 2 (Dec. 2009), 146—164.</unstructured_citation>
</citation>
<citation key="ref-16">
<unstructured_citation>The optimal algorithm for asynchronous track-to-track fu- sion. In Proceedings of SPIE Conference on Signal and Data Processing of Small Targets, Apr. 2010, #7698-46. ALGORITHMS FOR ASYNCHRONOUS TRACK-TO-TRACK FUSION 137</unstructured_citation>
</citation>
</citation_list>
</journal_article>
</journal>
</body>
</doi_batch>