<doi_batch xmlns="http://www.crossref.org/schema/4.3.7" xmlns:xsi="http://www.w3.org/2001/XMLSchema-instance" version="4.3.7" xsi:schemaLocation="http://www.crossref.org/schema/4.3.7 http://www.crossref.org/schema/deposit/crossref4.3.7.xsd">
<head>
<doi_batch_id></doi_batch_id>
<timestamp>1639242217.0939145</timestamp>
<depositor>
<depositor_name></depositor_name>
<email_address></email_address>
</depositor>
<registrant>WEB-FORM</registrant>
</head>
<body>
<journal>
<journal_metadata>
<full_title>Journal of Advances in Information Fusion</full_title>
<abbrev_title>JAIF</abbrev_title>
<issn media_type="print">1557-6418</issn>
</journal_metadata>
<journal_issue>
<publication_date media_type="print">
<month>December</month>
<day></day>
<year>2010</year>
</publication_date>
<journal_volume>
<volume>5</volume>
</journal_volume>
<issue>2</issue>
</journal_issue>
<journal_article publication_type="full_text">
<titles>
<title>Feature-Aided Tracking of Ground Vehicles using Passive Acoustic Sensor Arrays</title>
</titles>
<contributors>
<person_name sequence="first" contributor_role="author">
<given_name>Vishal Cholapadi</given_name>
<surname>Ravindra</surname>
<ORCID></ORCID>
</person_name>
<person_name sequence="first" contributor_role="author">
<given_name>Yaakov </given_name>
<surname>Bar-Shalom</surname>
<ORCID></ORCID>
</person_name>
<person_name sequence="first" contributor_role="author">
<given_name>Thyagaraju </given_name>
<surname>Damarla</surname>
<ORCID></ORCID>
</person_name>
</contributors>
<publication_date media_type="print">
<month>December</month>
<day></day>
<year>2010</year>
</publication_date>
<pages>
<first_page>88</first_page>
<last_page>107</last_page>
</pages>
<citation_list>
<citation key="ref-1">
<unstructured_citation>Y. Bar-Shalom and X. Li Multitarget-Multisensor Tracking: Principles and Techniques. Storrs, CT, YBS Publishing, 1995.</unstructured_citation>
</citation>
<citation key="ref-2">
<unstructured_citation>Estimation with Applications to Tracking and Navigation. Wiley, 2001.</unstructured_citation>
</citation>
<citation key="ref-3">
<unstructured_citation>Sonar tracking of multiple targets using joint probabilistic data association. IEEE Journal of Oceanic Engineering, 8, 3 (July 1983), 173—184.</unstructured_citation>
</citation>
<citation key="ref-4">
<unstructured_citation>Tracking with classification-aided multiframe data associa- tion. IEEE Transactions on Aerospace and Electronic Systems, 41, 3 (July 2005), 868—879.</unstructured_citation>
</citation>
<citation key="ref-5">
<unstructured_citation>Dimensionless score function for multiple hypothesis track- ing. IEEE Transactions on Aerospace and Electronic Systems, 43, 1 (Jan. 2007), 392—400.</unstructured_citation>
</citation>
<citation key="ref-6">
<unstructured_citation>The auction algorithm: A distributed relaxation method for the assignment problem. Annals of Operations Research: Special Issue on Parallel Optimization, 14 (1988), 105—123.</unstructured_citation>
</citation>
<citation key="ref-7">
<unstructured_citation>Automatic target recognition: State of the art survey. IEEE Transactions on Aerospace and Electronic Systems, 22, 4 (July 1986), 364—379.</unstructured_citation>
</citation>
<citation key="ref-8">
<unstructured_citation>Simultaneous feature-based identification and track fusion. In Proceedings of IEEE International Conference on Deci- sion and Control, Tampa, FL, Dec. 1998, 239—244.</unstructured_citation>
</citation>
<citation key="ref-9">
<unstructured_citation>Source localization and beamforming. IEEE Signal Processing Magazine, (Mar. 2002), 30—39.</unstructured_citation>
</citation>
<citation key="ref-10">
<unstructured_citation>Wideband MVDR beamforming for acoustic vector sensor linear array. In IEE Proceedings of Radar, Sonar and Navigation, 151, 3 (June 2004), 158—162.</unstructured_citation>
</citation>
<citation key="ref-11">
<unstructured_citation>Tracking a convoy of multiple targets using acoustic sensor data. In M. K. Masten and L. A. Stockum (Eds.), Proceedings of SPIE Acquisition, Tracking and Pointing XVII, vol. 5082, Orlando, FL, Apr. 2003, 37—42.</unstructured_citation>
</citation>
<citation key="ref-12">
<unstructured_citation>An algorithm for classifying multiple targets using acoustic signatures. In Proceedings of SPIE Sig. Proc., Sensor Fusion and Targ. Recognition, 2004, 421—427.</unstructured_citation>
</citation>
<citation key="ref-13">
<unstructured_citation>Multiple target tracking and classification improvement using data fusion at node level using acoustic signals. In Proceedings of SPIE Unattended Ground Sensor Tech- nologies and Applications VII, vol. 5796, Orlando, FL, Apr. 2005, 19—27. 104 JOURNAL OF ADVANCES IN INFORMATION FUSION VOL. 5, NO. 2 DECEMBER 2010</unstructured_citation>
</citation>
<citation key="ref-14">
<unstructured_citation>A generalized S-D assignment algorithm for multisensor- multitarget state estimation. IEEE Transactions on Aerospace and Electronic Systems, 33, 2 (Apr. 1997), 523—538.</unstructured_citation>
</citation>
<citation key="ref-15">
<unstructured_citation>Feature, attribute and classification aided target tracking. In Proceedings of SPIE Signal and Data Processing of Small Targets, vol. 4473, San Diego, CA, Aug. 2001, 610—621.</unstructured_citation>
</citation>
<citation key="ref-16">
<unstructured_citation>On categorical feature aided tracking. In Proceedings of SPIE Signal and Data Processing of Small Targets, vol. 5204, San Diego, CA, Aug. 2003, 544—558.</unstructured_citation>
</citation>
<citation key="ref-17">
<unstructured_citation>Maximum likelihood from incomplete data via the EM algorithm. J. Roy. Soc. Statist., Series B, 39, 1 (1977), 138.</unstructured_citation>
</citation>
<citation key="ref-18">
<unstructured_citation>Combinatorial algorithms for the generalized auction prob- lem. Mathematics in Operations Research, 16 (1991), 351—381.</unstructured_citation>
</citation>
<citation key="ref-19">
<unstructured_citation>Tracking 2-D rigid targets with invariant constraints. Information Science, 138 (2001), 79—97.</unstructured_citation>
</citation>
<citation key="ref-20">
<unstructured_citation>A cylinder classification and target ID algorithm based on a reduced feature space representation for ground vehicles. In Proceedings of 2003 Meeting of the IRIS Speciality Group on Acoustic and Seismic Sensing, Sept. 2003.</unstructured_citation>
</citation>
<citation key="ref-21">
<unstructured_citation>Wavelets feature aided tracking (WFAT) using GMTI/HRR data. Signal Processing, 86 (2003), 2683—2690.</unstructured_citation>
</citation>
<citation key="ref-22">
<unstructured_citation>Local motion feature aided ground moving target tracking with GMTI and HRR measurements. IEEE Transactions on Automatic Control, 50, 1 (Jan. 2005).</unstructured_citation>
</citation>
<citation key="ref-23">
<unstructured_citation>High resolution broadband beamforming based on the MVDR method. OCEANS 2000 MTS/IEEE Conference and Exhibition, vol. 3, 2000, 1673—1676.</unstructured_citation>
</citation>
<citation key="ref-24">
<unstructured_citation>Harmonic phase coupling for battlefield acoustic target identification. In Proceedings of International Conference on Acoustics, Speech and Signal Processing, vol. 4, Seattle, WA, May 1998, 2049—2052.</unstructured_citation>
</citation>
<citation key="ref-25">
<unstructured_citation>Tracking fundamental frequency for synchronous mechan- ical diagonostic signal processing. In Proceedings of 9th IEEE Signal Processing Workshop on Statistical Signal and Array Processing, Portland, OR, Sept. 1998, 200—203.</unstructured_citation>
</citation>
<citation key="ref-26">
<unstructured_citation>Frequency invariant beamforming for two-dimensional and three-dimensional arrays. Signal Processing (Elsevier), 87, 11 (Nov. 2007), 2535— 2543.</unstructured_citation>
</citation>
<citation key="ref-27">
<unstructured_citation>An efficient method to determine the diagonal loading factor using the constant modulus feature. IEEE Transactions on Signal Processing, 56, 12 (Dec. 2008), 6102—6106.</unstructured_citation>
</citation>
<citation key="ref-28">
<unstructured_citation>Classification and tracking of moving ground vehicles. Lincoln Lab. Journal, 13, 2 (2002), 275—308.</unstructured_citation>
</citation>
<citation key="ref-29">
<unstructured_citation>Survey of assignment techniques for multitarget tracking. In Y. Bar-Shalom and W. D. Blair (Eds.), Multitarget- Multisensor Tracking: Applications and Advances, vol. III, Artech House, 2001.</unstructured_citation>
</citation>
<citation key="ref-30">
<unstructured_citation>A new relaxation algorithm and passive sensor network data association. IEEE Transactions on Automatic Control, 37, 2 (Feb. 1992), 197—213.</unstructured_citation>
</citation>
<citation key="ref-31">
<unstructured_citation>A Lagrangian relaxation algorithm for multidimensional assignment problems arising from multitarget tracking. SIAM J. Optimization, 3, 3 (Aug. 1993), 544—563.</unstructured_citation>
</citation>
<citation key="ref-32">
<unstructured_citation>m-best S-D assignment algorithm with application to mul- titarget tracking. IEEE Transactions on Aerospace and Electronic Systems, 37, 1 (Jan. 2001).</unstructured_citation>
</citation>
<citation key="ref-33">
<unstructured_citation>Feature-aided tracking with GMTI and HRR measurements via mixture density estimation. IEE Proceedings–Control Theory Appl., 153 3, 342—356.</unstructured_citation>
</citation>
<citation key="ref-34">
<unstructured_citation>Utilizing acoustic propagation models for robust battlefield target identification. In Proceedings of 1998 Meeting of the IRIS Speciality Group on Acoustic and Seismic Sensing, Sept. 1998.</unstructured_citation>
</citation>
<citation key="ref-35">
<unstructured_citation>Acoustic target tracking and target identification–Recent results. In Proceedings of SPIE Conf. on Unattended Ground Sensor Technologies and Applications, vol. 3713, Orlando, FL, Apr. 1999, 3713-10—21.</unstructured_citation>
</citation>
<citation key="ref-36">
<unstructured_citation>Detection, Estimation and Modulation Theory, Part IV, Opti- mum Array Processing. New York: Wiley, 2002.</unstructured_citation>
</citation>
<citation key="ref-37">
<unstructured_citation>Minimum Variance Beamforming, Adaptive Radar Detection and Estimation. Edited by S. Haykin and A. Steinhardt, J. Wiley & Sons, Inc., 1992.</unstructured_citation>
</citation>
<citation key="ref-38">
<unstructured_citation>Acoustic target classification using distributed sensor ar- rays. In Proceedings of IEEE International Conference on Acous- tics, Speech, and Signal Processing (ICASSP), vol. 4, Or- lando, FL, May 2002, IV-4186.</unstructured_citation>
</citation>
<citation key="ref-39">
<unstructured_citation>High-resolution broadband beamforming and detection methods with real data. Acoustic Science and Technology, 25, 1 (2004), 73—76.</unstructured_citation>
</citation>
<citation key="ref-40">
<unstructured_citation>Track segment association, finite-step IMM and initializa- tion with Doppler for improved track performance. IEEE Transactions on Aerospace and Electronic Systems, 40, 1 (Jan. 2004), 293—309.</unstructured_citation>
</citation>
<citation key="ref-41">
<unstructured_citation>A fresh look at broadband passive sonar processing. In 1999 Adaptive Sensor Array Processing Workshop (ASAP ’99), MIT Lincoln Laboratory, Lexington, MA, Mar. 1999, 99—104 . FEATURE-AIDED TRACKING OF GROUND VEHICLES USING PASSIVE ACOUSTIC SENSOR ARRAYS 105</unstructured_citation>
</citation>
</citation_list>
</journal_article>
</journal>
</body>
</doi_batch>