<doi_batch xmlns="http://www.crossref.org/schema/4.3.7" xmlns:xsi="http://www.w3.org/2001/XMLSchema-instance" version="4.3.7" xsi:schemaLocation="http://www.crossref.org/schema/4.3.7 http://www.crossref.org/schema/deposit/crossref4.3.7.xsd">
<head>
<doi_batch_id></doi_batch_id>
<timestamp>1645534088.2362726</timestamp>
<depositor>
<depositor_name></depositor_name>
<email_address></email_address>
</depositor>
<registrant>WEB-FORM</registrant>
</head>
<body>
<journal>
<journal_metadata>
<full_title>Journal of Advances in Information Fusion</full_title>
<abbrev_title>JAIF</abbrev_title>
<issn media_type="print">1557-6418</issn>
</journal_metadata>
<journal_issue>
<publication_date media_type="print">
<month>December</month>
<day></day>
<year>2010</year>
</publication_date>
<journal_volume>
<volume>5</volume>
</journal_volume>
<issue>2</issue>
</journal_issue>
<journal_article publication_type="full_text">
<titles>
<title>Measurement-Guided Likelihood Sampling for Grid-Based Bayesian Tracking</title>
</titles>
<contributors>
<person_name sequence="first" contributor_role="author">
<given_name>Jason M.</given_name>
<surname>Aughenbaugh</surname>
<ORCID></ORCID>
</person_name>
<person_name sequence="first" contributor_role="author">
<given_name>Brian R. La</given_name>
<surname>Cour</surname>
<ORCID></ORCID>
</person_name>
</contributors>
<publication_date media_type="print">
<month>December</month>
<day></day>
<year>2010</year>
</publication_date>
<pages>
<first_page>108</first_page>
<last_page>127</last_page>
</pages>
<citation_list>
<citation key="ref-1">
<unstructured_citation>M. Arulampalam, S. Maskell, N. Gordon, and T. Clapp A tutorial on particle filters for online nonlinear/non- Gaussian Bayesian tracking. IEEE Transactions on Signal Processing, 50, 2 (Feb. 2002), 174—188.</unstructured_citation>
</citation>
<citation key="ref-2">
<unstructured_citation>Active clutter reduction through fusion with passive data. In Proceedings of the 13th International Conference on In- formation Fusion, Edinburgh, Scotland, July 26—29, 2010.</unstructured_citation>
</citation>
<citation key="ref-3">
<unstructured_citation>Use of prior information in active sonar tracking. In Proceedings of the 12th International Conference on In- formation Fusion, Seattle, WA, July 2009.</unstructured_citation>
</citation>
<citation key="ref-4">
<unstructured_citation>Dynamic programming solution for detecting dim moving targets. IEEE Transactions on Aerospace and Electronic Systems, 21 (1985), 144—156.</unstructured_citation>
</citation>
<citation key="ref-5">
<unstructured_citation>Dynamic programming solution for detecting dim moving targets, Part II: Analysis. IEEE Transactions on Aerospace and Electronic Systems, 23 (1987), 776—788.</unstructured_citation>
</citation>
<citation key="ref-6">
<unstructured_citation>R. L. Streit Track before detect algorithms. EURASIP Journal on Advances in Signal Processing, vol. 2008, 2008, 1—2.</unstructured_citation>
</citation>
<citation key="ref-7">
<unstructured_citation>Digital synthesis of nonlinear filters. Automatica, 7 (1971), 287—289.</unstructured_citation>
</citation>
<citation key="ref-8">
<unstructured_citation>Evaluating a multiple-hypothesis multitarget tracking algo- rithm. IEEE Transactions on Aerospace and Electronic Systems, 30, 2 (Apr. 1994), 578—590.</unstructured_citation>
</citation>
<citation key="ref-9">
<unstructured_citation>Fundamentals of bistatic active sonar. In Underwater Acoustic Data Processing, Y. T. Chan, Ed. Kluwer Academic Publishers, 1989, 3—24.</unstructured_citation>
</citation>
<citation key="ref-10">
<unstructured_citation>A comparison of detection performance for several track- before-detect algorithms. EURASIP Journal on Advances in Signal Processing, vol. 2008, Article ID 428036, 10 pages, 2008.</unstructured_citation>
</citation>
<citation key="ref-11">
<unstructured_citation>Spline filters. In Proceedings of the 2nd Symposium on Nonlinear Estima- tion Theory and Its Applications, San Diego, 1971, 127—141.</unstructured_citation>
</citation>
<citation key="ref-12">
<unstructured_citation>On sequential Monte Carlo sampling methods for Bayesian filtering. Statistical Computation, 10, 3 (2000), 197—208.</unstructured_citation>
</citation>
<citation key="ref-13">
<unstructured_citation>Novel approach to nonlinear/non-Gaussian Bayesian state estimation. IEE Proceedings of Radar and Signal Processing, 140, 2 (Apr. 1993), 107—113.</unstructured_citation>
</citation>
<citation key="ref-14">
<unstructured_citation>A Bayesian approach to problems in stochastic estimation and control. IEEE Transactions on Automatic Control, 9 (1964), 333— 339.</unstructured_citation>
</citation>
<citation key="ref-15">
<unstructured_citation>Passive sonar target localization using a histogram filter with model derived priors. In IEEE Asilomar Conference on Signals, Systems, and Com- puters, Pacific Grove, CA, 2008.</unstructured_citation>
</citation>
<citation key="ref-16">
<unstructured_citation>Performance analysis of a dynamic programming track before detect algorithm. IEEE Transactions on Aerospace and Electronic Systems, 38, 1 (Jan. 2002), 228—242.</unstructured_citation>
</citation>
<citation key="ref-17">
<unstructured_citation>A new extension of the Kalman filter to nonlinear systems. In SPIE AeroSense Symposium, Orlando, FL, Apr. 21—24 1997, 182—193.</unstructured_citation>
</citation>
<citation key="ref-18">
<unstructured_citation>Multiple model nonlinear filtering for low signal ground target applications. IEEE Transactions on Aerospace and Electronic Systems, 41, 2 (Apr. 2005), 549—564.</unstructured_citation>
</citation>
<citation key="ref-19">
<unstructured_citation>Non-Gaussian state-space modeling of nonstationary time series. Journal of the American Statistical Association, 82, 400 (1987), 1032—1041.</unstructured_citation>
</citation>
<citation key="ref-20">
<unstructured_citation>Bayesian parameter estimation. IEEE Transactions on Automatic Control, 33, 2 (Feb. 1988), 217—222.</unstructured_citation>
</citation>
<citation key="ref-21">
<unstructured_citation>Recursive Bayesian estimation using piece-wise constant approximations. Automatica, 24, 6 (1988), 789—801.</unstructured_citation>
</citation>
<citation key="ref-22">
<unstructured_citation>Multitarget tracking using a particle filter representation of the joint multitarget density. IEEE Transactions on Aerospace and Electronic Systems, 39, 4 (2003), 1396—1414.</unstructured_citation>
</citation>
<citation key="ref-23">
<unstructured_citation>Multitarget detection and tracking using multi-sensor pas- sive acoustic data. Proceedings of the 2009 IEEE Aerospace Conference, Mar. 2009, 1—16.</unstructured_citation>
</citation>
<citation key="ref-24">
<unstructured_citation>Ensemble-based Bayesian detection and tracking. In Proceedings of Meetings on Acoustics, vol. 1, 2008.</unstructured_citation>
</citation>
<citation key="ref-25">
<unstructured_citation>Stationary priors for Bayesian target tracking. In Proceedings of the 11th International Conference on Infor- mation Fusion, Cologne, Germany, June 30—July 3, 2008. 126 JOURNAL OF ADVANCES IN INFORMATION FUSION VOL. 5, NO. 2 DECEMBER 2010</unstructured_citation>
</citation>
<citation key="ref-26">
<unstructured_citation>Particle filter design using importance sampling for acous- tic source localization and tracking in reverberant environ- ments. EURASIP Journal on Applied Signal Processing, 2006, 1—9.</unstructured_citation>
</citation>
<citation key="ref-27">
<unstructured_citation>Manoeuvring target tracking in clutter using particle filters. IEEE Transactions on Aerospace and Electronic Systems, 41, 1 (Jan. 2005), 252—270.</unstructured_citation>
</citation>
<citation key="ref-28">
<unstructured_citation>An introduction to hidden Markov models. IEEE Acoustics, Speech and Signal Processing Magazine, 3, 1 (Jan. 1986), 4—16.</unstructured_citation>
</citation>
<citation key="ref-29">
<unstructured_citation>An algorithm for tracking multiple targets. IEEE Transactions on Automatic Control, 24, 6 (1979), 843— 854.</unstructured_citation>
</citation>
<citation key="ref-30">
<unstructured_citation>A comparison of particle filters for recursive track-before- detect. In Proceedings of the 8th International Conference on Infor- mation Fusion, Philadelphia, PA, July 2005, 169—175.</unstructured_citation>
</citation>
<citation key="ref-31">
<unstructured_citation>A particle filter for track-before-detect. In Proceedings of the American Control Conference, Arling- ton, VA, June 25—27, 2001, 3755—3760.</unstructured_citation>
</citation>
<citation key="ref-32">
<unstructured_citation>Generalized grid framework for multi sensor data fusion. In Proceedings of the 11th International Conference on In- formation Fusion, Cologne, June 2008, 814—820.</unstructured_citation>
</citation>
<citation key="ref-33">
<unstructured_citation>Kalman Filtering: Theory and Application. IEEE Press, 1985.</unstructured_citation>
</citation>
</citation_list>
</journal_article>
</journal>
</body>
</doi_batch>