<doi_batch xmlns="http://www.crossref.org/schema/4.3.7" xmlns:xsi="http://www.w3.org/2001/XMLSchema-instance" version="4.3.7" xsi:schemaLocation="http://www.crossref.org/schema/4.3.7 http://www.crossref.org/schema/deposit/crossref4.3.7.xsd">
<head>
<doi_batch_id></doi_batch_id>
<timestamp>1645533922.795342</timestamp>
<depositor>
<depositor_name></depositor_name>
<email_address></email_address>
</depositor>
<registrant>WEB-FORM</registrant>
</head>
<body>
<journal>
<journal_metadata>
<full_title>Journal of Advances in Information Fusion</full_title>
<abbrev_title>JAIF</abbrev_title>
<issn media_type="print">1557-6418</issn>
</journal_metadata>
<journal_issue>
<publication_date media_type="print">
<month>June</month>
<day></day>
<year>2021</year>
</publication_date>
<journal_volume>
<volume>16</volume>
</journal_volume>
<issue>1</issue>
</journal_issue>
<journal_article publication_type="full_text">
<titles>
<title>A Constrained POMDP Formulation and Algorithmic Solution for Radar Resource Management in Multi-Target Tracking</title>
</titles>
<contributors>
<person_name sequence="first" contributor_role="author">
<given_name>Max Ian</given_name>
<surname>Schope</surname>
<ORCID></ORCID>
</person_name>
<person_name sequence="first" contributor_role="author">
<given_name>Hans </given_name>
<surname>Driessen</surname>
<ORCID></ORCID>
</person_name>
<person_name sequence="first" contributor_role="author">
<given_name>Alexander G.</given_name>
<surname>Yarovoy</surname>
<ORCID></ORCID>
</person_name>
</contributors>
<publication_date media_type="print">
<month>June</month>
<day></day>
<year>2021</year>
</publication_date>
<pages>
<first_page>31</first_page>
<last_page>47</last_page>
</pages>
<citation_list>
<citation key="ref-1">
<unstructured_citation>R. E. Bellman Dynamic Programming. New Jersey, NJ, USA: Princeton Univ. Press, 1957.</unstructured_citation>
</citation>
<citation key="ref-2">
<unstructured_citation>Constrained Optimization and Lagrange Multiplier Methods. Nashua, NH,USA:Athena Scientific, 1996.</unstructured_citation>
</citation>
<citation key="ref-3">
<unstructured_citation>“Rollout algorithms for stochastic scheduling problems,” J. Heuristics, vol. 5, no. 1, pp. 89–108, Apr. 1999. 44 JOURNAL OF ADVANCES IN INFORMATION FUSION VOL. 16, NO. 1 JUNE 2021</unstructured_citation>
</citation>
<citation key="ref-4">
<unstructured_citation>“Algorithms for combinatorial optimization,” J. Heuristics, vol. 3, no. 3, pp. 245–262, Dec. 1997.</unstructured_citation>
</citation>
<citation key="ref-5">
<unstructured_citation>Introduction to Linear Optimization. Nashua, NH, USA: Athena Scientific, 1997.</unstructured_citation>
</citation>
<citation key="ref-6">
<unstructured_citation>Design and Analysis of Modern Tracking Systems. London, U.K.: Artech House, 1999.</unstructured_citation>
</citation>
<citation key="ref-7">
<unstructured_citation>M. Schikorr, and M. Steck “Cognitive radar principles for defence and security applications,” IEEE Aerosp. Electron. Syst. Mag., vol. 34, no. 12, pp. 20–29, Dec. 2019.</unstructured_citation>
</citation>
<citation key="ref-8">
<unstructured_citation>“Distributed optimization and statistical learning via the alternating direction method of multipliers,” Found. Trends Mach. Learn., vol. 3, no. 1, pp. 1–122, 2011.</unstructured_citation>
</citation>
<citation key="ref-9">
<unstructured_citation>Convex Optimization. Cambridge, U.K.: Cambridge Univ. Press, 2004.</unstructured_citation>
</citation>
<citation key="ref-10">
<unstructured_citation>“Cognitive radar for classification,” IEEE Aerosp. Electron. Syst. Mag., vol. 34, no. 12, pp. 30–38, Dec. 2019.</unstructured_citation>
</citation>
<citation key="ref-11">
<unstructured_citation>“Approximate dynamic programming for sensor management,” in Proc. 36th IEEE Conf. Decis. Control, Dec. 1997, pp. 1202–1207.</unstructured_citation>
</citation>
<citation key="ref-12">
<unstructured_citation>“Implementing perception–action cycles using stochastic optimization,” in Proc. IEEE Radar Conf., Sep. 2020.</unstructured_citation>
</citation>
<citation key="ref-13">
<unstructured_citation>“Anticipation in Cognitive Radar using Stochastic Control,” in Proc. 2015 IEEE Radar Conf., May 2015, pp. 1692–1697.</unstructured_citation>
</citation>
<citation key="ref-14">
<unstructured_citation>“Cognitive radar management,” in Radar Techniques and Applications, Volume 2— Waveform Diversity and Cognitive Radar, and Target Tracking and Data Fusion. London, U.K.: Scitech Publishing, 2017, pp. 157–193.</unstructured_citation>
</citation>
<citation key="ref-15">
<unstructured_citation>“The development from adaptive to cognitive radar resource management,” IEEE Aerosp. Electron. Syst. Mag., vol. 35, no. 6, pp. 8–19, Jun. 2020.</unstructured_citation>
</citation>
<citation key="ref-16">
<unstructured_citation>“Phased array radar resource management using continuous double auction,” IEEE Trans. Aerosp. Electron. Syst., vol. 51, no. 3, pp. 2212–2224, Jul. 2015.</unstructured_citation>
</citation>
<citation key="ref-17">
<unstructured_citation>“Partially observable markov decision process approximations for adaptive sensing,” Discrete Event Dyn. Syst., vol. 19, no. 3, pp. 377–422, Sep. 2009.</unstructured_citation>
</citation>
<citation key="ref-18">
<unstructured_citation>“A derivation of an analytic expression for the tracking index for the alpha-beta-gamma filter,” IEEE Trans. Aerosp. Electron. Syst., vol. 29, no. 3, pp. 1064–1065, Jul. 1993.</unstructured_citation>
</citation>
<citation key="ref-19">
<unstructured_citation>“Cognitive radar: a way of the future,” IEEE Signal Process. Mag., vol. 23, no. 1, pp. 30–40, Jan. 2006.</unstructured_citation>
</citation>
<citation key="ref-20">
<unstructured_citation>Foundations and Applications of Sensor Management. New York, NY,USA: Springer Publishing, 2008.</unstructured_citation>
</citation>
<citation key="ref-21">
<unstructured_citation>“Sensor management: past, present, and future,” IEEE Sensors J., vol. 11, no. 12, pp. 3064–3075, Dec. 2011.</unstructured_citation>
</citation>
<citation key="ref-22">
<unstructured_citation>“Study on Q-RAM and feasible directions based methods for resource management in phased array radar systems,” IEEE Trans. Aerosp. Electron. Syst., vol. 46, no. 4, pp. 1848–1864, Oct. 2010.</unstructured_citation>
</citation>
<citation key="ref-23">
<unstructured_citation>“The tracking index: a generalized parameter for alpha–beta and alpha–beta–gamma target trackers,” IEEE Trans. Aerosp. Electron. Syst., vol. 20, no. 2, pp. 174–182,Mar. 1984.</unstructured_citation>
</citation>
<citation key="ref-24">
<unstructured_citation>“Sensor Management for Surveillance and Tracking: An Operational Perspective,” Ph.D. thesis, Delft, The Netherlands, 2015.</unstructured_citation>
</citation>
<citation key="ref-25">
<unstructured_citation>“Threat-based sensor management for target tracking,” IEEE Trans. Aerosp. Electron. Syst., vol. 51, no. 4, pp. 2772–2785, Oct. 2015.</unstructured_citation>
</citation>
<citation key="ref-26">
<unstructured_citation>Novel Radar Techniques and Applications, Volume 2 —Waveform Diversity and Cognitive Radar, and Target Tracking and Data Fusion. London, U.K.: Scitech Publishing, 2017.</unstructured_citation>
</citation>
<citation key="ref-27">
<unstructured_citation>“On adaptive parameter control for phased-array tracking,” in Proc. SPIE’s Int. Symp.Opt. Sci., Eng., Instrum., vol. 3809, 1999, pp. 444–455.</unstructured_citation>
</citation>
<citation key="ref-28">
<unstructured_citation>“Sensor management using an active sensing approach,” Signal Process., vol. 85, no. 3, pp. 607–624,Mar. 2005.</unstructured_citation>
</citation>
<citation key="ref-29">
<unstructured_citation>“POMDP Sensor Scheduling with Adaptive Sampling,” in Proc. 17th Int. Conf. Inf. Fusion, Jul. 2014, pp. 1–7.</unstructured_citation>
</citation>
<citation key="ref-30">
<unstructured_citation>“Optimal threshold policies for multivariate POMDPs in radar resource management,” IEEE Trans. Signal Process., vol. 57, no. 10, pp. 3954–3969, Oct. 2009.</unstructured_citation>
</citation>
<citation key="ref-31">
<unstructured_citation>Optimal Control. Hoboken, NJ, USA:Wiley, 2012.</unstructured_citation>
</citation>
<citation key="ref-32">
<unstructured_citation>Modern Radar Systems. Norwood, MA, USA: Artech House, 2008.</unstructured_citation>
</citation>
<citation key="ref-33">
<unstructured_citation>“Variable dwell time task scheduling for multifunction radar,” IEEE Trans. Automat. Sci. Eng., vol. 11, no. 2, pp. 463–472, Apr. 2014.</unstructured_citation>
</citation>
<citation key="ref-34">
<unstructured_citation>Adaptive Radar Resource Management. London, U.K.: Academic Press, 2015.</unstructured_citation>
</citation>
<citation key="ref-35">
<unstructured_citation>“Online planning algorithms for POMDPs,” J. Artif. Intell. Res., vol. 32, no. 1, pp. 663–704, Jul. 2008.</unstructured_citation>
</citation>
<citation key="ref-36">
<unstructured_citation>“Optimal balancing of multi-function radar budget for multi-target tracking using lagrangian relaxation,” in Proc. 22nd Int. Conf. Inf. Fusion, Jul. 2019.</unstructured_citation>
</citation>
<citation key="ref-37">
<unstructured_citation>“Multi-task sensor resource balancing using Lagrangian relaxation and policy rollout,” in Proc. 23rd Int. Conf. Inf. Fusion, Jul. 2020.</unstructured_citation>
</citation>
<citation key="ref-38">
<unstructured_citation>A CONSTRAINED POMDP FORMULATION AND ALGORITHMIC SOLUTION FOR RADAR RESOURCEMANAGEMENT 45 “Reinforcement learning for adaptable bandwidth tracking radars,” IEEE Trans. Aerosp. Electron. Syst., vol. 56, no. 5, pp. 3904–3921, Oct. 2020.</unstructured_citation>
</citation>
<citation key="ref-39">
<unstructured_citation>“Task selection and scheduling in multifunction multichannel radars,” in Proc. 2017 IEEE Radar Conf., May 2017, pp. 969–974.</unstructured_citation>
</citation>
<citation key="ref-40">
<unstructured_citation>“The optimal control of partially observable Markov processes over a finite horizon,” Oper. Res., vol. 21, no. 5, pp. 1071–1088, 1973.</unstructured_citation>
</citation>
<citation key="ref-41">
<unstructured_citation>“Perseus: randomized point-based value iteration for POMDPs,” J. Artif. Intell. Res., vol. 24, pp. 195–220, 2005.</unstructured_citation>
</citation>
<citation key="ref-42">
<unstructured_citation>K. D. Sherbondy “Deep reinforcement learning control for radar detection and tracking in congested spectral environments,” IEEE Trans. Cogn. Commun. Netw., vol. 6, no. 4, pp. 1335–1349, Dec. 2020.</unstructured_citation>
</citation>
<citation key="ref-43">
<unstructured_citation>“Radar sensor management for detection and tracking,” in Proc. 2008 11th Int. Conf. Inf. Fusion, Jun. 2008, pp. 1–8.</unstructured_citation>
</citation>
<citation key="ref-44">
<unstructured_citation>“Lagrangian relaxation approaches to closed loop scheduling of track updates,” in Proc. SPIE’s Int. Symp. Opt. Sci., Eng., Instrum., 2012, pp. 8393–8393.</unstructured_citation>
</citation>
<citation key="ref-45">
<unstructured_citation>“Approximate Dynamic Programming for Communication- Constrained Sensor Network Management,” IEEE Trans. Signal Process., vol. 55, no. 8, pp. 4300–4311, Aug 2007.</unstructured_citation>
</citation>
<citation key="ref-46">
<unstructured_citation>“Hierarchical resource management in adaptive airborne surveillance radars,” IEEE Trans. Aerosp. Electron. Syst., vol. 42, no. 2, pp. 401–420, Apr. 2006. Max Ian Schöpe received the B.Eng. degree in electrical engineering from the Uni- versity of Applied Sciences in Hamburg, Germany, in February 2015. Subsequently, he started the M.Sc. program of telecommunication and sensing systems at TU Delft, the Netherlands, which he finished in October 2017. After his graduation, he started as a Ph.D. student in the Microwave Sensing, Signals and Systems group of TU Delft. His main research interests are in the areas of radar resource management using a partially observable Markov decision process framework. 46 JOURNAL OF ADVANCES IN INFORMATION FUSION VOL. 16, NO. 1 JUNE 2021</unstructured_citation>
</citation>
</citation_list>
</journal_article>
</journal>
</body>
</doi_batch>