<doi_batch xmlns="http://www.crossref.org/schema/4.3.7" xmlns:xsi="http://www.w3.org/2001/XMLSchema-instance" version="4.3.7" xsi:schemaLocation="http://www.crossref.org/schema/4.3.7 http://www.crossref.org/schema/deposit/crossref4.3.7.xsd">
<head>
<doi_batch_id></doi_batch_id>
<timestamp>1645533922.7823756</timestamp>
<depositor>
<depositor_name></depositor_name>
<email_address></email_address>
</depositor>
<registrant>WEB-FORM</registrant>
</head>
<body>
<journal>
<journal_metadata>
<full_title>Journal of Advances in Information Fusion</full_title>
<abbrev_title>JAIF</abbrev_title>
<issn media_type="print">1557-6418</issn>
</journal_metadata>
<journal_issue>
<publication_date media_type="print">
<month>June</month>
<day></day>
<year>2021</year>
</publication_date>
<journal_volume>
<volume>16</volume>
</journal_volume>
<issue>1</issue>
</journal_issue>
<journal_article publication_type="full_text">
<titles>
<title>Analysis of Costs for the GNP Problem</title>
</titles>
<contributors>
<person_name sequence="first" contributor_role="author">
<given_name>Mark </given_name>
<surname>Levedahl</surname>
<ORCID></ORCID>
</person_name>
<person_name sequence="first" contributor_role="author">
<given_name>John D.</given_name>
<surname>Glass</surname>
<ORCID></ORCID>
</person_name>
</contributors>
<publication_date media_type="print">
<month>June</month>
<day></day>
<year>2021</year>
</publication_date>
<pages>
<first_page>17</first_page>
<last_page>30</last_page>
</pages>
<citation_list>
<citation key="ref-1">
<unstructured_citation>Y. Bar-Shalom, S. Blackman, and R. Fitzgerald “Dimensionless score function for multiple hypothesis tracking,” IEEE Trans. Aerosp. Electron. Syst., vol. 43, no. 1, pp. 392–400, 2007.</unstructured_citation>
</citation>
<citation key="ref-2">
<unstructured_citation>“Multisensor track-to-track association for tracks with dependent errors,” J. Adv. Inf. Fusion, vol. 1, no 1, pp. 3–14, Jul. 2006.</unstructured_citation>
</citation>
<citation key="ref-3">
<unstructured_citation>Estimation with Applications to Tracking and Navigation. New York, NY,USA: John Wiley and Sons, 2001.</unstructured_citation>
</citation>
<citation key="ref-4">
<unstructured_citation>Tracking and Data Fusion: A Handbook of Algorithms. Storrs, CT, USA: YBS Publishing, 2011.</unstructured_citation>
</citation>
<citation key="ref-5">
<unstructured_citation>Design and Analysis ofModern Tracking Systems.Norwood, MA,USA:Artech House, 1999.</unstructured_citation>
</citation>
<citation key="ref-6">
<unstructured_citation>“Distrubuted multitarget multisensor tracking,” inMultitarget Multisensor Tracking:Advanced Applications. Boston,MA,USA:Artech House, 1990, pp. 247–295.</unstructured_citation>
</citation>
<citation key="ref-7">
<unstructured_citation>“Joint MAP bias estimation and data association: algorithms,” in Proc. SPIE, Signal and Data Process. Small Targets, vol. 6699, 2007.</unstructured_citation>
</citation>
<citation key="ref-8">
<unstructured_citation>“Exact bias removal for the track-to-track association problem,” in Proc. 12th Int. Conf. Inf. Fusion, Seattle,WA,USA, 2009.</unstructured_citation>
</citation>
<citation key="ref-9">
<unstructured_citation>“Exact association probability for data with bias and features,” J. Adv. Inf. Fusion, vol. 5, no. 1, pp. 41–67, 2010.</unstructured_citation>
</citation>
<citation key="ref-10">
<unstructured_citation>“On deriving the inverse of a sum of matrices,” SIAM Review, vol. 23, no. 1, pp. 53–60, 1981.</unstructured_citation>
</citation>
<citation key="ref-11">
<unstructured_citation>Track association with Bayesian probability theory, MIT Lincoln Laboratory, Tech. Rep., Lexington,MA,USA, 2003.</unstructured_citation>
</citation>
<citation key="ref-12">
<unstructured_citation>“Assignment costs for multiple sensor track-to-track association,” IEEE Trans. Aerosp. Electron. Syst., vol. 44, no. 2, pp. 655–677, 2008.</unstructured_citation>
</citation>
<citation key="ref-13">
<unstructured_citation>“Assignment costs for muliple sensor track-to-track association,” in Proc. 7th Int. Conf. Inf. Fusion, Stockholm, Sweden, 2004.</unstructured_citation>
</citation>
<citation key="ref-14">
<unstructured_citation>“Concurrent MAP data association and absolute bias estimation with an arbitrary number of sensors,” in Proc. SPIE, Signal and Data Process. Small Targets, vol. 6969, 2008.</unstructured_citation>
</citation>
<citation key="ref-15">
<unstructured_citation>“Efficiency and sensitivity of methods for assessing ambiguity in data association decisions,” in Proc. SPIE, Signal and Data Process. Small Targets, Orlando, FL, USA, 2008.</unstructured_citation>
</citation>
<citation key="ref-16">
<unstructured_citation>“An explicit pattern matching assignment algorithm,” in Proc. SPIE, Signal and Data Process. Small Targets, vol. 4728, pp. 461–469, 2002.</unstructured_citation>
</citation>
<citation key="ref-17">
<unstructured_citation>Method and system for assigning observations. U.S. Patent 7092924, 28 February 2002.</unstructured_citation>
</citation>
<citation key="ref-18">
<unstructured_citation>“Optimal non-assignment costs for the GNP problem,” in Proc. IEEE Aerosp. Conf., Big Sky,MT, USA, 2020.</unstructured_citation>
</citation>
<citation key="ref-19">
<unstructured_citation>“Multisensor bias estimation with local tracks without a priori association,” in Proc. SPIE, Signal and Data Process. Small Targets, vol. 5204, Bellingham, 2003.</unstructured_citation>
</citation>
<citation key="ref-20">
<unstructured_citation>“Track-to-track association and ambiguity management in the presence of sensor bias,” J. Adv. Inf. Fusion, vol. 6, no. 2, pp. 77–100, 2011.</unstructured_citation>
</citation>
<citation key="ref-21">
<unstructured_citation>“Simultaneous track-to-track association and bias removal using multistart local search,” in Proc. IEEE Aerosp. Conf., Big Sky,MT, USA, 2008.</unstructured_citation>
</citation>
<citation key="ref-22">
<unstructured_citation>“Survey of assignment techniques for multitarget tracking,” in Multitarget-Multisensor Tracking: Applications and Advances, vol. 3, Norwood,MA,USA:Artech House, 2000, pp. 77–159.</unstructured_citation>
</citation>
<citation key="ref-23">
<unstructured_citation>“Improvement in track-to-track association from using an adaptive threshold,” in Proc. 12th Int. Conf. Inf. Fusion, Seattle,WA,USA, 2009.</unstructured_citation>
</citation>
<citation key="ref-24">
<unstructured_citation>“Track to track association and bias removal,” in Proc. SPIE, Signal and Data Process. Small Targets, vol. 4728, pp. 315–329, 2002. ANALYSIS OF COSTS FOR THE GNP PROBLEM 29</unstructured_citation>
</citation>
</citation_list>
</journal_article>
</journal>
</body>
</doi_batch>