<doi_batch xmlns="http://www.crossref.org/schema/4.3.7" xmlns:xsi="http://www.w3.org/2001/XMLSchema-instance" version="4.3.7" xsi:schemaLocation="http://www.crossref.org/schema/4.3.7 http://www.crossref.org/schema/deposit/crossref4.3.7.xsd">
<head>
<doi_batch_id></doi_batch_id>
<timestamp>1645534016.2793097</timestamp>
<depositor>
<depositor_name></depositor_name>
<email_address></email_address>
</depositor>
<registrant>WEB-FORM</registrant>
</head>
<body>
<journal>
<journal_metadata>
<full_title>Journal of Advances in Information Fusion</full_title>
<abbrev_title>JAIF</abbrev_title>
<issn media_type="print">1557-6418</issn>
</journal_metadata>
<journal_issue>
<publication_date media_type="print">
<month>December</month>
<day></day>
<year>2015</year>
</publication_date>
<journal_volume>
<volume>10</volume>
</journal_volume>
<issue>2</issue>
</journal_issue>
<journal_article publication_type="full_text">
<titles>
<title>Early Fusion and Query Modification in Their Dual Late Fusion Forms</title>
</titles>
<contributors>
<person_name sequence="first" contributor_role="author">
<given_name>Leszek  </given_name>
<surname>Kaliciak</surname>
<ORCID></ORCID>
</person_name>
<person_name sequence="first" contributor_role="author">
<given_name>Hans  </given_name>
<surname>Myrhaug</surname>
<ORCID></ORCID>
</person_name>
<person_name sequence="first" contributor_role="author">
<given_name>Ayse  </given_name>
<surname>Goker</surname>
<ORCID></ORCID>
</person_name>
<person_name sequence="first" contributor_role="author">
<given_name>Dawei  </given_name>
<surname>Song</surname>
<ORCID></ORCID>
</person_name>
</contributors>
<publication_date media_type="print">
<month>December</month>
<day></day>
<year>2015</year>
</publication_date>
<pages>
<first_page>183</first_page>
<last_page>198</last_page>
</pages>
<citation_list>
<citation key="ref-1">
<unstructured_citation>http://www.courses.ischool.berkeley.edu/i240/s11/Lectures/ Lecture 15.ppt Berkeley–lecture notes.</unstructured_citation>
</citation>
<citation key="ref-2">
<unstructured_citation>Entangling words and meaning. Proceedings of the 2nd Quantum Interaction Symposium, 118—124, 2008.</unstructured_citation>
</citation>
<citation key="ref-3">
<unstructured_citation>Large-scale visual sentiment ontology and detectors using adjective noun pairs. Proceedings of the 21st ACM International Conference on Multimedia, 223—232, 2013.</unstructured_citation>
</citation>
<citation key="ref-4">
<unstructured_citation>Bloch Efficient fusion of multidimensional descriptors for image retrieval. IEEE International Conference on Image Processing, 5766— 5770, 2014. EARLY FUSION AND QUERY MODIFICATION IN THEIR DUAL LATE FUSION FORMS 195</unstructured_citation>
</citation>
<citation key="ref-5">
<unstructured_citation>Multimodal information spaces for content-based image retrieval. In Proceedings of the Third BCS-IRSG conference on Future Directions in Information Access, 110—116, 2009.</unstructured_citation>
</citation>
<citation key="ref-6">
<unstructured_citation>Increasing relevance and diversity in photo retrieval by result fusion. Working Notes of CLEF 2008, 2008.</unstructured_citation>
</citation>
<citation key="ref-7">
<unstructured_citation>Web mining for web image retrieval. Journal of the American Society for Information Science and Technology, 52(10):831—839, 2001.</unstructured_citation>
</citation>
<citation key="ref-8">
<unstructured_citation>Fusion techniques for combining textual and visual infor- mation retrieval. ImageCLEF, The Springer International Series on Informa- tion Retrieval, 32:95—114, 2010.</unstructured_citation>
</citation>
<citation key="ref-9">
<unstructured_citation>On the duality of specific early and late fusion strategies. Information Fusion (FUSION), 17th International Confer- ence on, 1—8, 2014.</unstructured_citation>
</citation>
<citation key="ref-10">
<unstructured_citation>Combining visual and textual systems within the context of user feedback. The 19th International Conference on Multimedia Modeling, 7732(1):445—455, 2013.</unstructured_citation>
</citation>
<citation key="ref-11">
<unstructured_citation>Content-based medical image retrieval: a survey of appli- cations to multidimensional and multimodality data. Journal of Digital Imaging, vol. 26, 1025—1039, 2013.</unstructured_citation>
</citation>
<citation key="ref-12">
<unstructured_citation>Relevance models in information retrieval. In Croft and Lafferty, 13:11—56, 2003.</unstructured_citation>
</citation>
<citation key="ref-13">
<unstructured_citation>Geometric and quantum methods for information retrieval. SIGIR Forum, 42(2):22—32, 2008.</unstructured_citation>
</citation>
<citation key="ref-14">
<unstructured_citation>A systematic discussion of fusion techniques for multi- modal affect recognition tasks. ICMI, 19—26, 2011.</unstructured_citation>
</citation>
<citation key="ref-15">
<unstructured_citation>A framework for understanding user interaction with content-based image retrieval: model, interface and users. PhD Thesis. kmi.open.ac.uk/people/alumni/haiming-liu, 2010.</unstructured_citation>
</citation>
<citation key="ref-16">
<unstructured_citation>Comparing dissimilarity measures for content-based image retrieval. The 4th Asia Information Retrieval Symposium, 44—50, 2008.</unstructured_citation>
</citation>
<citation key="ref-17">
<unstructured_citation>LEAR and XRCE’s participation to visual concept detec- tion task–ImageCLEF 2010. CLEF 2010–Conference on Multilingual and Multimodal Information Access evaluation, 77—80, 2006.</unstructured_citation>
</citation>
<citation key="ref-18">
<unstructured_citation>Weighted transmedia relevance feedback for image retrieval and auto-annotation. Technical Report Number 0415, 2011.</unstructured_citation>
</citation>
<citation key="ref-19">
<unstructured_citation>Emergence of simple-cell receptive field properties by learning a sparse code for natural images. Nature, 381:607—609, 1996.</unstructured_citation>
</citation>
<citation key="ref-20">
<unstructured_citation>A probabilistic model for user relevance feedback on image retrieval. Lecture Notes in Computer Science, 5237:260—271, 2008.</unstructured_citation>
</citation>
<citation key="ref-21">
<unstructured_citation>An efficient system for combining complementary kernels in complex visual categorization tasks. Proceedings of 17th IEEE International Conference on Image Processing, 3877—3880, 2010.</unstructured_citation>
</citation>
<citation key="ref-22">
<unstructured_citation>Utilizing relevance feedback in fusion-based retrieval. In Proceedings of the 37th International ACM SIGIR Confer- ence on Research and Development in Information Retrieval, 313—322, 2014.</unstructured_citation>
</citation>
<citation key="ref-23">
<unstructured_citation>The geometry of information retrieval. Cambridge University Press, 2004.</unstructured_citation>
</citation>
<citation key="ref-24">
<unstructured_citation>Fusion of global and local descriptors for remote sensing image classification. IEEE Geoscience and Remote Sensing Letters, 10(4):836— 840, 2013.</unstructured_citation>
</citation>
<citation key="ref-25">
<unstructured_citation>Simple BM25 extension to multiple weighted fields. In Proceedings of the Thirteenth ACM International Confer- ence on Information and Knowledge Management, 42—49, 2004.</unstructured_citation>
</citation>
<citation key="ref-26">
<unstructured_citation>Relevance feedback in information retrieval. The Smart Retrieval System-Experiments in Automatic Doc- ument Processing, 313—323, 1971.</unstructured_citation>
</citation>
<citation key="ref-27">
<unstructured_citation>Early versus late fusion in semantic video analysis. In Proceedings of the 13th Annual ACM International Con- ference on Multimedia, 399—402, 2005.</unstructured_citation>
</citation>
<citation key="ref-28">
<unstructured_citation>Smeulders The challenge problem for automated detection of 101 semantic concepts in multimedia. In Proceedings of the 13th Annual ACM International Con- ference on Multimedia, 421—430, 2006.</unstructured_citation>
</citation>
<citation key="ref-29">
<unstructured_citation>Fusion via a linear combination of scores. Information Retrieval, 1(3):151—173, 1999.</unstructured_citation>
</citation>
<citation key="ref-30">
<unstructured_citation>Tensor product of correlated text and visual features: a quantum theory inspired image retrieval framework. AAAI-Fall 2010 Symposium on Quantum Information for Cognitive, Social, and Semantic Processes, 109—116, 2010.</unstructured_citation>
</citation>
<citation key="ref-31">
<unstructured_citation>Semantic vector products: Some initial investigations. Proceedings of the 2nd Quantum Interaction Symposium, 2008.</unstructured_citation>
</citation>
<citation key="ref-32">
<unstructured_citation>pdf Combining systems: the tensor product and partial trace.</unstructured_citation>
</citation>
<citation key="ref-33">
<unstructured_citation>Image scene categorization using multi-bag-of-features. Proceedings of International Conference on Machine Learn- ing and Cybernetics, 4:1804—1808, 2011.</unstructured_citation>
</citation>
<citation key="ref-34">
<unstructured_citation>Revisiting Rocchio’s relevance feedback algorithm for probabilistic models. Lecture Notes in Computer Science, 6458:151—161, 2010.</unstructured_citation>
</citation>
<citation key="ref-35">
<unstructured_citation>Using corpus and knowledge-based similarity measure in maximum marginal relevance for meeting summarization. Acoustics, Speech and Signal Processing, 4985—4988, 2008. 196 JOURNAL OF ADVANCES IN INFORMATION FUSION VOL. 10, NO. 2 DECEMBER 2015</unstructured_citation>
</citation>
</citation_list>
</journal_article>
</journal>
</body>
</doi_batch>