<doi_batch xmlns="http://www.crossref.org/schema/4.3.7" xmlns:xsi="http://www.w3.org/2001/XMLSchema-instance" version="4.3.7" xsi:schemaLocation="http://www.crossref.org/schema/4.3.7 http://www.crossref.org/schema/deposit/crossref4.3.7.xsd">
<head>
<doi_batch_id></doi_batch_id>
<timestamp>1639242148.2760246</timestamp>
<depositor>
<depositor_name></depositor_name>
<email_address></email_address>
</depositor>
<registrant>WEB-FORM</registrant>
</head>
<body>
<journal>
<journal_metadata>
<full_title>Journal of Advances in Information Fusion</full_title>
<abbrev_title>JAIF</abbrev_title>
<issn media_type="print">1557-6418</issn>
</journal_metadata>
<journal_issue>
<publication_date media_type="print">
<month>December</month>
<day></day>
<year>2015</year>
</publication_date>
<journal_volume>
<volume>10</volume>
</journal_volume>
<issue>2</issue>
</journal_issue>
<journal_article publication_type="full_text">
<titles>
<title>Fusion of Multipath Data with ML-PMHT for Very Low SNR Track Detection in an OTHR</title>
</titles>
<contributors>
<person_name sequence="first" contributor_role="author">
<given_name>Kevin  </given_name>
<surname>Romeo</surname>
<ORCID></ORCID>
</person_name>
<person_name sequence="first" contributor_role="author">
<given_name>Yaakov  </given_name>
<surname>Bar-Shalom</surname>
<ORCID></ORCID>
</person_name>
<person_name sequence="first" contributor_role="author">
<given_name>Peter  </given_name>
<surname>Willett</surname>
<ORCID></ORCID>
</person_name>
</contributors>
<publication_date media_type="print">
<month>December</month>
<day></day>
<year>2015</year>
</publication_date>
<pages>
<first_page>113</first_page>
<last_page>124</last_page>
</pages>
<citation_list>
<citation key="ref-1">
<unstructured_citation>R. H. Anderson, and J. L. Krolik Multipath track association for over-the-horizon radar using a bootstrapped statistical ionospheric model. In Conference Record of the Thirty-Third Asilomar Confer- ence on Signals, Systems, and Computers, 1999, 8—14.</unstructured_citation>
</citation>
<citation key="ref-2">
<unstructured_citation>Track association for over-the-horizon radar with a statisti- cal ionospheric model. IEEE Transactions on Signal Processing, 50, 11 (2002), 2632—2643.</unstructured_citation>
</citation>
<citation key="ref-3">
<unstructured_citation>Estimation with Applications to Tracking and Navigation. New York: Wiley, 2001.</unstructured_citation>
</citation>
<citation key="ref-4">
<unstructured_citation>Tracking and Data Fusion. Storrs, CT: YBS Publishing, 2011.</unstructured_citation>
</citation>
<citation key="ref-5">
<unstructured_citation>Offline and real-time methods for ML-PDA track valida- tion. IEEE Transactions on Signal Processing, 55, 5 (May 2007), 1994—2006.</unstructured_citation>
</citation>
<citation key="ref-6">
<unstructured_citation>The probabilistic data association filter with multiple non- uniform clutter regions. In The Record of the IEEE 2000 International Radar Con- ference, 2000, 65—70.</unstructured_citation>
</citation>
<citation key="ref-7">
<unstructured_citation>PDAF with multiple clutter regions and target models. IEEE Transactions on Aerospace and Electronic Systems, 39, 1 (Jan. 2003), 110—124.</unstructured_citation>
</citation>
<citation key="ref-8">
<unstructured_citation>PDAF versus PMHT performance on OTHR data. In Proceedings of the International Radar Conference, 2003, Sep. 2003, 560—565.</unstructured_citation>
</citation>
<citation key="ref-9">
<unstructured_citation>SIFTER: signal inversion for target extraction and registra- tion. Radio Science, 39, 1 (2004).</unstructured_citation>
</citation>
<citation key="ref-10">
<unstructured_citation>An EM algorithm for multipath state estimation in OTHR target tracking. IEEE Transactions on Signal Processing, 62, 11 (2014), 2814—2826.</unstructured_citation>
</citation>
<citation key="ref-11">
<unstructured_citation>Multihypothesis fusion of multipath over-the-horizon radar tracks. In Proceedings of SPIE 3373, Signal and Data Processing of Small Targets, 1998.</unstructured_citation>
</citation>
<citation key="ref-12">
<unstructured_citation>A multipath data association tracker for over-the-horizon radar. IEEE Transactions on Aerospace and Electronic Systems, 34, 4 (Oct. 1998), 1165—1183.</unstructured_citation>
</citation>
<citation key="ref-13">
<unstructured_citation>Multipath track association for over-the-horizon radar using Lagrangian relaxation. In Proceedings of SPIE Signal and Data Processing of Small Targets, 2004.</unstructured_citation>
</citation>
<citation key="ref-14">
<unstructured_citation>Comparison of track fusion with measurement fusion for multipath OTHR surveillance. In Proceedings of the 4th International Conference on Infor- mation Fusion, 2001.</unstructured_citation>
</citation>
<citation key="ref-15">
<unstructured_citation>Joint ionospheric and target state estimation for multipath OTHR track fusion. In Proceedings of SPIE Signal and Data Processing of Small Targets, 2001.</unstructured_citation>
</citation>
<citation key="ref-16">
<unstructured_citation>A multiple hypothesis tracker for multitarget tracking with multiple simultaneous measurements. IEEE Journal of Selected Topics in Signal Processing, 7, 3 (Jun. 2013), 448—460.</unstructured_citation>
</citation>
<citation key="ref-17">
<unstructured_citation>Maximum likelihood probabilistic multi-hypothesis tracker applied to multistatic sonar data sets. In Proceedings of SPIE Conference on Signal Processing, Sensor Fusion, and Target Recognition, Mar. 2011.</unstructured_citation>
</citation>
<citation key="ref-18">
<unstructured_citation>ML-PDA and ML-PMHT: Comparing multistatic sonar trackers for VLO targets using a new multitarget imple- mentation. IEEE Journal of Oceanic Engineering, 39, 2 (Apr. 2014), 303—317. FUSION OF MULTIPATH DATA WITH ML-PMHT FOR VERY LOW SNR TRACK DETECTION IN AN OTHR 121</unstructured_citation>
</citation>
<citation key="ref-19">
<unstructured_citation>Extreme-value analysis for ML-PMHT, part 1: target track- ability. IEEE Transactions on Aerospace and Electronic Systems, (2014 in print).</unstructured_citation>
</citation>
</citation_list>
</journal_article>
</journal>
</body>
</doi_batch>