<doi_batch xmlns="http://www.crossref.org/schema/4.3.7" xmlns:xsi="http://www.w3.org/2001/XMLSchema-instance" version="4.3.7" xsi:schemaLocation="http://www.crossref.org/schema/4.3.7 http://www.crossref.org/schema/deposit/crossref4.3.7.xsd">
<head>
<doi_batch_id></doi_batch_id>
<timestamp>1645533987.9998162</timestamp>
<depositor>
<depositor_name></depositor_name>
<email_address></email_address>
</depositor>
<registrant>WEB-FORM</registrant>
</head>
<body>
<journal>
<journal_metadata>
<full_title>Journal of Advances in Information Fusion</full_title>
<abbrev_title>JAIF</abbrev_title>
<issn media_type="print">1557-6418</issn>
</journal_metadata>
<journal_issue>
<publication_date media_type="print">
<month>June</month>
<day></day>
<year>2017</year>
</publication_date>
<journal_volume>
<volume>12</volume>
</journal_volume>
<issue>1</issue>
</journal_issue>
<journal_article publication_type="full_text">
<titles>
<title>Bearings-Only Tracking with Fusion from Heterogenous Passive Sensors: ESM/EO and Acoustic</title>
</titles>
<contributors>
<person_name sequence="first" contributor_role="author">
<given_name>Rong </given_name>
<surname>Yang</surname>
<ORCID></ORCID>
</person_name>
<person_name sequence="first" contributor_role="author">
<given_name>Yaakov </given_name>
<surname>Bar-Shalom</surname>
<ORCID></ORCID>
</person_name>
<person_name sequence="first" contributor_role="author">
<given_name>Gee Wah </given_name>
<surname>Ng</surname>
<ORCID></ORCID>
</person_name>
</contributors>
<publication_date media_type="print">
<month>June</month>
<day></day>
<year>2017</year>
</publication_date>
<pages>
<first_page>3</first_page>
<last_page>17</last_page>
</pages>
<citation_list>
<citation key="ref-1">
<unstructured_citation>Aidala, V. J. Kalman filter behavior in bearings-only tracking applica- tions, IEEE Transactions on Aerospace and Electronic Systems, 15, 1 (Jan. 1979), 29—39.</unstructured_citation>
</citation>
<citation key="ref-2">
<unstructured_citation>Estimation with Applications to Tracking and Navigation: Theory, Algorithms and Software, New York: Wiley, 2001.</unstructured_citation>
</citation>
<citation key="ref-3">
<unstructured_citation>Update with out-of-sequence measurements in tracking: Exact Solution, IEEE Transactions on Aerospace and Electronic Systems, 38, 3 (Jul. 2002), 769—778.</unstructured_citation>
</citation>
<citation key="ref-4">
<unstructured_citation>One-Step Solution for the Multistep Out-of-Sequence Mea- surement Problem in Tracking, IEEE Transactions on Aerospace and Electronic Systems, 40, 1 (Jan. 2004), 27—37.</unstructured_citation>
</citation>
<citation key="ref-5">
<unstructured_citation>Tracking and Data Fusion: A Handbook of Algorithms, YBS Publishing, 2011.</unstructured_citation>
</citation>
<citation key="ref-6">
<unstructured_citation>Discrete-time observability and estimability analysis for bearings-only target motion analysis, IEEE Transactions on Aerospace and Electronic Systems, 33, 1 (Jan. 1997), 178—201.</unstructured_citation>
</citation>
<citation key="ref-7">
<unstructured_citation>Target motion analysis of a source in a constant turn from a nonmaneuvering observer, IEEE Transactions on Aerospace and Electronic Systems, 49, 3 (Jul. 2013), 1760—1780.</unstructured_citation>
</citation>
<citation key="ref-8">
<unstructured_citation>Y. A generalized S-D assignment algorithm for multisensor- multitarget state estimation, IEEE Transactions on Aerospace and Electronic Systems, 33, 2 (Apr. 1997), 523—538.</unstructured_citation>
</citation>
<citation key="ref-9">
<unstructured_citation>“Tracking with time-delayed data in multisensor systems,” NSWCDD/TR-93/351, Dahlgren, VA, Aug. 1993.</unstructured_citation>
</citation>
<citation key="ref-10">
<unstructured_citation>Track Formation with Bearing and Frequency Measure- ments in Clutter, IEEE Transactions on Aerospace Electronic Systems, 26, 6 (Nov. 1990), 999—1009.</unstructured_citation>
</citation>
<citation key="ref-11">
<unstructured_citation>Observability in passive target motion analysis, IEEE Transactions on Aerospace and Electronic Systems, 32, 4 (Oct.1996), 1290—1300.</unstructured_citation>
</citation>
<citation key="ref-12">
<unstructured_citation>Observability and Fisher information matrix in nonlinear regression, IEEE Transactions on Aerospace and Electronic Systems, 43, 2 (Apr. 2007), 756—759.</unstructured_citation>
</citation>
<citation key="ref-13">
<unstructured_citation>Bearings-only maneuvering target motion analysis from a nonmaneuvering platform, IEEE Transactions on Aerospace and Electronic Systems, 46, 4 (Oct. 2010), 1934—1948.</unstructured_citation>
</citation>
<citation key="ref-14">
<unstructured_citation>Target motion analysis by inverse triangulation, Proc. 18th International Conference on Information Fusion, Washington, DC, Jul. 2015.</unstructured_citation>
</citation>
<citation key="ref-15">
<unstructured_citation>A new extension of the Kalman filter to nonlinear systems, Proceedings of AeroSense: The 11th International Sympo- sium on Aerospace/Defence Sensing, Simulation and Con- trols, Apr. 1997.</unstructured_citation>
</citation>
<citation key="ref-16">
<unstructured_citation>Position and velocity estimation via bearing observations, IEEE Transactions on Aerospace and Electronic Systems, 14, 4 (Jul. 1978) 564—577.</unstructured_citation>
</citation>
<citation key="ref-17">
<unstructured_citation>Observability criteria for bearings-only target motion anal- ysis, IEEE Transactions on Aerospace and Electronic Systems, 17, 2 (Mar. 1981), 162—166.</unstructured_citation>
</citation>
<citation key="ref-18">
<unstructured_citation>Target Motion Analysis with Bearing and Frequencies Mea- surements, Proceedings of the 22nd Asilomar Conference, Pacific Grove, CA, USA, Nov. 1988.</unstructured_citation>
</citation>
<citation key="ref-19">
<unstructured_citation>A new relaxation algorithm and passive sensor data asso- ciation, IEEE Transactions on Automatic Control, 37, 2 (Feb. 1992), 198—213.</unstructured_citation>
</citation>
<citation key="ref-20">
<unstructured_citation>Beyond the Kalman Filter: Particle Filters for Tracking Ap- plications, Boston London: Artech House, 2004.</unstructured_citation>
</citation>
<citation key="ref-21">
<unstructured_citation>Posterior Cramer-Rao bounds for discrete-time nonlinear filtering, IEEE Transations on Signal Process, 46, 5 (May 1998), 1386—1396. 16 JOURNAL OF ADVANCES IN INFORMATION FUSION VOL. 12, NO. 1 JUNE 2017</unstructured_citation>
</citation>
<citation key="ref-22">
<unstructured_citation>Tracking/fusion and deghosting with Doppler frequency from two passive acoustic sensor, Proc. 16th International Conference on Information Fusion, Istanbul, Turkey, Jul. 2013.</unstructured_citation>
</citation>
<citation key="ref-23">
<unstructured_citation>Interacting multiple model unscented Gauss-Helmert filter for bearings-only tracking with state-dependent propaga- tion delay, Proc. 17th International Conference on Information Fusion, Salamanca, Spain, Jul. 2014.</unstructured_citation>
</citation>
</citation_list>
</journal_article>
</journal>
</body>
</doi_batch>