<doi_batch xmlns="http://www.crossref.org/schema/4.3.7" xmlns:xsi="http://www.w3.org/2001/XMLSchema-instance" version="4.3.7" xsi:schemaLocation="http://www.crossref.org/schema/4.3.7 http://www.crossref.org/schema/deposit/crossref4.3.7.xsd">
<head>
<doi_batch_id></doi_batch_id>
<timestamp>1639242121.3592513</timestamp>
<depositor>
<depositor_name></depositor_name>
<email_address></email_address>
</depositor>
<registrant>WEB-FORM</registrant>
</head>
<body>
<journal>
<journal_metadata>
<full_title>Journal of Advances in Information Fusion</full_title>
<abbrev_title>JAIF</abbrev_title>
<issn media_type="print">1557-6418</issn>
</journal_metadata>
<journal_issue>
<publication_date media_type="print">
<month>June</month>
<day></day>
<year>2017</year>
</publication_date>
<journal_volume>
<volume>12</volume>
</journal_volume>
<issue>1</issue>
</journal_issue>
<journal_article publication_type="full_text">
<titles>
<title>Cognitive Video Streaming</title>
</titles>
<contributors>
<person_name sequence="first" contributor_role="author">
<given_name>D. </given_name>
<surname>Pasupuleti</surname>
<ORCID></ORCID>
</person_name>
<person_name sequence="first" contributor_role="author">
<given_name>P. </given_name>
<surname>Mannaru</surname>
<ORCID></ORCID>
</person_name>
<person_name sequence="first" contributor_role="author">
<given_name>B. </given_name>
<surname>Balasingam</surname>
<ORCID></ORCID>
</person_name>
<person_name sequence="first" contributor_role="author">
<given_name>M. </given_name>
<surname>Baum</surname>
<ORCID></ORCID>
</person_name>
<person_name sequence="first" contributor_role="author">
<given_name>K. </given_name>
<surname>Pattipati</surname>
<ORCID></ORCID>
</person_name>
<person_name sequence="first" contributor_role="author">
<given_name>P. </given_name>
<surname>Willett</surname>
<ORCID></ORCID>
</person_name>
<person_name sequence="first" contributor_role="author">
<given_name>C.  </given_name>
<surname>Lintz</surname>
<ORCID></ORCID>
</person_name>
<person_name sequence="first" contributor_role="author">
<given_name>G. </given_name>
<surname>Commeau</surname>
<ORCID></ORCID>
</person_name>
<person_name sequence="first" contributor_role="author">
<given_name>F. </given_name>
<surname>Dorigo</surname>
<ORCID></ORCID>
</person_name>
<person_name sequence="first" contributor_role="author">
<given_name>J. </given_name>
<surname>Fahrny</surname>
<ORCID></ORCID>
</person_name>
</contributors>
<publication_date media_type="print">
<month>June</month>
<day></day>
<year>2017</year>
</publication_date>
<pages>
<first_page>41</first_page>
<last_page>57</last_page>
</pages>
<citation_list>
<citation key="ref-1">
<unstructured_citation>“Cisco visual networking index: Forforecast methodology 2013—2018.” Cisco, Tech. Rep., June 2014.</unstructured_citation>
</citation>
<citation key="ref-2">
<unstructured_citation>(PSS); Progressive Download and Dynamic Adaptive Stream- ing Over HTTP (3GP-DASH), 3GPP Std. TS 26.247 v10.1.0, June 2011.</unstructured_citation>
</citation>
<citation key="ref-3">
<unstructured_citation>H. Yan Prometheus: Toward quality-of-experience estimation for mobile apps from passive network measurements, ACM HotMobile, 2014.</unstructured_citation>
</citation>
<citation key="ref-4">
<unstructured_citation>shan Enhancing video accessibility and availability using infor- mation-bound references, in Proceedings of the ninth ACM conference on Emerging networking experiments and technologies. ACM, 2013, pp. 345—356.</unstructured_citation>
</citation>
<citation key="ref-5">
<unstructured_citation>Analyzing the potential benefits of CDN augmentation strategies for internet video workloads, in Proceedings of the 2013 conference on Internet measure- ment conference. ACM, 2013, pp. 43—56.</unstructured_citation>
</citation>
<citation key="ref-6">
<unstructured_citation>and H. Zhang A quest for an internet video quality-of-experience metric, in Proceedings of the 11th ACM Workshop on Hot Topics in Networks. ACM, 2012, pp. 97—102.</unstructured_citation>
</citation>
<citation key="ref-7">
<unstructured_citation>Developing a predictive model of quality of experience for internet video, in ACM SIGCOMM Computer Communication Review, vol. 43, no. 4. ACM, 2013, pp. 339—350.</unstructured_citation>
</citation>
</citation_list>
</journal_article>
</journal>
</body>
</doi_batch>