<doi_batch xmlns="http://www.crossref.org/schema/4.3.7" xmlns:xsi="http://www.w3.org/2001/XMLSchema-instance" version="4.3.7" xsi:schemaLocation="http://www.crossref.org/schema/4.3.7 http://www.crossref.org/schema/deposit/crossref4.3.7.xsd">
<head>
<doi_batch_id></doi_batch_id>
<timestamp>1639242121.3662326</timestamp>
<depositor>
<depositor_name></depositor_name>
<email_address></email_address>
</depositor>
<registrant>WEB-FORM</registrant>
</head>
<body>
<journal>
<journal_metadata>
<full_title>Journal of Advances in Information Fusion</full_title>
<abbrev_title>JAIF</abbrev_title>
<issn media_type="print">1557-6418</issn>
</journal_metadata>
<journal_issue>
<publication_date media_type="print">
<month>June</month>
<day></day>
<year>2017</year>
</publication_date>
<journal_volume>
<volume>12</volume>
</journal_volume>
<issue>1</issue>
</journal_issue>
<journal_article publication_type="full_text">
<titles>
<title>Tracking a Maneuvering Target Using Two Heterogeneous Passive Sensors on a Single Stationary Platform with IMM Estimation</title>
</titles>
<contributors>
<person_name sequence="first" contributor_role="author">
<given_name>Hong An Jack</given_name>
<surname>Huang</surname>
<ORCID></ORCID>
</person_name>
<person_name sequence="first" contributor_role="author">
<given_name>Yaakov </given_name>
<surname>Bar-Shalom</surname>
<ORCID></ORCID>
</person_name>
<person_name sequence="first" contributor_role="author">
<given_name>Rong </given_name>
<surname>Yang</surname>
<ORCID></ORCID>
</person_name>
<person_name sequence="first" contributor_role="author">
<given_name>Gee Wah </given_name>
<surname>Ng</surname>
<ORCID></ORCID>
</person_name>
</contributors>
<publication_date media_type="print">
<month>June</month>
<day></day>
<year>2017</year>
</publication_date>
<pages>
<first_page>110</first_page>
<last_page>124</last_page>
</pages>
<citation_list>
<citation key="ref-1">
<unstructured_citation>V. Aidala “Kalman filter behavior in bearings-only tracking applica- tions,” Aerospace and Electronic Systems, IEEE Transactions on, vol. AES-15, no. 1, pp. 29—39, Jan 1979.</unstructured_citation>
</citation>
<citation key="ref-2">
<unstructured_citation>“Update with out-of-sequence measurements in tracking: exact solution,” Aerospace and Electronic Systems, IEEE Transactions on, vol. 38, no. 3, pp. 769—777, Jul 2002.</unstructured_citation>
</citation>
<citation key="ref-3">
<unstructured_citation>“One-step solution for the general out-of-sequence- measurement problem in tracking,” in Aerospace Conference Proceedings, 2002. IEEE, vol. 4, 2002, pp. 4-1551—4-1559 vol.4.</unstructured_citation>
</citation>
<citation key="ref-4">
<unstructured_citation>Estimation with Applications to Tracking and Navigation: Theory, Algorithms and Software. John Wiley & Sons, 2001.</unstructured_citation>
</citation>
<citation key="ref-5">
<unstructured_citation>Tracking and Data Fusion: A Handbook of Algorithms. YBS Publishing, 2011.</unstructured_citation>
</citation>
<citation key="ref-6">
<unstructured_citation>“The interacting multiple model algorithm for systems with markovian switching coefficients,” Automatic Control, IEEE Transactions on, vol. 33, no. 8, pp. 780—783, Aug 1988.</unstructured_citation>
</citation>
<citation key="ref-7">
<unstructured_citation>“Discrete-time observability and estimability analysis for bearings-only target motion analysis,” IEEE Transactions on Aerospace and Electronic Systems, vol. 33, no. 1, pp. 178—201, Jan 1997.</unstructured_citation>
</citation>
<citation key="ref-8">
<unstructured_citation>“Nth-order dynamics target observability from angle mea- surements,” Aerospace and Electronic Systems, IEEE Transactions on, vol. 24, no. 3, pp. 305—308, May 1988.</unstructured_citation>
</citation>
<citation key="ref-9">
<unstructured_citation>“Bearings-only TMA without observer maneuver,” in Information Fusion, Proc. 11th International Conference on, June 2008.</unstructured_citation>
</citation>
<citation key="ref-10">
<unstructured_citation>“New extension of the Kalman filter to nonlinear systems,” in Proc. SPIE, Conf. Signal Processing, Sensor Fusion, and Target Recognition VI, vol. 3068, Orlando, FL, April 1997.</unstructured_citation>
</citation>
<citation key="ref-11">
<unstructured_citation>“Position and velocity estimation via bearing observations,” Aerospace and Electronic Systems, IEEE Transactions on, no. 4, pp. 564—577, 1978.</unstructured_citation>
</citation>
</citation_list>
</journal_article>
</journal>
</body>
</doi_batch>