<doi_batch xmlns="http://www.crossref.org/schema/4.3.7" xmlns:xsi="http://www.w3.org/2001/XMLSchema-instance" version="4.3.7" xsi:schemaLocation="http://www.crossref.org/schema/4.3.7 http://www.crossref.org/schema/deposit/crossref4.3.7.xsd">
<head>
<doi_batch_id></doi_batch_id>
<timestamp>1645534065.1912851</timestamp>
<depositor>
<depositor_name></depositor_name>
<email_address></email_address>
</depositor>
<registrant>WEB-FORM</registrant>
</head>
<body>
<journal>
<journal_metadata>
<full_title>Journal of Advances in Information Fusion</full_title>
<abbrev_title>JAIF</abbrev_title>
<issn media_type="print">1557-6418</issn>
</journal_metadata>
<journal_issue>
<publication_date media_type="print">
<month>June</month>
<day></day>
<year>2012</year>
</publication_date>
<journal_volume>
<volume>7</volume>
</journal_volume>
<issue>1</issue>
</journal_issue>
<journal_article publication_type="full_text">
<titles>
<title>Corrections to “A Critical Look at the PMHT”</title>
</titles>
<contributors>
<person_name sequence="first" contributor_role="author">
<given_name>David F.</given_name>
<surname>Crouse</surname>
<ORCID></ORCID>
</person_name>
<person_name sequence="first" contributor_role="author">
<given_name>Le </given_name>
<surname>Zheng</surname>
<ORCID></ORCID>
</person_name>
<person_name sequence="first" contributor_role="author">
<given_name>Peter </given_name>
<surname>Willett</surname>
<ORCID></ORCID>
</person_name>
</contributors>
<publication_date media_type="print">
<month>June</month>
<day></day>
<year>2012</year>
</publication_date>
<pages>
<first_page>97</first_page>
<last_page>98</last_page>
</pages>
<citation_list>
<citation key="ref-1">
<unstructured_citation>D. F. Crouse, M. Guerriero, and P. Willett A critical look at the PMHT. Journal of Advances in Information Fusion, 4, 2 (Dec. 2009), 93—116.</unstructured_citation>
</citation>
<citation key="ref-2">
<unstructured_citation>A= B.</unstructured_citation>
</citation>
<citation key="ref-3">
<unstructured_citation>available: http://www.math.upenn.edu/wilf/AeqB.html. 98 JOURNAL OF ADVANCES IN INFORMATION FUSION VOL. 7, NO. 1 JUNE 2012</unstructured_citation>
</citation>
</citation_list>
</journal_article>
</journal>
</body>
</doi_batch>