<doi_batch xmlns="http://www.crossref.org/schema/4.3.7" xmlns:xsi="http://www.w3.org/2001/XMLSchema-instance" version="4.3.7" xsi:schemaLocation="http://www.crossref.org/schema/4.3.7 http://www.crossref.org/schema/deposit/crossref4.3.7.xsd">
<head>
<doi_batch_id></doi_batch_id>
<timestamp>1645534065.1610074</timestamp>
<depositor>
<depositor_name></depositor_name>
<email_address></email_address>
</depositor>
<registrant>WEB-FORM</registrant>
</head>
<body>
<journal>
<journal_metadata>
<full_title>Journal of Advances in Information Fusion</full_title>
<abbrev_title>JAIF</abbrev_title>
<issn media_type="print">1557-6418</issn>
</journal_metadata>
<journal_issue>
<publication_date media_type="print">
<month>June</month>
<day></day>
<year>2012</year>
</publication_date>
<journal_volume>
<volume>7</volume>
</journal_volume>
<issue>1</issue>
</journal_issue>
<journal_article publication_type="full_text">
<titles>
<title>Posterior Cramér-Rao Bounds for Doppler Biased Distributed Tracking</title>
</titles>
<contributors>
<person_name sequence="first" contributor_role="author">
<given_name>Xiufeng </given_name>
<surname>Song</surname>
<ORCID></ORCID>
</person_name>
<person_name sequence="first" contributor_role="author">
<given_name>Peter </given_name>
<surname>Willett</surname>
<ORCID></ORCID>
</person_name>
<person_name sequence="first" contributor_role="author">
<given_name>Shengli </given_name>
<surname>Zhou</surname>
<ORCID></ORCID>
</person_name>
</contributors>
<publication_date media_type="print">
<month>June</month>
<day></day>
<year>2012</year>
</publication_date>
<pages>
<first_page>16</first_page>
<last_page>27</last_page>
</pages>
<citation_list>
<citation key="ref-1">
<unstructured_citation>Y. Bar-Shalom, X. R. Li, and T. Kirubarajan Estimation with Application to Tracking and Navigation. Wiley-Interscience, 2001.</unstructured_citation>
</citation>
<citation key="ref-2">
<unstructured_citation>Effects of range-Doppler coupling on Chirp radar tracking accuracy. IEEE Transactions on Aerospace and Electronic Systems, 10, 4 (July 1974), 528—532.</unstructured_citation>
</citation>
<citation key="ref-3">
<unstructured_citation>Elements of Computational Statistics. Springer, 2002. POSTERIOR CRAMÉR-RAO BOUNDS FOR DOPPLER BIASED DISTRIBUTED TRACKING 25</unstructured_citation>
</citation>
<citation key="ref-4">
<unstructured_citation>MIMO radar with widely separated antennas. IEEE Signal Processing Magazine, 25, 1 (Jan. 2008), 116— 129.</unstructured_citation>
</citation>
<citation key="ref-5">
<unstructured_citation>Matched-filter theory for high-velocity, accelerating targets. IEEE Transactions on Military Electronics, 9, 1 (Jan. 1965), 56—69.</unstructured_citation>
</citation>
<citation key="ref-6">
<unstructured_citation>Radar Signals. John Wiley & Sons, Inc., Hoboken, NJ, 2004.</unstructured_citation>
</citation>
<citation key="ref-7">
<unstructured_citation>MIMO radar with colocated antennas. IEEE Signal Processing Magazine, 24, 5 (Sept. 2007), 106— 114.</unstructured_citation>
</citation>
<citation key="ref-8">
<unstructured_citation>Matrix CRLB scaling due to measurements of uncertain origin. IEEE Transactions on Signal Processing, 49, 7 (July 2001), 1325—1335.</unstructured_citation>
</citation>
<citation key="ref-9">
<unstructured_citation>Tracking considerations in selection of radar waveform for range and range-rate measurements. IEEE Transactions on Aerospace and Electronic Systems, 38, 2 (Apr. 2002), 467—487.</unstructured_citation>
</citation>
<citation key="ref-10">
<unstructured_citation>Posterior Cramér-Rao bounds for Doppler biased multi- static range-only tracking. In Proceedings of the International Conference on Informa- tion Fusion, Chicago, IL, July 2011.</unstructured_citation>
</citation>
<citation key="ref-11">
<unstructured_citation>Reducing the waveform cross correlation of MIMO radar with space-time coding. IEEE Transactions on Signal Processing, 58, 8 (Aug. 2010), 4213—4224.</unstructured_citation>
</citation>
</citation_list>
</journal_article>
</journal>
</body>
</doi_batch>