<doi_batch xmlns="http://www.crossref.org/schema/4.3.7" xmlns:xsi="http://www.w3.org/2001/XMLSchema-instance" version="4.3.7" xsi:schemaLocation="http://www.crossref.org/schema/4.3.7 http://www.crossref.org/schema/deposit/crossref4.3.7.xsd">
<head>
<doi_batch_id></doi_batch_id>
<timestamp>1645534065.1772408</timestamp>
<depositor>
<depositor_name></depositor_name>
<email_address></email_address>
</depositor>
<registrant>WEB-FORM</registrant>
</head>
<body>
<journal>
<journal_metadata>
<full_title>Journal of Advances in Information Fusion</full_title>
<abbrev_title>JAIF</abbrev_title>
<issn media_type="print">1557-6418</issn>
</journal_metadata>
<journal_issue>
<publication_date media_type="print">
<month>June</month>
<day></day>
<year>2012</year>
</publication_date>
<journal_volume>
<volume>7</volume>
</journal_volume>
<issue>1</issue>
</journal_issue>
<journal_article publication_type="full_text">
<titles>
<title>Predetection Fusion in Large Sensor Networks with Unknown Target Locations</title>
</titles>
<contributors>
<person_name sequence="first" contributor_role="author">
<given_name>Ramon </given_name>
<surname>Georgescu</surname>
<ORCID></ORCID>
</person_name>
<person_name sequence="first" contributor_role="author">
<given_name>Peter </given_name>
<surname>Willett</surname>
<ORCID></ORCID>
</person_name>
<person_name sequence="first" contributor_role="author">
<given_name>Stefano </given_name>
<surname>Marano</surname>
<ORCID></ORCID>
</person_name>
<person_name sequence="first" contributor_role="author">
<given_name>Vincenzo </given_name>
<surname>Matt</surname>
<ORCID></ORCID>
</person_name>
</contributors>
<publication_date media_type="print">
<month>June</month>
<day></day>
<year>2012</year>
</publication_date>
<pages>
<first_page>61</first_page>
<last_page>77</last_page>
</pages>
<citation_list>
<citation key="ref-1">
<unstructured_citation>Y. Bar-Shalom and X. R. Li Multitarget-Multisensor Tracking: Principles and Techniques. YBS Publishing, 1995.</unstructured_citation>
</citation>
<citation key="ref-2">
<unstructured_citation>A gentle tutorial on the EM algorithm and its application to parameter estimation for Gaussian Mixture and Hidden Markov Models. Technical Report ICSI-TR-97-02, University of Berkeley, 1998. 74 JOURNAL OF ADVANCES IN INFORMATION FUSION VOL. 7, NO. 1 JUNE 2012</unstructured_citation>
</citation>
<citation key="ref-3">
<unstructured_citation>Design and Analysis of Modern Tracking Systems. Artech House, 1999.</unstructured_citation>
</citation>
<citation key="ref-4">
<unstructured_citation>ML-PDA: Advances and a new multitarget approach. EURASIP Journal on Advances in Signal Processing, Article ID 260186, 2008.</unstructured_citation>
</citation>
<citation key="ref-5">
<unstructured_citation>Optimal data fusion in multiple sensor detection systems. IEEE Transactions on Aerospace and Electronic Systems, 22 (1986), 98—101.</unstructured_citation>
</citation>
<citation key="ref-6">
<unstructured_citation>Multi-stage data fusion and the MSTWG TNO datasets. In Proceedings of 12th International Conference on Informa- tion Fusion, Seattle, WA, 2009.</unstructured_citation>
</citation>
<citation key="ref-7">
<unstructured_citation>An ML-MHT approach to tracking dim targets in large sensor networks. In Proceedings of 13th International Conference on Informa- tion Fusion, Edinburgh, Scotland, 2010.</unstructured_citation>
</citation>
<citation key="ref-8">
<unstructured_citation>An algorithm for the fusion of two sets of (sonar) data. In Oceans 2005–Europe, vol. 1, Brest, France, 2005.</unstructured_citation>
</citation>
<citation key="ref-9">
<unstructured_citation>The dependence of fusion gain on signal-amplitude distri- butions and position errors. IEEE Journal Ocean. Eng., 33, 3 (2008), 266—277.</unstructured_citation>
</citation>
<citation key="ref-10">
<unstructured_citation>Multistatic Sonar Target Tracking. Ph.D. thesis, University of Connecticut, 2008.</unstructured_citation>
</citation>
<citation key="ref-11">
<unstructured_citation>GM-CPHD and ML-PDA applied to the Metron multi-static sonar dataset. In Proceedings of 13th International Conference on Informa- tion Fusion, Edinburgh, Scotland, 2010.</unstructured_citation>
</citation>
<citation key="ref-12">
<unstructured_citation>The gm-cphd tracker applied to real and realistic multi- static sonar datasets. IEEE Journal on Oceanic Engineering.</unstructured_citation>
</citation>
<citation key="ref-13">
<unstructured_citation>The GM-CPHD applied to the corrected TNO-Blind, ad- justed SEABAR07 and Metron multi-static sonar datasets. In Signal and Data Processing of Small Targets, Proc. SPIE, vol. 7698, Orlando, FL, 2010.</unstructured_citation>
</citation>
<citation key="ref-14">
<unstructured_citation>Predetection fusion with doppler measurements and ampli- tude information. Accepted to IEEE Journal of Oceanic Engineering, 2011.</unstructured_citation>
</citation>
<citation key="ref-15">
<unstructured_citation>Random finite set markov chain monte carlo predetection fusion applied to multistatic sonar data. Accepted to IEEE Transactions on Aerospace and Electronic Systems, 2011.</unstructured_citation>
</citation>
<citation key="ref-16">
<unstructured_citation>Statistical Signal Processing in Sensor Networks. Ph.D. thesis, University of Connecticut, 2009.</unstructured_citation>
</citation>
<citation key="ref-17">
<unstructured_citation>Analysis of scan and batch processing approaches to static fusion in sensor networks. In Signal and Data Processing of Small Targets, Proc. SPIE, vol. 6969, Orlando, FL, 2008.</unstructured_citation>
</citation>
<citation key="ref-18">
<unstructured_citation>Likelihood surface preprocessing with the JPDA algorithm: Metron data set. In Proceedings of 13th International Conference on Informa- tion Fusion, Edinburgh, Scotland, 2010.</unstructured_citation>
</citation>
<citation key="ref-19">
<unstructured_citation>PDAFAI vs. PDAFAIwTS: TNO Blind dataset and SEABAR 07. In Proceedings of 12th International Conference on Informa- tion Fusion, Seattle, WA, 2009.</unstructured_citation>
</citation>
<citation key="ref-20">
<unstructured_citation>Multitarget Bayes filtering via first-order multitarget mo- ments. IEEE Transactions on Aerospace and Electronic Systems, 39, 4 (2003), 1152—1178.</unstructured_citation>
</citation>
<citation key="ref-21">
<unstructured_citation>The multisensor PHD filter: I. General solution via multi- target calculus. In Signal Processing, Sensor Fusion and Target Recognition XVIII, Proc. SPIE, vol. 7336, 2009.</unstructured_citation>
</citation>
<citation key="ref-22">
<unstructured_citation>The multisensor PHD filter: II. Erroneous solution via Poisson magic. In Signal Processing, Sensor Fusion and Target Recognition XVIII, Proc. SPIE, vol. 7336, 2009.</unstructured_citation>
</citation>
<citation key="ref-23">
<unstructured_citation>Description of the Metron simulation dataset for MSTWG. 2009.</unstructured_citation>
</citation>
<citation key="ref-24">
<unstructured_citation>Multidimensional assignment formulation of data associ- ation problems arising from multitarget and multisensor tracking. Computational Optimization and Applications, 3 (1994), 27— 57.</unstructured_citation>
</citation>
<citation key="ref-25">
<unstructured_citation>Optimal detection and performance of distributed sensor systems. IEEE Transactions on Aerospace and Electronic Systems, 23 (1987), 24—30.</unstructured_citation>
</citation>
<citation key="ref-26">
<unstructured_citation>Probabilistic multi-hypothesis tracking. Technical Report 10428, Naval Undersea Warfare Center, 1995.</unstructured_citation>
</citation>
<citation key="ref-27">
<unstructured_citation>Detection with distributed sensors. IEEE Transactions on Aerospace and Electronic Systems, 17 (1981), 501—510.</unstructured_citation>
</citation>
<citation key="ref-28">
<unstructured_citation>Decentralized detection. In Advances in Statistical Signal Processing, Vol. 2–Signal Detection, 1993, 297—344.</unstructured_citation>
</citation>
<citation key="ref-29">
<unstructured_citation>Extremal properties of likelihood ratio quantizers. IEEE Trans. Commun., 41, 4 (1993), 98—101.</unstructured_citation>
</citation>
<citation key="ref-30">
<unstructured_citation>Optimum quantization for detector fusion: Some proofs, examples and pathology. Journal of the Franklin Institute, 336, 2 (1999), 323—359.</unstructured_citation>
</citation>
<citation key="ref-31">
<unstructured_citation>PMHT: Problems and some solutions. IEEE Transactions on Aerospace and Electronic Systems, 38, 4 (2002), 738—754. PREDETECTION FUSION IN LARGE SENSOR NETWORKS WITH UNKNOWN TARGET LOCATIONS 75 Ramona Georgescu received her B.A.s in computer science and physics from Connecticut College in 2004 and her M.Sc. in electrical engineering from Boston University in 2007. She is currently a Ph.D. candidate in the Electrical and Computer Engineering Department at the University of Connecticut, working under the direction of Dr.</unstructured_citation>
</citation>
</citation_list>
</journal_article>
</journal>
</body>
</doi_batch>