<doi_batch xmlns="http://www.crossref.org/schema/4.3.7" xmlns:xsi="http://www.w3.org/2001/XMLSchema-instance" version="4.3.7" xsi:schemaLocation="http://www.crossref.org/schema/4.3.7 http://www.crossref.org/schema/deposit/crossref4.3.7.xsd">
<head>
<doi_batch_id></doi_batch_id>
<timestamp>1639242195.0248747</timestamp>
<depositor>
<depositor_name></depositor_name>
<email_address></email_address>
</depositor>
<registrant>WEB-FORM</registrant>
</head>
<body>
<journal>
<journal_metadata>
<full_title>Journal of Advances in Information Fusion</full_title>
<abbrev_title>JAIF</abbrev_title>
<issn media_type="print">1557-6418</issn>
</journal_metadata>
<journal_issue>
<publication_date media_type="print">
<month>June</month>
<day></day>
<year>2012</year>
</publication_date>
<journal_volume>
<volume>7</volume>
</journal_volume>
<issue>1</issue>
</journal_issue>
<journal_article publication_type="full_text">
<titles>
<title>Profile-Free Launch Point Estimation for Ballistic Targets using Passive Sensors   [1]</title>
</titles>
<contributors>
<person_name sequence="first" contributor_role="author">
<given_name>Ratnasingham </given_name>
<surname>Tharmarasa</surname>
<ORCID></ORCID>
</person_name>
<person_name sequence="first" contributor_role="author">
<given_name>Thiagalingam Kirubarajan</given_name>
<surname></surname>
<ORCID></ORCID>
</person_name>
<person_name sequence="first" contributor_role="author">
<given_name>Nandakumaran </given_name>
<surname>Nadarajah</surname>
<ORCID></ORCID>
</person_name>
<person_name sequence="first" contributor_role="author">
<given_name>Yaakov </given_name>
<surname>Bar-Shalom</surname>
<ORCID></ORCID>
</person_name>
<person_name sequence="first" contributor_role="author">
<given_name>Thayananthan </given_name>
<surname>Thayaparan</surname>
<ORCID></ORCID>
</person_name>
</contributors>
<publication_date media_type="print">
<month>June</month>
<day></day>
<year>2012</year>
</publication_date>
<pages>
<first_page>46</first_page>
<last_page>60</last_page>
</pages>
<citation_list>
<citation key="ref-1">
<unstructured_citation>Y. Bar-Shalom, P. K. Willett, and X. Tian Tracking and Data Fusion. Storrs, CT: YBS Publishing, 2011.</unstructured_citation>
</citation>
<citation key="ref-2">
<unstructured_citation>Estimation with Applications to Tracking and Navigation. New York: Wiley, 2001.</unstructured_citation>
</citation>
<citation key="ref-3">
<unstructured_citation>Tracking of a ballistic missile with a-priori information. IEEE Transactions on Aerospace and Electronic Systems, 43, 3 (July 2007), 1000—1016.</unstructured_citation>
</citation>
<citation key="ref-4">
<unstructured_citation>Private communication from NSWC Dahlgren Division, VA, 1995, 1997. PROFILE-FREE LAUNCH POINT ESTIMATION FOR BALLISTIC TARGETS USING PASSIVE SENSORS 57</unstructured_citation>
</citation>
<citation key="ref-5">
<unstructured_citation>Space-based tactical ballistic missile launch parameter es- timation. IEEE Transactions on Aerospace and Electronic Systems, 29, 2 (Apr. 1993), 412—424.</unstructured_citation>
</citation>
<citation key="ref-6">
<unstructured_citation>Classification and launch-impact point prediction of ballis- tic target via multiple model maximum likelihood estimator (MM-MLE). In Proceedings of the IEEE Conference on Radar, Verona, NY, Apr. 2006.</unstructured_citation>
</citation>
<citation key="ref-7">
<unstructured_citation>Interacting multiple model filter for tactical ballistic missile tracking. IEEE Transactions on Aerospace and Electronic Systems, 44, 2 (Apr. 2008), 418—426.</unstructured_citation>
</citation>
<citation key="ref-8">
<unstructured_citation>Multisensor resource deployment using posterior Cramér- Rao bounds. IEEE Transactions on Aerospace and Electronic Systems, 40, 2 (Apr. 2004), 399—416.</unstructured_citation>
</citation>
<citation key="ref-9">
<unstructured_citation>An algorithm for constrained nonlinear least squares. Journal of the Institute of Mathematics and Its Applications, 23, 4 (1979), 449—463.</unstructured_citation>
</citation>
<citation key="ref-10">
<unstructured_citation>Studies in trajectory tracking and launch point determina- tion for ballistic missile defense. In Proceedings of SPIE Conference on Signal and Data Processing of Small Targets, 6236-0Y, Orlando, FL, Apr. 2006.</unstructured_citation>
</citation>
<citation key="ref-11">
<unstructured_citation>A survey of maneuvering target tracking–Part II: ballistic target models. Proceedings of SPIE Conference on Signal and Data Pro- cessing of Small Targets, San Diego, CA, Aug. 2001.</unstructured_citation>
</citation>
<citation key="ref-12">
<unstructured_citation>Trajectory and launch point estimation for ballistic missiles based on boost-phase LOS measurements. In Proceedings of the IEEE Aerospace Conference, Snow- mass, CO, Mar. 1999, 425—442.</unstructured_citation>
</citation>
<citation key="ref-13">
<unstructured_citation>Minimum variance missile launch and impact estimation by fusing observations from multiple sensors. In Proceedings of the IEEE Aerospace Conference, 3, Aspen, CO, Feb. 1997, 309—320.</unstructured_citation>
</citation>
<citation key="ref-14">
<unstructured_citation>Estimation of launch and impact points of a flight trajectory using U-D Kalman filter/smoother. Defence Science Journal, 56, 4 (Oct. 2006), 451—463.</unstructured_citation>
</citation>
<citation key="ref-15">
<unstructured_citation>and T. Kirubarajan Interacting multiple model forward filtering and backward smoothing for maneuvering target tracking. In Proceedings of SPIE Conference on Signal and Data Processing of Small Targets, 7445-03, San Diego, CA, Aug. 2009.</unstructured_citation>
</citation>
<citation key="ref-16">
<unstructured_citation>Projectile launch point estimation from radar measure- ments. In Proceedings of the American Control Conference, 2, Port- land, OR, June 2005, 1275—1282.</unstructured_citation>
</citation>
<citation key="ref-17">
<unstructured_citation>Statistical efficiency of composite position measurements from passive sensors. In Proceedings of SPIE Conference on Signal Processing, Sensor Fusion and Target Recognition, 8050-07, Orlando, FL, Apr. 2011.</unstructured_citation>
</citation>
<citation key="ref-18">
<unstructured_citation>Constrained Kalman filtering using pseudo-measurements. In Proceedings of the IEE Colloquium on Algorithms for Target Tracking, London, UK, May 1995.</unstructured_citation>
</citation>
<citation key="ref-19">
<unstructured_citation>Filtering, predictive, and smoothing Cramer-Rao bounds for discrete-time nonlinear dynamic systems. Automatica, 37 (2001), 1703—1716.</unstructured_citation>
</citation>
<citation key="ref-20">
<unstructured_citation>Detection, Estimation and Modulation Theory, Vol. I. New York: Wiley, 1968.</unstructured_citation>
</citation>
<citation key="ref-21">
<unstructured_citation>Boost phase tracking with an unscented filter. In Proceedings of SPIE Conference on Signal and Data Processing of Small Targets, 4728, Orlando, FL, Apr. 2002, 263—274.</unstructured_citation>
</citation>
<citation key="ref-22">
<unstructured_citation>Boost phase filtering options: is simpler better? Submitted to AIAA J-G&C, 2010. 58 JOURNAL OF ADVANCES IN INFORMATION FUSION VOL. 7, NO. 1 JUNE 2012</unstructured_citation>
</citation>
</citation_list>
</journal_article>
</journal>
</body>
</doi_batch>